[Licensing::Module] Trying to connect to existing licensing client channel...
Built from '6000.3/staging' branch; Version is '6000.3.9f1 (7a9955a4f2fa) revision 8034645'; Using compiler version '194234433'; Build Type 'Release'
OS: 'Windows 11  (10.0.26200) Professional' Language: 'pt' Physical Memory: 14020 MB
[Licensing::IpcConnector] Successfully connected to: "LicenseClient-Elenilson" at "2026-05-30T22:33:46.914703Z"
BatchMode: 1, IsHumanControllingUs: 0, StartBugReporterOnCrash: 0, Is64bit: 1
System  architecture: x64
Process architecture: x64
Date: 2026-05-30T22:33:46Z

COMMAND LINE ARGUMENTS:
C:\Program Files\Unity\Hub\Editor\6000.3.9f1\Editor\Unity.exe
-adb2
-batchMode
-noUpm
-name
AssetImportWorker1
-projectPath
C:/Users/Elenilson/Downloads/A-Extraordinaria-Mente-de-Arthur--main/A-Extraordinaria-Mente-de-Arthur--main
-logFile
Logs/AssetImportWorker1.log
-srvPort
49675
-licensingIpc
LicenseClient-Elenilson
-job-worker-count
7
-background-job-worker-count
8
-gc-helper-count
1
-name
AssetImport
Successfully changed project path to: C:/Users/Elenilson/Downloads/A-Extraordinaria-Mente-de-Arthur--main/A-Extraordinaria-Mente-de-Arthur--main
C:/Users/Elenilson/Downloads/A-Extraordinaria-Mente-de-Arthur--main/A-Extraordinaria-Mente-de-Arthur--main
[UnityMemory] Configuration Parameters - Can be set up in boot.config
    "memorysetup-temp-allocator-size-nav-mesh-worker=65536"
    "memorysetup-temp-allocator-size-audio-worker=65536"
    "memorysetup-temp-allocator-size-gfx=262144"
    "memorysetup-allocator-temp-initial-block-size-main=262144"
    "memorysetup-allocator-temp-initial-block-size-worker=262144"
    "memorysetup-temp-allocator-size-background-worker=32768"
    "memorysetup-temp-allocator-size-job-worker=262144"
    "memorysetup-temp-allocator-size-preload-manager=33554432"
    "memorysetup-temp-allocator-size-gi-baking-worker=262144"
    "memorysetup-temp-allocator-size-gi-baking-worker=262144"
    "memorysetup-temp-allocator-size-gi-baking-worker=262144"
    "memorysetup-temp-allocator-size-gi-baking-worker=262144"
    "memorysetup-temp-allocator-size-gi-baking-worker=262144"
    "memorysetup-bucket-allocator-granularity=16"
    "memorysetup-bucket-allocator-bucket-count=8"
    "memorysetup-bucket-allocator-block-size=33554432"
    "memorysetup-bucket-allocator-block-count=8"
    "memorysetup-main-allocator-block-size=16777216"
    "memorysetup-thread-allocator-block-size=16777216"
    "memorysetup-gfx-main-allocator-block-size=16777216"
    "memorysetup-gfx-thread-allocator-block-size=16777216"
    "memorysetup-cache-allocator-block-size=4194304"
    "memorysetup-typetree-allocator-block-size=2097152"
    "memorysetup-profiler-bucket-allocator-granularity=16"
    "memorysetup-profiler-bucket-allocator-bucket-count=8"
    "memorysetup-profiler-bucket-allocator-block-size=33554432"
    "memorysetup-profiler-bucket-allocator-block-count=8"
    "memorysetup-profiler-allocator-block-size=16777216"
    "memorysetup-profiler-editor-allocator-block-size=1048576"
    "memorysetup-temp-allocator-size-main=16777216"
    "memorysetup-job-temp-allocator-block-size=2097152"
    "memorysetup-job-temp-allocator-block-size-background=1048576"
    "memorysetup-job-temp-allocator-reduction-small-platforms=262144"
    "memorysetup-temp-allocator-size-cloud-worker=32768"
Player connection [7592]  Target information:

Player connection [7592]  * "[IP] 26.253.171.247 [Port] 0 [Flags] 2 [Guid] 802028994 [EditorId] 802028994 [Version] 1048832 [Id] WindowsEditor(7,NLN-NINO) [Debug] 1 [PackageName] WindowsEditor [ProjectName] Editor" 

Player connection [7592]  * "[IP] 172.16.5.25 [Port] 0 [Flags] 2 [Guid] 802028994 [EditorId] 802028994 [Version] 1048832 [Id] WindowsEditor(7,NLN-NINO) [Debug] 1 [PackageName] WindowsEditor [ProjectName] Editor" 

Player connection [7592] Host joined multi-casting on [225.0.0.222:54997]...
Player connection [7592] Host joined alternative multi-casting on [225.0.0.222:34997]...
JobSystem: Creating JobQueue using job-worker-count value 7
Input System module state changed to: Initialized.
[Physics::Module] Initialized fallback backend.
[Physics::Module] Id: 0xdecafbad
Library Redirect Path: Library/
[Physics::Module] Selected backend.
[Physics::Module] Name: PhysX
[Physics::Module] Id: 0xf2b8ea05
[Physics::Module] SDK Version: 4.1.2
[Physics::Module] Integration Version: 1.0.0
[Physics::Module] Threading Mode: Multi-Threaded
Refreshing native plugins compatible for Editor in 10.48 ms, found 4 plugins.
Preloading 0 native plugins for Editor in 0.00 ms.
Initialize engine version: 6000.3.9f1 (7a9955a4f2fa)
[Subsystems] Discovering subsystems at path C:/Program Files/Unity/Hub/Editor/6000.3.9f1/Editor/Data/Resources/UnitySubsystems
[Subsystems] Discovering subsystems at path C:/Users/Elenilson/Downloads/A-Extraordinaria-Mente-de-Arthur--main/A-Extraordinaria-Mente-de-Arthur--main/Assets
GfxDevice: creating device client; kGfxThreadingModeNonThreaded
Direct3D:
    Version:  Direct3D 11.0 [level 11.1]
    Renderer: AMD Radeon(TM) Graphics (ID=0x1681)
    Vendor:   ATI
    VRAM:     7010 MB
    Driver:   32.0.21030.5005
Initialize mono
Mono path[0] = 'C:/Program Files/Unity/Hub/Editor/6000.3.9f1/Editor/Data/Managed'
Mono path[1] = 'C:/Program Files/Unity/Hub/Editor/6000.3.9f1/Editor/Data/MonoBleedingEdge/lib/mono/unityjit-win32'
Mono config path = 'C:/Program Files/Unity/Hub/Editor/6000.3.9f1/Editor/Data/MonoBleedingEdge/etc'
Using monoOptions --debugger-agent=transport=dt_socket,embedding=1,server=y,suspend=n,address=127.0.0.1:56780
Begin MonoManager ReloadAssembly
Registering precompiled unity dll's ...
Register platform support module: C:/Program Files/Unity/Hub/Editor/6000.3.9f1/Editor/Data/PlaybackEngines/WindowsStandaloneSupport/UnityEditor.WindowsStandalone.Extensions.dll
Registered in 0.002843 seconds.
- Loaded All Assemblies, in  0.546 seconds
Native extension for WindowsStandalone target not found
[Licensing::Client] Handshaking with LicensingClient:
  Version:                 1.17.4+4293ba1
  Session Id:              0dd64cd5f93f4bde944d16e01318a5c2
  Correlation Id:          bdbb7ed2c962dfdc5ecff7c04c75e030
  External correlation Id: 7074707076433560426
  Machine Id:              YLoIGDo08lMF7N9gpbHRNNrDE4o=
[Licensing::Module] Successfully connected to LicensingClient on channel: "LicenseClient-Elenilson" (connect: 0.00s, validation: 0.00s, handshake: 1.50s)
[Licensing::IpcConnector] Successfully connected to: "LicenseClient-Elenilson-notifications" at "2026-05-30T22:33:48.4199264Z"
[Licensing::Module] Licensing Background thread has ended after 1.51s
ScheduleIndexationOnStartup MainProcess:False IndexOnStartup:True
Mono: successfully reloaded assembly
- Finished resetting the current domain, in  0.567 seconds
Domain Reload Profiling: 1110ms
	BeginReloadAssembly (171ms)
		ExecutionOrderSort (0ms)
		DisableScriptedObjects (0ms)
		BackupInstance (0ms)
		ReleaseScriptingObjects (0ms)
		CreateAndSetChildDomain (1ms)
	RebuildCommonClasses (52ms)
	RebuildNativeTypeToScriptingClass (14ms)
	initialDomainReloadingComplete (63ms)
	LoadAllAssembliesAndSetupDomain (242ms)
		LoadAssemblies (166ms)
		RebuildTransferFunctionScriptingTraits (0ms)
		AnalyzeDomain (239ms)
			TypeCache.Refresh (237ms)
				TypeCache.ScanAssembly (219ms)
			BuildScriptInfoCaches (0ms)
			ResolveRequiredComponents (1ms)
	FinalizeReload (568ms)
		ReleaseScriptCaches (0ms)
		RebuildScriptCaches (0ms)
		SetupLoadedEditorAssemblies (507ms)
			LogAssemblyErrors (0ms)
			InitializePlatformSupportModulesInManaged (63ms)
			SetLoadedEditorAssemblies (5ms)
			BeforeProcessingInitializeOnLoad (107ms)
			ProcessInitializeOnLoadAttributes (227ms)
			ProcessInitializeOnLoadMethodAttributes (105ms)
			AfterProcessingInitializeOnLoad (0ms)
			EditorAssembliesLoaded (0ms)
		ExecutionOrderSort2 (0ms)
		AwakeInstancesAfterBackupRestoration (0ms)
========================================================================
Worker process is ready to serve import requests
Import Worker Mode flag is 0x00
Begin MonoManager ReloadAssembly
[Licensing::Client] Successfully resolved entitlement details
[Licensing::Module] License group:
  Id: 4672957550731-UnityPersXXXX
  Product: Unity Personal
  Type: Assigned
  Expiration: Unlimited
DirectoryNotFoundException: Could not find a part of the path "C:\Users\Elenilson\Downloads\A-Extraordinaria-Mente-de-Arthur--main\A-Extraordinaria-Mente-de-Arthur--main\Library\PackageCache\com.unity.collections@aea9d3bd5e19\Unity.Collections.Tests\System.Runtime.CompilerServices.Unsafe\System.Runtime.CompilerServices.Unsafe.dll"
  at System.IO.FileStream..ctor (System.String path, System.IO.FileMode mode, System.IO.FileAccess access, System.IO.FileShare share, System.Int32 bufferSize, System.Boolean anonymous, System.IO.FileOptions options) [0x0019e] in <1eb9db207454431c84a47bcd81e79c37>:0 
  at System.IO.FileStream..ctor (System.String path, System.IO.FileMode mode, System.IO.FileAccess access, System.IO.FileShare share) [0x00000] in <1eb9db207454431c84a47bcd81e79c37>:0 
  at (wrapper remoting-invoke-with-check) System.IO.FileStream..ctor(string,System.IO.FileMode,System.IO.FileAccess,System.IO.FileShare)
  at Mono.Cecil.ModuleDefinition.GetFileStream (System.String fileName, System.IO.FileMode mode, System.IO.FileAccess access, System.IO.FileShare share) [0x00006] in <4e339395f8074c75847e518298d9c5fd>:0 
  at Mono.Cecil.ModuleDefinition.ReadModule (System.String fileName, Mono.Cecil.ReaderParameters parameters) [0x00008] in <4e339395f8074c75847e518298d9c5fd>:0 
  at Mono.Cecil.AssemblyDefinition.ReadAssembly (System.String fileName, Mono.Cecil.ReaderParameters parameters) [0x00000] in <4e339395f8074c75847e518298d9c5fd>:0 
  at UnityEditor.AssemblyValidation.LoadAssemblyDefinitions (System.String[] assemblyPaths, System.String[] searchPaths) [0x00048] in <5016c3a47c2a4a0cbfa8e12eb592279b>:0 
  at UnityEditor.AssemblyValidation.ValidateAssemblies (System.String[] assemblyPaths, System.Boolean enableLogging) [0x00007] in <5016c3a47c2a4a0cbfa8e12eb592279b>:0 

- Loaded All Assemblies, in  0.789 seconds
Refreshing native plugins compatible for Editor in 2.05 ms, found 4 plugins.
Native extension for WindowsStandalone target not found
Package Manager log level set to [2]
[Package Manager] Failed to launch server process. Reason: Unity was launched with the -noUpm command-line argument
[Package Manager] Unable to send message (not connected to server process).
[Package Manager] Cannot connect to Unity Package Manager local server
ScheduleIndexationOnStartup MainProcess:False IndexOnStartup:True
Mono: successfully reloaded assembly
- Finished resetting the current domain, in  1.044 seconds
Domain Reload Profiling: 1825ms
	BeginReloadAssembly (186ms)
		ExecutionOrderSort (0ms)
		DisableScriptedObjects (6ms)
		BackupInstance (0ms)
		ReleaseScriptingObjects (0ms)
		CreateAndSetChildDomain (35ms)
	RebuildCommonClasses (34ms)
	RebuildNativeTypeToScriptingClass (11ms)
	initialDomainReloadingComplete (41ms)
	LoadAllAssembliesAndSetupDomain (509ms)
		LoadAssemblies (264ms)
		RebuildTransferFunctionScriptingTraits (0ms)
		AnalyzeDomain (340ms)
			TypeCache.Refresh (227ms)
				TypeCache.ScanAssembly (210ms)
			BuildScriptInfoCaches (100ms)
			ResolveRequiredComponents (9ms)
	FinalizeReload (1045ms)
		ReleaseScriptCaches (0ms)
		RebuildScriptCaches (0ms)
		SetupLoadedEditorAssemblies (879ms)
			LogAssemblyErrors (0ms)
			InitializePlatformSupportModulesInManaged (2ms)
			SetLoadedEditorAssemblies (6ms)
			BeforeProcessingInitializeOnLoad (226ms)
			ProcessInitializeOnLoadAttributes (512ms)
			ProcessInitializeOnLoadMethodAttributes (124ms)
			AfterProcessingInitializeOnLoad (8ms)
			EditorAssembliesLoaded (0ms)
		ExecutionOrderSort2 (0ms)
		AwakeInstancesAfterBackupRestoration (6ms)
Launched and connected shader compiler UnityShaderCompiler.exe after 0.02 seconds
Refreshing native plugins compatible for Editor in 2.87 ms, found 4 plugins.
Preloading 0 native plugins for Editor in 0.00 ms.
Unloading 16 Unused Serialized files (Serialized files now loaded: 0)
Unloading 6924 unused Assets / (4.6 MB). Loaded Objects now: 7758.
Memory consumption went from 155.7 MB to 151.1 MB.
Total: 10.202000 ms (FindLiveObjects: 0.932600 ms CreateObjectMapping: 0.491900 ms MarkObjects: 6.377900 ms  DeleteObjects: 2.398700 ms)

========================================================================
Received Prepare
Begin MonoManager ReloadAssembly
[Licensing::Client] Successfully resolved entitlement details
DirectoryNotFoundException: Could not find a part of the path "C:\Users\Elenilson\Downloads\A-Extraordinaria-Mente-de-Arthur--main\A-Extraordinaria-Mente-de-Arthur--main\Library\PackageCache\com.unity.collections@aea9d3bd5e19\Unity.Collections.Tests\System.Runtime.CompilerServices.Unsafe\System.Runtime.CompilerServices.Unsafe.dll"
  at System.IO.FileStream..ctor (System.String path, System.IO.FileMode mode, System.IO.FileAccess access, System.IO.FileShare share, System.Int32 bufferSize, System.Boolean anonymous, System.IO.FileOptions options) [0x0019e] in <1eb9db207454431c84a47bcd81e79c37>:0 
  at System.IO.FileStream..ctor (System.String path, System.IO.FileMode mode, System.IO.FileAccess access, System.IO.FileShare share) [0x00000] in <1eb9db207454431c84a47bcd81e79c37>:0 
  at (wrapper remoting-invoke-with-check) System.IO.FileStream..ctor(string,System.IO.FileMode,System.IO.FileAccess,System.IO.FileShare)
  at Mono.Cecil.ModuleDefinition.GetFileStream (System.String fileName, System.IO.FileMode mode, System.IO.FileAccess access, System.IO.FileShare share) [0x00006] in <4e339395f8074c75847e518298d9c5fd>:0 
  at Mono.Cecil.ModuleDefinition.ReadModule (System.String fileName, Mono.Cecil.ReaderParameters parameters) [0x00008] in <4e339395f8074c75847e518298d9c5fd>:0 
  at Mono.Cecil.AssemblyDefinition.ReadAssembly (System.String fileName, Mono.Cecil.ReaderParameters parameters) [0x00000] in <4e339395f8074c75847e518298d9c5fd>:0 
  at UnityEditor.AssemblyValidation.LoadAssemblyDefinitions (System.String[] assemblyPaths, System.String[] searchPaths) [0x00048] in <5016c3a47c2a4a0cbfa8e12eb592279b>:0 
  at UnityEditor.AssemblyValidation.ValidateAssemblies (System.String[] assemblyPaths, System.Boolean enableLogging) [0x00007] in <5016c3a47c2a4a0cbfa8e12eb592279b>:0 

- Loaded All Assemblies, in  0.792 seconds
Refreshing native plugins compatible for Editor in 2.61 ms, found 4 plugins.
Native extension for WindowsStandalone target not found
[Package Manager] Failed to launch server process. Reason: Unity was launched with the -noUpm command-line argument
[Package Manager] Unable to send message (not connected to server process).
[Package Manager] Cannot connect to Unity Package Manager local server
ScheduleIndexationOnStartup MainProcess:False IndexOnStartup:True
Mono: successfully reloaded assembly
- Finished resetting the current domain, in  1.201 seconds
Domain Reload Profiling: 1986ms
	BeginReloadAssembly (257ms)
		ExecutionOrderSort (0ms)
		DisableScriptedObjects (17ms)
		BackupInstance (0ms)
		ReleaseScriptingObjects (0ms)
		CreateAndSetChildDomain (62ms)
	RebuildCommonClasses (42ms)
	RebuildNativeTypeToScriptingClass (15ms)
	initialDomainReloadingComplete (41ms)
	LoadAllAssembliesAndSetupDomain (430ms)
		LoadAssemblies (291ms)
		RebuildTransferFunctionScriptingTraits (0ms)
		AnalyzeDomain (249ms)
			TypeCache.Refresh (7ms)
				TypeCache.ScanAssembly (0ms)
			BuildScriptInfoCaches (228ms)
			ResolveRequiredComponents (10ms)
	FinalizeReload (1202ms)
		ReleaseScriptCaches (0ms)
		RebuildScriptCaches (0ms)
		SetupLoadedEditorAssemblies (1015ms)
			LogAssemblyErrors (0ms)
			InitializePlatformSupportModulesInManaged (2ms)
			SetLoadedEditorAssemblies (7ms)
			BeforeProcessingInitializeOnLoad (214ms)
			ProcessInitializeOnLoadAttributes (655ms)
			ProcessInitializeOnLoadMethodAttributes (125ms)
			AfterProcessingInitializeOnLoad (12ms)
			EditorAssembliesLoaded (1ms)
		ExecutionOrderSort2 (0ms)
		AwakeInstancesAfterBackupRestoration (24ms)
Refreshing native plugins compatible for Editor in 3.38 ms, found 4 plugins.
Preloading 0 native plugins for Editor in 0.00 ms.
Unloading 16 Unused Serialized files (Serialized files now loaded: 0)
Unloading 6922 unused Assets / (5.1 MB). Loaded Objects now: 7762.
Memory consumption went from 156.5 MB to 151.4 MB.
Total: 17.830700 ms (FindLiveObjects: 1.008500 ms CreateObjectMapping: 1.409400 ms MarkObjects: 11.312300 ms  DeleteObjects: 4.099000 ms)

Prepare: number of updated asset objects reloaded= 0
========================================================================
Received Prepare
Begin MonoManager ReloadAssembly
DirectoryNotFoundException: Could not find a part of the path "C:\Users\Elenilson\Downloads\A-Extraordinaria-Mente-de-Arthur--main\A-Extraordinaria-Mente-de-Arthur--main\Library\PackageCache\com.unity.collections@aea9d3bd5e19\Unity.Collections.Tests\System.Runtime.CompilerServices.Unsafe\System.Runtime.CompilerServices.Unsafe.dll"
  at System.IO.FileStream..ctor (System.String path, System.IO.FileMode mode, System.IO.FileAccess access, System.IO.FileShare share, System.Int32 bufferSize, System.Boolean anonymous, System.IO.FileOptions options) [0x0019e] in <1eb9db207454431c84a47bcd81e79c37>:0 
  at System.IO.FileStream..ctor (System.String path, System.IO.FileMode mode, System.IO.FileAccess access, System.IO.FileShare share) [0x00000] in <1eb9db207454431c84a47bcd81e79c37>:0 
  at (wrapper remoting-invoke-with-check) System.IO.FileStream..ctor(string,System.IO.FileMode,System.IO.FileAccess,System.IO.FileShare)
  at Mono.Cecil.ModuleDefinition.GetFileStream (System.String fileName, System.IO.FileMode mode, System.IO.FileAccess access, System.IO.FileShare share) [0x00006] in <4e339395f8074c75847e518298d9c5fd>:0 
  at Mono.Cecil.ModuleDefinition.ReadModule (System.String fileName, Mono.Cecil.ReaderParameters parameters) [0x00008] in <4e339395f8074c75847e518298d9c5fd>:0 
  at Mono.Cecil.AssemblyDefinition.ReadAssembly (System.String fileName, Mono.Cecil.ReaderParameters parameters) [0x00000] in <4e339395f8074c75847e518298d9c5fd>:0 
  at UnityEditor.AssemblyValidation.LoadAssemblyDefinitions (System.String[] assemblyPaths, System.String[] searchPaths) [0x00048] in <5016c3a47c2a4a0cbfa8e12eb592279b>:0 
  at UnityEditor.AssemblyValidation.ValidateAssemblies (System.String[] assemblyPaths, System.Boolean enableLogging) [0x00007] in <5016c3a47c2a4a0cbfa8e12eb592279b>:0 

- Loaded All Assemblies, in  0.720 seconds
Refreshing native plugins compatible for Editor in 2.31 ms, found 4 plugins.
Native extension for WindowsStandalone target not found
[Package Manager] Failed to launch server process. Reason: Unity was launched with the -noUpm command-line argument
[Package Manager] Unable to send message (not connected to server process).
[Package Manager] Cannot connect to Unity Package Manager local server
ScheduleIndexationOnStartup MainProcess:False IndexOnStartup:True
Mono: successfully reloaded assembly
- Finished resetting the current domain, in  1.117 seconds
Domain Reload Profiling: 1834ms
	BeginReloadAssembly (231ms)
		ExecutionOrderSort (0ms)
		DisableScriptedObjects (14ms)
		BackupInstance (0ms)
		ReleaseScriptingObjects (0ms)
		CreateAndSetChildDomain (56ms)
	RebuildCommonClasses (41ms)
	RebuildNativeTypeToScriptingClass (12ms)
	initialDomainReloadingComplete (34ms)
	LoadAllAssembliesAndSetupDomain (398ms)
		LoadAssemblies (273ms)
		RebuildTransferFunctionScriptingTraits (0ms)
		AnalyzeDomain (224ms)
			TypeCache.Refresh (6ms)
				TypeCache.ScanAssembly (0ms)
			BuildScriptInfoCaches (205ms)
			ResolveRequiredComponents (9ms)
	FinalizeReload (1118ms)
		ReleaseScriptCaches (0ms)
		RebuildScriptCaches (0ms)
		SetupLoadedEditorAssemblies (936ms)
			LogAssemblyErrors (0ms)
			InitializePlatformSupportModulesInManaged (2ms)
			SetLoadedEditorAssemblies (7ms)
			BeforeProcessingInitializeOnLoad (213ms)
			ProcessInitializeOnLoadAttributes (611ms)
			ProcessInitializeOnLoadMethodAttributes (94ms)
			AfterProcessingInitializeOnLoad (9ms)
			EditorAssembliesLoaded (0ms)
		ExecutionOrderSort2 (0ms)
		AwakeInstancesAfterBackupRestoration (19ms)
Refreshing native plugins compatible for Editor in 2.67 ms, found 4 plugins.
Preloading 0 native plugins for Editor in 0.00 ms.
Unloading 16 Unused Serialized files (Serialized files now loaded: 0)
Unloading 6922 unused Assets / (5.0 MB). Loaded Objects now: 7765.
Memory consumption went from 156.5 MB to 151.5 MB.
Total: 15.401300 ms (FindLiveObjects: 0.850400 ms CreateObjectMapping: 1.290400 ms MarkObjects: 9.722100 ms  DeleteObjects: 3.536800 ms)

Prepare: number of updated asset objects reloaded= 0
========================================================================
Received Prepare
Begin MonoManager ReloadAssembly
[Licensing::Client] Successfully resolved entitlement details
DirectoryNotFoundException: Could not find a part of the path "C:\Users\Elenilson\Downloads\A-Extraordinaria-Mente-de-Arthur--main\A-Extraordinaria-Mente-de-Arthur--main\Library\PackageCache\com.unity.collections@aea9d3bd5e19\Unity.Collections.Tests\System.Runtime.CompilerServices.Unsafe\System.Runtime.CompilerServices.Unsafe.dll"
  at System.IO.FileStream..ctor (System.String path, System.IO.FileMode mode, System.IO.FileAccess access, System.IO.FileShare share, System.Int32 bufferSize, System.Boolean anonymous, System.IO.FileOptions options) [0x0019e] in <1eb9db207454431c84a47bcd81e79c37>:0 
  at System.IO.FileStream..ctor (System.String path, System.IO.FileMode mode, System.IO.FileAccess access, System.IO.FileShare share) [0x00000] in <1eb9db207454431c84a47bcd81e79c37>:0 
  at (wrapper remoting-invoke-with-check) System.IO.FileStream..ctor(string,System.IO.FileMode,System.IO.FileAccess,System.IO.FileShare)
  at Mono.Cecil.ModuleDefinition.GetFileStream (System.String fileName, System.IO.FileMode mode, System.IO.FileAccess access, System.IO.FileShare share) [0x00006] in <4e339395f8074c75847e518298d9c5fd>:0 
  at Mono.Cecil.ModuleDefinition.ReadModule (System.String fileName, Mono.Cecil.ReaderParameters parameters) [0x00008] in <4e339395f8074c75847e518298d9c5fd>:0 
  at Mono.Cecil.AssemblyDefinition.ReadAssembly (System.String fileName, Mono.Cecil.ReaderParameters parameters) [0x00000] in <4e339395f8074c75847e518298d9c5fd>:0 
  at UnityEditor.AssemblyValidation.LoadAssemblyDefinitions (System.String[] assemblyPaths, System.String[] searchPaths) [0x00048] in <5016c3a47c2a4a0cbfa8e12eb592279b>:0 
  at UnityEditor.AssemblyValidation.ValidateAssemblies (System.String[] assemblyPaths, System.Boolean enableLogging) [0x00007] in <5016c3a47c2a4a0cbfa8e12eb592279b>:0 

- Loaded All Assemblies, in  0.742 seconds
Refreshing native plugins compatible for Editor in 2.34 ms, found 4 plugins.
Native extension for WindowsStandalone target not found
[Package Manager] Failed to launch server process. Reason: Unity was launched with the -noUpm command-line argument
[Package Manager] Unable to send message (not connected to server process).
[Package Manager] Cannot connect to Unity Package Manager local server
ScheduleIndexationOnStartup MainProcess:False IndexOnStartup:True
Mono: successfully reloaded assembly
- Finished resetting the current domain, in  1.139 seconds
Domain Reload Profiling: 1878ms
	BeginReloadAssembly (245ms)
		ExecutionOrderSort (0ms)
		DisableScriptedObjects (15ms)
		BackupInstance (0ms)
		ReleaseScriptingObjects (0ms)
		CreateAndSetChildDomain (58ms)
	RebuildCommonClasses (40ms)
	RebuildNativeTypeToScriptingClass (13ms)
	initialDomainReloadingComplete (41ms)
	LoadAllAssembliesAndSetupDomain (399ms)
		LoadAssemblies (263ms)
		RebuildTransferFunctionScriptingTraits (0ms)
		AnalyzeDomain (243ms)
			TypeCache.Refresh (6ms)
				TypeCache.ScanAssembly (0ms)
			BuildScriptInfoCaches (223ms)
			ResolveRequiredComponents (9ms)
	FinalizeReload (1140ms)
		ReleaseScriptCaches (0ms)
		RebuildScriptCaches (0ms)
		SetupLoadedEditorAssemblies (956ms)
			LogAssemblyErrors (0ms)
			InitializePlatformSupportModulesInManaged (2ms)
			SetLoadedEditorAssemblies (6ms)
			BeforeProcessingInitializeOnLoad (200ms)
			ProcessInitializeOnLoadAttributes (629ms)
			ProcessInitializeOnLoadMethodAttributes (108ms)
			AfterProcessingInitializeOnLoad (10ms)
			EditorAssembliesLoaded (1ms)
		ExecutionOrderSort2 (0ms)
		AwakeInstancesAfterBackupRestoration (23ms)
Refreshing native plugins compatible for Editor in 3.05 ms, found 4 plugins.
Preloading 0 native plugins for Editor in 0.00 ms.
Unloading 16 Unused Serialized files (Serialized files now loaded: 0)
Unloading 6922 unused Assets / (5.1 MB). Loaded Objects now: 7768.
Memory consumption went from 156.6 MB to 151.5 MB.
Total: 16.952800 ms (FindLiveObjects: 1.401800 ms CreateObjectMapping: 1.106400 ms MarkObjects: 10.282000 ms  DeleteObjects: 4.160400 ms)

Prepare: number of updated asset objects reloaded= 0
========================================================================
Received Prepare
Refreshing native plugins compatible for Editor in 4.26 ms, found 4 plugins.
Preloading 0 native plugins for Editor in 0.00 ms.
Unloading 16 Unused Serialized files (Serialized files now loaded: 0)
Unloading 6912 unused Assets / (4.5 MB). Loaded Objects now: 7768.
Memory consumption went from 156.7 MB to 152.3 MB.
Total: 12.636700 ms (FindLiveObjects: 1.223700 ms CreateObjectMapping: 0.878000 ms MarkObjects: 7.067300 ms  DeleteObjects: 3.465900 ms)

Prepare: number of updated asset objects reloaded= 0
========================================================================
Received Prepare
Begin MonoManager ReloadAssembly
[Licensing::Client] Successfully resolved entitlement details
DirectoryNotFoundException: Could not find a part of the path "C:\Users\Elenilson\Downloads\A-Extraordinaria-Mente-de-Arthur--main\A-Extraordinaria-Mente-de-Arthur--main\Library\PackageCache\com.unity.collections@aea9d3bd5e19\Unity.Collections.Tests\System.Runtime.CompilerServices.Unsafe\System.Runtime.CompilerServices.Unsafe.dll"
  at System.IO.FileStream..ctor (System.String path, System.IO.FileMode mode, System.IO.FileAccess access, System.IO.FileShare share, System.Int32 bufferSize, System.Boolean anonymous, System.IO.FileOptions options) [0x0019e] in <1eb9db207454431c84a47bcd81e79c37>:0 
  at System.IO.FileStream..ctor (System.String path, System.IO.FileMode mode, System.IO.FileAccess access, System.IO.FileShare share) [0x00000] in <1eb9db207454431c84a47bcd81e79c37>:0 
  at (wrapper remoting-invoke-with-check) System.IO.FileStream..ctor(string,System.IO.FileMode,System.IO.FileAccess,System.IO.FileShare)
  at Mono.Cecil.ModuleDefinition.GetFileStream (System.String fileName, System.IO.FileMode mode, System.IO.FileAccess access, System.IO.FileShare share) [0x00006] in <4e339395f8074c75847e518298d9c5fd>:0 
  at Mono.Cecil.ModuleDefinition.ReadModule (System.String fileName, Mono.Cecil.ReaderParameters parameters) [0x00008] in <4e339395f8074c75847e518298d9c5fd>:0 
  at Mono.Cecil.AssemblyDefinition.ReadAssembly (System.String fileName, Mono.Cecil.ReaderParameters parameters) [0x00000] in <4e339395f8074c75847e518298d9c5fd>:0 
  at UnityEditor.AssemblyValidation.LoadAssemblyDefinitions (System.String[] assemblyPaths, System.String[] searchPaths) [0x00048] in <5016c3a47c2a4a0cbfa8e12eb592279b>:0 
  at UnityEditor.AssemblyValidation.ValidateAssemblies (System.String[] assemblyPaths, System.Boolean enableLogging) [0x00007] in <5016c3a47c2a4a0cbfa8e12eb592279b>:0 

- Loaded All Assemblies, in  0.893 seconds
Refreshing native plugins compatible for Editor in 2.55 ms, found 4 plugins.
Native extension for WindowsStandalone target not found
[Package Manager] Failed to launch server process. Reason: Unity was launched with the -noUpm command-line argument
[Package Manager] Unable to send message (not connected to server process).
[Package Manager] Cannot connect to Unity Package Manager local server
ScheduleIndexationOnStartup MainProcess:False IndexOnStartup:True
Mono: successfully reloaded assembly
- Finished resetting the current domain, in  0.883 seconds
Domain Reload Profiling: 1769ms
	BeginReloadAssembly (275ms)
		ExecutionOrderSort (0ms)
		DisableScriptedObjects (15ms)
		BackupInstance (0ms)
		ReleaseScriptingObjects (0ms)
		CreateAndSetChildDomain (62ms)
	RebuildCommonClasses (51ms)
	RebuildNativeTypeToScriptingClass (22ms)
	initialDomainReloadingComplete (38ms)
	LoadAllAssembliesAndSetupDomain (500ms)
		LoadAssemblies (325ms)
		RebuildTransferFunctionScriptingTraits (0ms)
		AnalyzeDomain (300ms)
			TypeCache.Refresh (12ms)
				TypeCache.ScanAssembly (1ms)
			BuildScriptInfoCaches (275ms)
			ResolveRequiredComponents (9ms)
	FinalizeReload (884ms)
		ReleaseScriptCaches (0ms)
		RebuildScriptCaches (0ms)
		SetupLoadedEditorAssemblies (707ms)
			LogAssemblyErrors (0ms)
			InitializePlatformSupportModulesInManaged (2ms)
			SetLoadedEditorAssemblies (7ms)
			BeforeProcessingInitializeOnLoad (176ms)
			ProcessInitializeOnLoadAttributes (439ms)
			ProcessInitializeOnLoadMethodAttributes (73ms)
			AfterProcessingInitializeOnLoad (9ms)
			EditorAssembliesLoaded (0ms)
		ExecutionOrderSort2 (0ms)
		AwakeInstancesAfterBackupRestoration (14ms)
Refreshing native plugins compatible for Editor in 2.10 ms, found 4 plugins.
Preloading 0 native plugins for Editor in 0.00 ms.
Unloading 16 Unused Serialized files (Serialized files now loaded: 0)
Unloading 6922 unused Assets / (4.3 MB). Loaded Objects now: 7771.
Memory consumption went from 156.6 MB to 152.3 MB.
Total: 11.149400 ms (FindLiveObjects: 0.768800 ms CreateObjectMapping: 0.901000 ms MarkObjects: 7.099000 ms  DeleteObjects: 2.379500 ms)

Prepare: number of updated asset objects reloaded= 0
========================================================================
Received Prepare
Begin MonoManager ReloadAssembly
DirectoryNotFoundException: Could not find a part of the path "C:\Users\Elenilson\Downloads\A-Extraordinaria-Mente-de-Arthur--main\A-Extraordinaria-Mente-de-Arthur--main\Library\PackageCache\com.unity.collections@aea9d3bd5e19\Unity.Collections.Tests\System.Runtime.CompilerServices.Unsafe\System.Runtime.CompilerServices.Unsafe.dll"
  at System.IO.FileStream..ctor (System.String path, System.IO.FileMode mode, System.IO.FileAccess access, System.IO.FileShare share, System.Int32 bufferSize, System.Boolean anonymous, System.IO.FileOptions options) [0x0019e] in <1eb9db207454431c84a47bcd81e79c37>:0 
  at System.IO.FileStream..ctor (System.String path, System.IO.FileMode mode, System.IO.FileAccess access, System.IO.FileShare share) [0x00000] in <1eb9db207454431c84a47bcd81e79c37>:0 
  at (wrapper remoting-invoke-with-check) System.IO.FileStream..ctor(string,System.IO.FileMode,System.IO.FileAccess,System.IO.FileShare)
  at Mono.Cecil.ModuleDefinition.GetFileStream (System.String fileName, System.IO.FileMode mode, System.IO.FileAccess access, System.IO.FileShare share) [0x00006] in <4e339395f8074c75847e518298d9c5fd>:0 
  at Mono.Cecil.ModuleDefinition.ReadModule (System.String fileName, Mono.Cecil.ReaderParameters parameters) [0x00008] in <4e339395f8074c75847e518298d9c5fd>:0 
  at Mono.Cecil.AssemblyDefinition.ReadAssembly (System.String fileName, Mono.Cecil.ReaderParameters parameters) [0x00000] in <4e339395f8074c75847e518298d9c5fd>:0 
  at UnityEditor.AssemblyValidation.LoadAssemblyDefinitions (System.String[] assemblyPaths, System.String[] searchPaths) [0x00048] in <5016c3a47c2a4a0cbfa8e12eb592279b>:0 
  at UnityEditor.AssemblyValidation.ValidateAssemblies (System.String[] assemblyPaths, System.Boolean enableLogging) [0x00007] in <5016c3a47c2a4a0cbfa8e12eb592279b>:0 

- Loaded All Assemblies, in  0.700 seconds
Refreshing native plugins compatible for Editor in 2.24 ms, found 4 plugins.
Native extension for WindowsStandalone target not found
[Package Manager] Failed to launch server process. Reason: Unity was launched with the -noUpm command-line argument
[Package Manager] Unable to send message (not connected to server process).
[Package Manager] Cannot connect to Unity Package Manager local server
ScheduleIndexationOnStartup MainProcess:False IndexOnStartup:True
Mono: successfully reloaded assembly
- Finished resetting the current domain, in  1.055 seconds
Domain Reload Profiling: 1752ms
	BeginReloadAssembly (214ms)
		ExecutionOrderSort (0ms)
		DisableScriptedObjects (14ms)
		BackupInstance (0ms)
		ReleaseScriptingObjects (0ms)
		CreateAndSetChildDomain (52ms)
	RebuildCommonClasses (38ms)
	RebuildNativeTypeToScriptingClass (12ms)
	initialDomainReloadingComplete (34ms)
	LoadAllAssembliesAndSetupDomain (399ms)
		LoadAssemblies (256ms)
		RebuildTransferFunctionScriptingTraits (0ms)
		AnalyzeDomain (234ms)
			TypeCache.Refresh (6ms)
				TypeCache.ScanAssembly (0ms)
			BuildScriptInfoCaches (213ms)
			ResolveRequiredComponents (9ms)
	FinalizeReload (1055ms)
		ReleaseScriptCaches (0ms)
		RebuildScriptCaches (0ms)
		SetupLoadedEditorAssemblies (881ms)
			LogAssemblyErrors (0ms)
			InitializePlatformSupportModulesInManaged (2ms)
			SetLoadedEditorAssemblies (6ms)
			BeforeProcessingInitializeOnLoad (205ms)
			ProcessInitializeOnLoadAttributes (559ms)
			ProcessInitializeOnLoadMethodAttributes (98ms)
			AfterProcessingInitializeOnLoad (11ms)
			EditorAssembliesLoaded (1ms)
		ExecutionOrderSort2 (0ms)
		AwakeInstancesAfterBackupRestoration (22ms)
Refreshing native plugins compatible for Editor in 2.88 ms, found 4 plugins.
Preloading 0 native plugins for Editor in 0.00 ms.
Unloading 16 Unused Serialized files (Serialized files now loaded: 0)
Unloading 6922 unused Assets / (4.5 MB). Loaded Objects now: 7774.
Memory consumption went from 156.6 MB to 152.1 MB.
Total: 16.651400 ms (FindLiveObjects: 1.141200 ms CreateObjectMapping: 1.221500 ms MarkObjects: 10.490300 ms  DeleteObjects: 3.795900 ms)

Prepare: number of updated asset objects reloaded= 0
========================================================================
Received Prepare
Begin MonoManager ReloadAssembly
[Licensing::Client] Successfully resolved entitlement details
DirectoryNotFoundException: Could not find a part of the path "C:\Users\Elenilson\Downloads\A-Extraordinaria-Mente-de-Arthur--main\A-Extraordinaria-Mente-de-Arthur--main\Library\PackageCache\com.unity.collections@aea9d3bd5e19\Unity.Collections.Tests\System.Runtime.CompilerServices.Unsafe\System.Runtime.CompilerServices.Unsafe.dll"
  at System.IO.FileStream..ctor (System.String path, System.IO.FileMode mode, System.IO.FileAccess access, System.IO.FileShare share, System.Int32 bufferSize, System.Boolean anonymous, System.IO.FileOptions options) [0x0019e] in <1eb9db207454431c84a47bcd81e79c37>:0 
  at System.IO.FileStream..ctor (System.String path, System.IO.FileMode mode, System.IO.FileAccess access, System.IO.FileShare share) [0x00000] in <1eb9db207454431c84a47bcd81e79c37>:0 
  at (wrapper remoting-invoke-with-check) System.IO.FileStream..ctor(string,System.IO.FileMode,System.IO.FileAccess,System.IO.FileShare)
  at Mono.Cecil.ModuleDefinition.GetFileStream (System.String fileName, System.IO.FileMode mode, System.IO.FileAccess access, System.IO.FileShare share) [0x00006] in <4e339395f8074c75847e518298d9c5fd>:0 
  at Mono.Cecil.ModuleDefinition.ReadModule (System.String fileName, Mono.Cecil.ReaderParameters parameters) [0x00008] in <4e339395f8074c75847e518298d9c5fd>:0 
  at Mono.Cecil.AssemblyDefinition.ReadAssembly (System.String fileName, Mono.Cecil.ReaderParameters parameters) [0x00000] in <4e339395f8074c75847e518298d9c5fd>:0 
  at UnityEditor.AssemblyValidation.LoadAssemblyDefinitions (System.String[] assemblyPaths, System.String[] searchPaths) [0x00048] in <5016c3a47c2a4a0cbfa8e12eb592279b>:0 
  at UnityEditor.AssemblyValidation.ValidateAssemblies (System.String[] assemblyPaths, System.Boolean enableLogging) [0x00007] in <5016c3a47c2a4a0cbfa8e12eb592279b>:0 

- Loaded All Assemblies, in  0.758 seconds
Refreshing native plugins compatible for Editor in 2.61 ms, found 4 plugins.
Native extension for WindowsStandalone target not found
[Package Manager] Failed to launch server process. Reason: Unity was launched with the -noUpm command-line argument
[Package Manager] Unable to send message (not connected to server process).
[Package Manager] Cannot connect to Unity Package Manager local server
ScheduleIndexationOnStartup MainProcess:False IndexOnStartup:True
Mono: successfully reloaded assembly
- Finished resetting the current domain, in  1.206 seconds
Domain Reload Profiling: 1961ms
	BeginReloadAssembly (240ms)
		ExecutionOrderSort (0ms)
		DisableScriptedObjects (17ms)
		BackupInstance (0ms)
		ReleaseScriptingObjects (0ms)
		CreateAndSetChildDomain (57ms)
	RebuildCommonClasses (47ms)
	RebuildNativeTypeToScriptingClass (19ms)
	initialDomainReloadingComplete (37ms)
	LoadAllAssembliesAndSetupDomain (412ms)
		LoadAssemblies (274ms)
		RebuildTransferFunctionScriptingTraits (0ms)
		AnalyzeDomain (243ms)
			TypeCache.Refresh (6ms)
				TypeCache.ScanAssembly (0ms)
			BuildScriptInfoCaches (223ms)
			ResolveRequiredComponents (9ms)
	FinalizeReload (1206ms)
		ReleaseScriptCaches (0ms)
		RebuildScriptCaches (0ms)
		SetupLoadedEditorAssemblies (1011ms)
			LogAssemblyErrors (0ms)
			InitializePlatformSupportModulesInManaged (2ms)
			SetLoadedEditorAssemblies (6ms)
			BeforeProcessingInitializeOnLoad (208ms)
			ProcessInitializeOnLoadAttributes (674ms)
			ProcessInitializeOnLoadMethodAttributes (108ms)
			AfterProcessingInitializeOnLoad (13ms)
			EditorAssembliesLoaded (0ms)
		ExecutionOrderSort2 (0ms)
		AwakeInstancesAfterBackupRestoration (23ms)
Refreshing native plugins compatible for Editor in 3.10 ms, found 4 plugins.
Preloading 0 native plugins for Editor in 0.00 ms.
Unloading 16 Unused Serialized files (Serialized files now loaded: 0)
Unloading 6922 unused Assets / (4.7 MB). Loaded Objects now: 7777.
Memory consumption went from 156.7 MB to 152.1 MB.
Total: 17.889900 ms (FindLiveObjects: 1.037900 ms CreateObjectMapping: 1.526000 ms MarkObjects: 11.198300 ms  DeleteObjects: 4.126000 ms)

Prepare: number of updated asset objects reloaded= 0
========================================================================
Received Prepare
Begin MonoManager ReloadAssembly
[Licensing::Client] Successfully resolved entitlement details
DirectoryNotFoundException: Could not find a part of the path "C:\Users\Elenilson\Downloads\A-Extraordinaria-Mente-de-Arthur--main\A-Extraordinaria-Mente-de-Arthur--main\Library\PackageCache\com.unity.collections@aea9d3bd5e19\Unity.Collections.Tests\System.Runtime.CompilerServices.Unsafe\System.Runtime.CompilerServices.Unsafe.dll"
  at System.IO.FileStream..ctor (System.String path, System.IO.FileMode mode, System.IO.FileAccess access, System.IO.FileShare share, System.Int32 bufferSize, System.Boolean anonymous, System.IO.FileOptions options) [0x0019e] in <1eb9db207454431c84a47bcd81e79c37>:0 
  at System.IO.FileStream..ctor (System.String path, System.IO.FileMode mode, System.IO.FileAccess access, System.IO.FileShare share) [0x00000] in <1eb9db207454431c84a47bcd81e79c37>:0 
  at (wrapper remoting-invoke-with-check) System.IO.FileStream..ctor(string,System.IO.FileMode,System.IO.FileAccess,System.IO.FileShare)
  at Mono.Cecil.ModuleDefinition.GetFileStream (System.String fileName, System.IO.FileMode mode, System.IO.FileAccess access, System.IO.FileShare share) [0x00006] in <4e339395f8074c75847e518298d9c5fd>:0 
  at Mono.Cecil.ModuleDefinition.ReadModule (System.String fileName, Mono.Cecil.ReaderParameters parameters) [0x00008] in <4e339395f8074c75847e518298d9c5fd>:0 
  at Mono.Cecil.AssemblyDefinition.ReadAssembly (System.String fileName, Mono.Cecil.ReaderParameters parameters) [0x00000] in <4e339395f8074c75847e518298d9c5fd>:0 
  at UnityEditor.AssemblyValidation.LoadAssemblyDefinitions (System.String[] assemblyPaths, System.String[] searchPaths) [0x00048] in <5016c3a47c2a4a0cbfa8e12eb592279b>:0 
  at UnityEditor.AssemblyValidation.ValidateAssemblies (System.String[] assemblyPaths, System.Boolean enableLogging) [0x00007] in <5016c3a47c2a4a0cbfa8e12eb592279b>:0 

- Loaded All Assemblies, in  0.720 seconds
Refreshing native plugins compatible for Editor in 3.02 ms, found 4 plugins.
Native extension for WindowsStandalone target not found
[Package Manager] Failed to launch server process. Reason: Unity was launched with the -noUpm command-line argument
[Package Manager] Unable to send message (not connected to server process).
[Package Manager] Cannot connect to Unity Package Manager local server
ScheduleIndexationOnStartup MainProcess:False IndexOnStartup:True
Mono: successfully reloaded assembly
- Finished resetting the current domain, in  1.073 seconds
Domain Reload Profiling: 1787ms
	BeginReloadAssembly (233ms)
		ExecutionOrderSort (0ms)
		DisableScriptedObjects (14ms)
		BackupInstance (0ms)
		ReleaseScriptingObjects (0ms)
		CreateAndSetChildDomain (59ms)
	RebuildCommonClasses (37ms)
	RebuildNativeTypeToScriptingClass (13ms)
	initialDomainReloadingComplete (35ms)
	LoadAllAssembliesAndSetupDomain (395ms)
		LoadAssemblies (267ms)
		RebuildTransferFunctionScriptingTraits (0ms)
		AnalyzeDomain (228ms)
			TypeCache.Refresh (6ms)
				TypeCache.ScanAssembly (0ms)
			BuildScriptInfoCaches (208ms)
			ResolveRequiredComponents (9ms)
	FinalizeReload (1073ms)
		ReleaseScriptCaches (0ms)
		RebuildScriptCaches (0ms)
		SetupLoadedEditorAssemblies (891ms)
			LogAssemblyErrors (0ms)
			InitializePlatformSupportModulesInManaged (2ms)
			SetLoadedEditorAssemblies (9ms)
			BeforeProcessingInitializeOnLoad (198ms)
			ProcessInitializeOnLoadAttributes (574ms)
			ProcessInitializeOnLoadMethodAttributes (97ms)
			AfterProcessingInitializeOnLoad (11ms)
			EditorAssembliesLoaded (0ms)
		ExecutionOrderSort2 (0ms)
		AwakeInstancesAfterBackupRestoration (25ms)
Refreshing native plugins compatible for Editor in 2.95 ms, found 4 plugins.
Preloading 0 native plugins for Editor in 0.00 ms.
Unloading 16 Unused Serialized files (Serialized files now loaded: 0)
Unloading 6922 unused Assets / (4.9 MB). Loaded Objects now: 7780.
Memory consumption went from 156.8 MB to 151.9 MB.
Total: 12.359800 ms (FindLiveObjects: 1.227100 ms CreateObjectMapping: 1.001800 ms MarkObjects: 6.901200 ms  DeleteObjects: 3.228300 ms)

Prepare: number of updated asset objects reloaded= 0
========================================================================
Received Prepare
Begin MonoManager ReloadAssembly
DirectoryNotFoundException: Could not find a part of the path "C:\Users\Elenilson\Downloads\A-Extraordinaria-Mente-de-Arthur--main\A-Extraordinaria-Mente-de-Arthur--main\Library\PackageCache\com.unity.collections@aea9d3bd5e19\Unity.Collections.Tests\System.Runtime.CompilerServices.Unsafe\System.Runtime.CompilerServices.Unsafe.dll"
  at System.IO.FileStream..ctor (System.String path, System.IO.FileMode mode, System.IO.FileAccess access, System.IO.FileShare share, System.Int32 bufferSize, System.Boolean anonymous, System.IO.FileOptions options) [0x0019e] in <1eb9db207454431c84a47bcd81e79c37>:0 
  at System.IO.FileStream..ctor (System.String path, System.IO.FileMode mode, System.IO.FileAccess access, System.IO.FileShare share) [0x00000] in <1eb9db207454431c84a47bcd81e79c37>:0 
  at (wrapper remoting-invoke-with-check) System.IO.FileStream..ctor(string,System.IO.FileMode,System.IO.FileAccess,System.IO.FileShare)
  at Mono.Cecil.ModuleDefinition.GetFileStream (System.String fileName, System.IO.FileMode mode, System.IO.FileAccess access, System.IO.FileShare share) [0x00006] in <4e339395f8074c75847e518298d9c5fd>:0 
  at Mono.Cecil.ModuleDefinition.ReadModule (System.String fileName, Mono.Cecil.ReaderParameters parameters) [0x00008] in <4e339395f8074c75847e518298d9c5fd>:0 
  at Mono.Cecil.AssemblyDefinition.ReadAssembly (System.String fileName, Mono.Cecil.ReaderParameters parameters) [0x00000] in <4e339395f8074c75847e518298d9c5fd>:0 
  at UnityEditor.AssemblyValidation.LoadAssemblyDefinitions (System.String[] assemblyPaths, System.String[] searchPaths) [0x00048] in <5016c3a47c2a4a0cbfa8e12eb592279b>:0 
  at UnityEditor.AssemblyValidation.ValidateAssemblies (System.String[] assemblyPaths, System.Boolean enableLogging) [0x00007] in <5016c3a47c2a4a0cbfa8e12eb592279b>:0 

- Loaded All Assemblies, in  0.711 seconds
Refreshing native plugins compatible for Editor in 2.56 ms, found 4 plugins.
Native extension for WindowsStandalone target not found
[Package Manager] Failed to launch server process. Reason: Unity was launched with the -noUpm command-line argument
[Package Manager] Unable to send message (not connected to server process).
[Package Manager] Cannot connect to Unity Package Manager local server
ScheduleIndexationOnStartup MainProcess:False IndexOnStartup:True
Mono: successfully reloaded assembly
- Finished resetting the current domain, in  1.107 seconds
Domain Reload Profiling: 1815ms
	BeginReloadAssembly (223ms)
		ExecutionOrderSort (0ms)
		DisableScriptedObjects (14ms)
		BackupInstance (0ms)
		ReleaseScriptingObjects (0ms)
		CreateAndSetChildDomain (54ms)
	RebuildCommonClasses (36ms)
	RebuildNativeTypeToScriptingClass (12ms)
	initialDomainReloadingComplete (32ms)
	LoadAllAssembliesAndSetupDomain (404ms)
		LoadAssemblies (271ms)
		RebuildTransferFunctionScriptingTraits (0ms)
		AnalyzeDomain (227ms)
			TypeCache.Refresh (6ms)
				TypeCache.ScanAssembly (0ms)
			BuildScriptInfoCaches (207ms)
			ResolveRequiredComponents (9ms)
	FinalizeReload (1108ms)
		ReleaseScriptCaches (0ms)
		RebuildScriptCaches (0ms)
		SetupLoadedEditorAssemblies (930ms)
			LogAssemblyErrors (0ms)
			InitializePlatformSupportModulesInManaged (2ms)
			SetLoadedEditorAssemblies (7ms)
			BeforeProcessingInitializeOnLoad (218ms)
			ProcessInitializeOnLoadAttributes (592ms)
			ProcessInitializeOnLoadMethodAttributes (102ms)
			AfterProcessingInitializeOnLoad (10ms)
			EditorAssembliesLoaded (0ms)
		ExecutionOrderSort2 (0ms)
		AwakeInstancesAfterBackupRestoration (22ms)
Refreshing native plugins compatible for Editor in 2.74 ms, found 4 plugins.
Preloading 0 native plugins for Editor in 0.00 ms.
Unloading 16 Unused Serialized files (Serialized files now loaded: 0)
Unloading 6922 unused Assets / (4.7 MB). Loaded Objects now: 7783.
Memory consumption went from 156.8 MB to 152.2 MB.
Total: 15.129100 ms (FindLiveObjects: 0.932400 ms CreateObjectMapping: 1.288300 ms MarkObjects: 8.824300 ms  DeleteObjects: 4.082900 ms)

Prepare: number of updated asset objects reloaded= 0
========================================================================
Received Prepare
Begin MonoManager ReloadAssembly
[Licensing::Client] Successfully resolved entitlement details
DirectoryNotFoundException: Could not find a part of the path "C:\Users\Elenilson\Downloads\A-Extraordinaria-Mente-de-Arthur--main\A-Extraordinaria-Mente-de-Arthur--main\Library\PackageCache\com.unity.collections@aea9d3bd5e19\Unity.Collections.Tests\System.Runtime.CompilerServices.Unsafe\System.Runtime.CompilerServices.Unsafe.dll"
  at System.IO.FileStream..ctor (System.String path, System.IO.FileMode mode, System.IO.FileAccess access, System.IO.FileShare share, System.Int32 bufferSize, System.Boolean anonymous, System.IO.FileOptions options) [0x0019e] in <1eb9db207454431c84a47bcd81e79c37>:0 
  at System.IO.FileStream..ctor (System.String path, System.IO.FileMode mode, System.IO.FileAccess access, System.IO.FileShare share) [0x00000] in <1eb9db207454431c84a47bcd81e79c37>:0 
  at (wrapper remoting-invoke-with-check) System.IO.FileStream..ctor(string,System.IO.FileMode,System.IO.FileAccess,System.IO.FileShare)
  at Mono.Cecil.ModuleDefinition.GetFileStream (System.String fileName, System.IO.FileMode mode, System.IO.FileAccess access, System.IO.FileShare share) [0x00006] in <4e339395f8074c75847e518298d9c5fd>:0 
  at Mono.Cecil.ModuleDefinition.ReadModule (System.String fileName, Mono.Cecil.ReaderParameters parameters) [0x00008] in <4e339395f8074c75847e518298d9c5fd>:0 
  at Mono.Cecil.AssemblyDefinition.ReadAssembly (System.String fileName, Mono.Cecil.ReaderParameters parameters) [0x00000] in <4e339395f8074c75847e518298d9c5fd>:0 
  at UnityEditor.AssemblyValidation.LoadAssemblyDefinitions (System.String[] assemblyPaths, System.String[] searchPaths) [0x00048] in <5016c3a47c2a4a0cbfa8e12eb592279b>:0 
  at UnityEditor.AssemblyValidation.ValidateAssemblies (System.String[] assemblyPaths, System.Boolean enableLogging) [0x00007] in <5016c3a47c2a4a0cbfa8e12eb592279b>:0 

- Loaded All Assemblies, in  0.724 seconds
Refreshing native plugins compatible for Editor in 2.25 ms, found 4 plugins.
Native extension for WindowsStandalone target not found
[Package Manager] Failed to launch server process. Reason: Unity was launched with the -noUpm command-line argument
[Package Manager] Unable to send message (not connected to server process).
[Package Manager] Cannot connect to Unity Package Manager local server
ScheduleIndexationOnStartup MainProcess:False IndexOnStartup:True
Mono: successfully reloaded assembly
- Finished resetting the current domain, in  1.041 seconds
Domain Reload Profiling: 1762ms
	BeginReloadAssembly (229ms)
		ExecutionOrderSort (0ms)
		DisableScriptedObjects (16ms)
		BackupInstance (0ms)
		ReleaseScriptingObjects (0ms)
		CreateAndSetChildDomain (57ms)
	RebuildCommonClasses (38ms)
	RebuildNativeTypeToScriptingClass (13ms)
	initialDomainReloadingComplete (35ms)
	LoadAllAssembliesAndSetupDomain (405ms)
		LoadAssemblies (263ms)
		RebuildTransferFunctionScriptingTraits (0ms)
		AnalyzeDomain (236ms)
			TypeCache.Refresh (7ms)
				TypeCache.ScanAssembly (0ms)
			BuildScriptInfoCaches (216ms)
			ResolveRequiredComponents (9ms)
	FinalizeReload (1042ms)
		ReleaseScriptCaches (0ms)
		RebuildScriptCaches (0ms)
		SetupLoadedEditorAssemblies (858ms)
			LogAssemblyErrors (0ms)
			InitializePlatformSupportModulesInManaged (3ms)
			SetLoadedEditorAssemblies (6ms)
			BeforeProcessingInitializeOnLoad (192ms)
			ProcessInitializeOnLoadAttributes (549ms)
			ProcessInitializeOnLoadMethodAttributes (95ms)
			AfterProcessingInitializeOnLoad (13ms)
			EditorAssembliesLoaded (0ms)
		ExecutionOrderSort2 (0ms)
		AwakeInstancesAfterBackupRestoration (20ms)
Refreshing native plugins compatible for Editor in 2.69 ms, found 4 plugins.
Preloading 0 native plugins for Editor in 0.00 ms.
Unloading 16 Unused Serialized files (Serialized files now loaded: 0)
Unloading 6922 unused Assets / (4.6 MB). Loaded Objects now: 7786.
Memory consumption went from 156.9 MB to 152.3 MB.
Total: 16.068700 ms (FindLiveObjects: 1.125100 ms CreateObjectMapping: 1.397000 ms MarkObjects: 9.187900 ms  DeleteObjects: 4.356200 ms)

Prepare: number of updated asset objects reloaded= 0
========================================================================
Received Prepare
Refreshing native plugins compatible for Editor in 5.84 ms, found 4 plugins.
Preloading 0 native plugins for Editor in 0.00 ms.
Unloading 16 Unused Serialized files (Serialized files now loaded: 0)
Unloading 6912 unused Assets / (4.8 MB). Loaded Objects now: 7786.
Memory consumption went from 157.1 MB to 152.3 MB.
Total: 20.372300 ms (FindLiveObjects: 1.148300 ms CreateObjectMapping: 1.796100 ms MarkObjects: 13.008000 ms  DeleteObjects: 4.417600 ms)

Prepare: number of updated asset objects reloaded= 0
========================================================================
Received Prepare
Begin MonoManager ReloadAssembly
[Licensing::Client] Successfully resolved entitlement details
DirectoryNotFoundException: Could not find a part of the path "C:\Users\Elenilson\Downloads\A-Extraordinaria-Mente-de-Arthur--main\A-Extraordinaria-Mente-de-Arthur--main\Library\PackageCache\com.unity.collections@aea9d3bd5e19\Unity.Collections.Tests\System.Runtime.CompilerServices.Unsafe\System.Runtime.CompilerServices.Unsafe.dll"
  at System.IO.FileStream..ctor (System.String path, System.IO.FileMode mode, System.IO.FileAccess access, System.IO.FileShare share, System.Int32 bufferSize, System.Boolean anonymous, System.IO.FileOptions options) [0x0019e] in <1eb9db207454431c84a47bcd81e79c37>:0 
  at System.IO.FileStream..ctor (System.String path, System.IO.FileMode mode, System.IO.FileAccess access, System.IO.FileShare share) [0x00000] in <1eb9db207454431c84a47bcd81e79c37>:0 
  at (wrapper remoting-invoke-with-check) System.IO.FileStream..ctor(string,System.IO.FileMode,System.IO.FileAccess,System.IO.FileShare)
  at Mono.Cecil.ModuleDefinition.GetFileStream (System.String fileName, System.IO.FileMode mode, System.IO.FileAccess access, System.IO.FileShare share) [0x00006] in <4e339395f8074c75847e518298d9c5fd>:0 
  at Mono.Cecil.ModuleDefinition.ReadModule (System.String fileName, Mono.Cecil.ReaderParameters parameters) [0x00008] in <4e339395f8074c75847e518298d9c5fd>:0 
  at Mono.Cecil.AssemblyDefinition.ReadAssembly (System.String fileName, Mono.Cecil.ReaderParameters parameters) [0x00000] in <4e339395f8074c75847e518298d9c5fd>:0 
  at UnityEditor.AssemblyValidation.LoadAssemblyDefinitions (System.String[] assemblyPaths, System.String[] searchPaths) [0x00048] in <5016c3a47c2a4a0cbfa8e12eb592279b>:0 
  at UnityEditor.AssemblyValidation.ValidateAssemblies (System.String[] assemblyPaths, System.Boolean enableLogging) [0x00007] in <5016c3a47c2a4a0cbfa8e12eb592279b>:0 

- Loaded All Assemblies, in  0.885 seconds
Refreshing native plugins compatible for Editor in 3.04 ms, found 4 plugins.
Native extension for WindowsStandalone target not found
[Package Manager] Failed to launch server process. Reason: Unity was launched with the -noUpm command-line argument
[Package Manager] Unable to send message (not connected to server process).
[Package Manager] Cannot connect to Unity Package Manager local server
ScheduleIndexationOnStartup MainProcess:False IndexOnStartup:True
Mono: successfully reloaded assembly
- Finished resetting the current domain, in  1.161 seconds
Domain Reload Profiling: 2043ms
	BeginReloadAssembly (288ms)
		ExecutionOrderSort (0ms)
		DisableScriptedObjects (17ms)
		BackupInstance (0ms)
		ReleaseScriptingObjects (0ms)
		CreateAndSetChildDomain (65ms)
	RebuildCommonClasses (39ms)
	RebuildNativeTypeToScriptingClass (18ms)
	initialDomainReloadingComplete (47ms)
	LoadAllAssembliesAndSetupDomain (489ms)
		LoadAssemblies (312ms)
		RebuildTransferFunctionScriptingTraits (0ms)
		AnalyzeDomain (291ms)
			TypeCache.Refresh (14ms)
				TypeCache.ScanAssembly (1ms)
			BuildScriptInfoCaches (257ms)
			ResolveRequiredComponents (14ms)
	FinalizeReload (1162ms)
		ReleaseScriptCaches (0ms)
		RebuildScriptCaches (0ms)
		SetupLoadedEditorAssemblies (953ms)
			LogAssemblyErrors (0ms)
			InitializePlatformSupportModulesInManaged (2ms)
			SetLoadedEditorAssemblies (8ms)
			BeforeProcessingInitializeOnLoad (249ms)
			ProcessInitializeOnLoadAttributes (595ms)
			ProcessInitializeOnLoadMethodAttributes (88ms)
			AfterProcessingInitializeOnLoad (9ms)
			EditorAssembliesLoaded (0ms)
		ExecutionOrderSort2 (0ms)
		AwakeInstancesAfterBackupRestoration (14ms)
Refreshing native plugins compatible for Editor in 3.12 ms, found 4 plugins.
Preloading 0 native plugins for Editor in 0.00 ms.
Unloading 16 Unused Serialized files (Serialized files now loaded: 0)
Unloading 6922 unused Assets / (5.1 MB). Loaded Objects now: 7789.
Memory consumption went from 157.0 MB to 151.8 MB.
Total: 14.950800 ms (FindLiveObjects: 1.046200 ms CreateObjectMapping: 1.319200 ms MarkObjects: 9.019700 ms  DeleteObjects: 3.564400 ms)

Prepare: number of updated asset objects reloaded= 0
========================================================================
Received Import Request.
  Time since last request: 1551083.401501 seconds.
  path: Assets/Scenes/Quarto.unity
  artifactKey: Guid(8e45602b21528284aace1efa475c9181) Importer(2089858483,b0f066a214c2f5e87bad3c948f4d605d)
Start importing Assets/Scenes/Quarto.unity using Guid(8e45602b21528284aace1efa475c9181) Importer(2089858483,b0f066a214c2f5e87bad3c948f4d605d) (ScriptedImporter) -> (artifact id: '6112a280e80e38b0f06697bda5b9d5ce') in 0.0776772 seconds
Number of updated asset objects reloaded before import = 0Number of asset objects unloaded after import = 1

========================================================================
Received Import Request.
  Time since last request: 0.000022 seconds.
  path: Assets/Scenes/Sala de aula.unity
  artifactKey: Guid(ec69105b60a4a3f419b5054fbbf0df4b) Importer(2089858483,b0f066a214c2f5e87bad3c948f4d605d)
Start importing Assets/Scenes/Sala de aula.unity using Guid(ec69105b60a4a3f419b5054fbbf0df4b) Importer(2089858483,b0f066a214c2f5e87bad3c948f4d605d) (ScriptedImporter) -> (artifact id: '47ca5212a25ea21d1b58ddb99cabeda2') in 0.0182939 seconds
Number of updated asset objects reloaded before import = 0Number of asset objects unloaded after import = 1

========================================================================
Received Prepare
Refreshing native plugins compatible for Editor in 2.55 ms, found 4 plugins.
Preloading 0 native plugins for Editor in 0.00 ms.
Unloading 16 Unused Serialized files (Serialized files now loaded: 0)
Unloading 6913 unused Assets / (4.5 MB). Loaded Objects now: 7792.
Memory consumption went from 157.9 MB to 153.5 MB.
Total: 11.079500 ms (FindLiveObjects: 0.829400 ms CreateObjectMapping: 0.564500 ms MarkObjects: 6.918300 ms  DeleteObjects: 2.765800 ms)

Prepare: number of updated asset objects reloaded= 0
========================================================================
Received Prepare
Refreshing native plugins compatible for Editor in 3.98 ms, found 4 plugins.
Preloading 0 native plugins for Editor in 0.00 ms.
Unloading 16 Unused Serialized files (Serialized files now loaded: 0)
Unloading 6913 unused Assets / (4.9 MB). Loaded Objects now: 7792.
Memory consumption went from 157.9 MB to 153.0 MB.
Total: 18.041000 ms (FindLiveObjects: 1.093900 ms CreateObjectMapping: 1.419900 ms MarkObjects: 11.737000 ms  DeleteObjects: 3.788800 ms)

Prepare: number of updated asset objects reloaded= 0
========================================================================
Received Prepare
Begin MonoManager ReloadAssembly
[Licensing::Client] Successfully resolved entitlement details
DirectoryNotFoundException: Could not find a part of the path "C:\Users\Elenilson\Downloads\A-Extraordinaria-Mente-de-Arthur--main\A-Extraordinaria-Mente-de-Arthur--main\Library\PackageCache\com.unity.collections@aea9d3bd5e19\Unity.Collections.Tests\System.Runtime.CompilerServices.Unsafe\System.Runtime.CompilerServices.Unsafe.dll"
  at System.IO.FileStream..ctor (System.String path, System.IO.FileMode mode, System.IO.FileAccess access, System.IO.FileShare share, System.Int32 bufferSize, System.Boolean anonymous, System.IO.FileOptions options) [0x0019e] in <1eb9db207454431c84a47bcd81e79c37>:0 
  at System.IO.FileStream..ctor (System.String path, System.IO.FileMode mode, System.IO.FileAccess access, System.IO.FileShare share) [0x00000] in <1eb9db207454431c84a47bcd81e79c37>:0 
  at (wrapper remoting-invoke-with-check) System.IO.FileStream..ctor(string,System.IO.FileMode,System.IO.FileAccess,System.IO.FileShare)
  at Mono.Cecil.ModuleDefinition.GetFileStream (System.String fileName, System.IO.FileMode mode, System.IO.FileAccess access, System.IO.FileShare share) [0x00006] in <4e339395f8074c75847e518298d9c5fd>:0 
  at Mono.Cecil.ModuleDefinition.ReadModule (System.String fileName, Mono.Cecil.ReaderParameters parameters) [0x00008] in <4e339395f8074c75847e518298d9c5fd>:0 
  at Mono.Cecil.AssemblyDefinition.ReadAssembly (System.String fileName, Mono.Cecil.ReaderParameters parameters) [0x00000] in <4e339395f8074c75847e518298d9c5fd>:0 
  at UnityEditor.AssemblyValidation.LoadAssemblyDefinitions (System.String[] assemblyPaths, System.String[] searchPaths) [0x00048] in <5016c3a47c2a4a0cbfa8e12eb592279b>:0 
  at UnityEditor.AssemblyValidation.ValidateAssemblies (System.String[] assemblyPaths, System.Boolean enableLogging) [0x00007] in <5016c3a47c2a4a0cbfa8e12eb592279b>:0 

- Loaded All Assemblies, in  0.940 seconds
Refreshing native plugins compatible for Editor in 2.81 ms, found 4 plugins.
Native extension for WindowsStandalone target not found
[Package Manager] Failed to launch server process. Reason: Unity was launched with the -noUpm command-line argument
[Package Manager] Unable to send message (not connected to server process).
[Package Manager] Cannot connect to Unity Package Manager local server
ScheduleIndexationOnStartup MainProcess:False IndexOnStartup:True
Mono: successfully reloaded assembly
- Finished resetting the current domain, in  1.318 seconds
Domain Reload Profiling: 2257ms
	BeginReloadAssembly (295ms)
		ExecutionOrderSort (0ms)
		DisableScriptedObjects (19ms)
		BackupInstance (0ms)
		ReleaseScriptingObjects (0ms)
		CreateAndSetChildDomain (77ms)
	RebuildCommonClasses (51ms)
	RebuildNativeTypeToScriptingClass (17ms)
	initialDomainReloadingComplete (37ms)
	LoadAllAssembliesAndSetupDomain (538ms)
		LoadAssemblies (327ms)
		RebuildTransferFunctionScriptingTraits (0ms)
		AnalyzeDomain (331ms)
			TypeCache.Refresh (11ms)
				TypeCache.ScanAssembly (1ms)
			BuildScriptInfoCaches (302ms)
			ResolveRequiredComponents (13ms)
	FinalizeReload (1319ms)
		ReleaseScriptCaches (0ms)
		RebuildScriptCaches (0ms)
		SetupLoadedEditorAssemblies (1091ms)
			LogAssemblyErrors (0ms)
			InitializePlatformSupportModulesInManaged (3ms)
			SetLoadedEditorAssemblies (7ms)
			BeforeProcessingInitializeOnLoad (266ms)
			ProcessInitializeOnLoadAttributes (696ms)
			ProcessInitializeOnLoadMethodAttributes (108ms)
			AfterProcessingInitializeOnLoad (11ms)
			EditorAssembliesLoaded (0ms)
		ExecutionOrderSort2 (0ms)
		AwakeInstancesAfterBackupRestoration (19ms)
Refreshing native plugins compatible for Editor in 3.25 ms, found 4 plugins.
Preloading 0 native plugins for Editor in 0.00 ms.
Unloading 16 Unused Serialized files (Serialized files now loaded: 0)
Unloading 6923 unused Assets / (4.4 MB). Loaded Objects now: 7795.
Memory consumption went from 157.8 MB to 153.4 MB.
Total: 15.483900 ms (FindLiveObjects: 1.240300 ms CreateObjectMapping: 1.132100 ms MarkObjects: 9.555100 ms  DeleteObjects: 3.555100 ms)

Prepare: number of updated asset objects reloaded= 0
========================================================================
Received Import Request.
  Time since last request: 32.194253 seconds.
  path: Assets/Scripts/MineGameMemory.cs
  artifactKey: Guid(6a8a30b205ca73c4eb11977105ef85ff) Importer(815301076,1909f56bfc062723c751e8b465ee728b)
Start importing Assets/Scripts/MineGameMemory.cs using Guid(6a8a30b205ca73c4eb11977105ef85ff) Importer(815301076,1909f56bfc062723c751e8b465ee728b) (PreviewImporter) -> (artifact id: '00000000000000000000000000000000') in 0.0047142 seconds
Import Error Code:(4)
Message: Build asset version error: assets/scripts/minegamememory.cs in SourceAssetDB has modification time of '2026-05-30T23:06:50.9232584Z' while content on disk has modification time of '2026-05-30T23:06:52.7498911Z'
  ERROR: Build asset version error: assets/scripts/minegamememory.cs in SourceAssetDB has modification time of '2026-05-30T23:06:50.9232584Z' while content on disk has modification time of '2026-05-30T23:06:52.7498911Z'
Number of updated asset objects reloaded before import = 0Number of asset objects unloaded after import = 0

========================================================================
Received Import Request.
  Time since last request: 0.000019 seconds.
  path: Assets/Scripts/MineGameMemory.cs
  artifactKey: Guid(6a8a30b205ca73c4eb11977105ef85ff) Importer(815301076,1909f56bfc062723c751e8b465ee728b)
Start importing Assets/Scripts/MineGameMemory.cs using Guid(6a8a30b205ca73c4eb11977105ef85ff) Importer(815301076,1909f56bfc062723c751e8b465ee728b) (PreviewImporter) -> (artifact id: '00000000000000000000000000000000') in 0.0006883 seconds
Import Error Code:(4)
Message: Build asset version error: assets/scripts/minegamememory.cs in SourceAssetDB has modification time of '2026-05-30T23:06:50.9232584Z' while content on disk has modification time of '2026-05-30T23:06:52.7498911Z'
  ERROR: Build asset version error: assets/scripts/minegamememory.cs in SourceAssetDB has modification time of '2026-05-30T23:06:50.9232584Z' while content on disk has modification time of '2026-05-30T23:06:52.7498911Z'
Number of updated asset objects reloaded before import = 0Number of asset objects unloaded after import = 0

========================================================================
Received Import Request.
  Time since last request: 0.000022 seconds.
  path: Assets/Scripts/MineGameMemory.cs
  artifactKey: Guid(6a8a30b205ca73c4eb11977105ef85ff) Importer(815301076,1909f56bfc062723c751e8b465ee728b)
Start importing Assets/Scripts/MineGameMemory.cs using Guid(6a8a30b205ca73c4eb11977105ef85ff) Importer(815301076,1909f56bfc062723c751e8b465ee728b) (PreviewImporter) -> (artifact id: '00000000000000000000000000000000') in 0.0008358 seconds
Import Error Code:(4)
Message: Build asset version error: assets/scripts/minegamememory.cs in SourceAssetDB has modification time of '2026-05-30T23:06:50.9232584Z' while content on disk has modification time of '2026-05-30T23:06:52.7498911Z'
  ERROR: Build asset version error: assets/scripts/minegamememory.cs in SourceAssetDB has modification time of '2026-05-30T23:06:50.9232584Z' while content on disk has modification time of '2026-05-30T23:06:52.7498911Z'
Number of updated asset objects reloaded before import = 0Number of asset objects unloaded after import = 0

========================================================================
Received Prepare
Refreshing native plugins compatible for Editor in 2.59 ms, found 4 plugins.
Preloading 0 native plugins for Editor in 0.00 ms.
Unloading 16 Unused Serialized files (Serialized files now loaded: 0)
Unloading 6913 unused Assets / (4.5 MB). Loaded Objects now: 7795.
Memory consumption went from 157.9 MB to 153.5 MB.
Total: 15.990800 ms (FindLiveObjects: 1.223800 ms CreateObjectMapping: 1.049600 ms MarkObjects: 10.372900 ms  DeleteObjects: 3.343200 ms)

Prepare: number of updated asset objects reloaded= 0
========================================================================
Received Import Request.
  Time since last request: 11.466240 seconds.
  path: Assets/Scripts/MineGameMemory.cs
  artifactKey: Guid(6a8a30b205ca73c4eb11977105ef85ff) Importer(815301076,1909f56bfc062723c751e8b465ee728b)
Start importing Assets/Scripts/MineGameMemory.cs using Guid(6a8a30b205ca73c4eb11977105ef85ff) Importer(815301076,1909f56bfc062723c751e8b465ee728b) (PreviewImporter) -> (artifact id: '31c9815de68255e281dc48449c1eeecc') in 0.0008346 seconds
Number of updated asset objects reloaded before import = 0Number of asset objects unloaded after import = 0

========================================================================
Received Prepare
Begin MonoManager ReloadAssembly
DirectoryNotFoundException: Could not find a part of the path "C:\Users\Elenilson\Downloads\A-Extraordinaria-Mente-de-Arthur--main\A-Extraordinaria-Mente-de-Arthur--main\Library\PackageCache\com.unity.collections@aea9d3bd5e19\Unity.Collections.Tests\System.Runtime.CompilerServices.Unsafe\System.Runtime.CompilerServices.Unsafe.dll"
  at System.IO.FileStream..ctor (System.String path, System.IO.FileMode mode, System.IO.FileAccess access, System.IO.FileShare share, System.Int32 bufferSize, System.Boolean anonymous, System.IO.FileOptions options) [0x0019e] in <1eb9db207454431c84a47bcd81e79c37>:0 
  at System.IO.FileStream..ctor (System.String path, System.IO.FileMode mode, System.IO.FileAccess access, System.IO.FileShare share) [0x00000] in <1eb9db207454431c84a47bcd81e79c37>:0 
  at (wrapper remoting-invoke-with-check) System.IO.FileStream..ctor(string,System.IO.FileMode,System.IO.FileAccess,System.IO.FileShare)
  at Mono.Cecil.ModuleDefinition.GetFileStream (System.String fileName, System.IO.FileMode mode, System.IO.FileAccess access, System.IO.FileShare share) [0x00006] in <4e339395f8074c75847e518298d9c5fd>:0 
  at Mono.Cecil.ModuleDefinition.ReadModule (System.String fileName, Mono.Cecil.ReaderParameters parameters) [0x00008] in <4e339395f8074c75847e518298d9c5fd>:0 
  at Mono.Cecil.AssemblyDefinition.ReadAssembly (System.String fileName, Mono.Cecil.ReaderParameters parameters) [0x00000] in <4e339395f8074c75847e518298d9c5fd>:0 
  at UnityEditor.AssemblyValidation.LoadAssemblyDefinitions (System.String[] assemblyPaths, System.String[] searchPaths) [0x00048] in <5016c3a47c2a4a0cbfa8e12eb592279b>:0 
  at UnityEditor.AssemblyValidation.ValidateAssemblies (System.String[] assemblyPaths, System.Boolean enableLogging) [0x00007] in <5016c3a47c2a4a0cbfa8e12eb592279b>:0 

- Loaded All Assemblies, in  0.952 seconds
Refreshing native plugins compatible for Editor in 3.19 ms, found 4 plugins.
Native extension for WindowsStandalone target not found
[Package Manager] Failed to launch server process. Reason: Unity was launched with the -noUpm command-line argument
[Package Manager] Unable to send message (not connected to server process).
[Package Manager] Cannot connect to Unity Package Manager local server
ScheduleIndexationOnStartup MainProcess:False IndexOnStartup:True
Mono: successfully reloaded assembly
- Finished resetting the current domain, in  1.231 seconds
Domain Reload Profiling: 2177ms
	BeginReloadAssembly (298ms)
		ExecutionOrderSort (0ms)
		DisableScriptedObjects (20ms)
		BackupInstance (0ms)
		ReleaseScriptingObjects (0ms)
		CreateAndSetChildDomain (83ms)
	RebuildCommonClasses (46ms)
	RebuildNativeTypeToScriptingClass (13ms)
	initialDomainReloadingComplete (35ms)
	LoadAllAssembliesAndSetupDomain (555ms)
		LoadAssemblies (320ms)
		RebuildTransferFunctionScriptingTraits (0ms)
		AnalyzeDomain (351ms)
			TypeCache.Refresh (12ms)
				TypeCache.ScanAssembly (1ms)
			BuildScriptInfoCaches (319ms)
			ResolveRequiredComponents (14ms)
	FinalizeReload (1231ms)
		ReleaseScriptCaches (0ms)
		RebuildScriptCaches (0ms)
		SetupLoadedEditorAssemblies (997ms)
			LogAssemblyErrors (0ms)
			InitializePlatformSupportModulesInManaged (2ms)
			SetLoadedEditorAssemblies (7ms)
			BeforeProcessingInitializeOnLoad (276ms)
			ProcessInitializeOnLoadAttributes (605ms)
			ProcessInitializeOnLoadMethodAttributes (95ms)
			AfterProcessingInitializeOnLoad (12ms)
			EditorAssembliesLoaded (1ms)
		ExecutionOrderSort2 (0ms)
		AwakeInstancesAfterBackupRestoration (22ms)
Refreshing native plugins compatible for Editor in 2.44 ms, found 4 plugins.
Preloading 0 native plugins for Editor in 0.00 ms.
Unloading 16 Unused Serialized files (Serialized files now loaded: 0)
Unloading 6923 unused Assets / (4.3 MB). Loaded Objects now: 7798.
Memory consumption went from 157.8 MB to 153.6 MB.
Total: 11.011800 ms (FindLiveObjects: 0.826700 ms CreateObjectMapping: 1.124400 ms MarkObjects: 6.153600 ms  DeleteObjects: 2.905600 ms)

Prepare: number of updated asset objects reloaded= 0
========================================================================
Received Prepare
Refreshing native plugins compatible for Editor in 2.58 ms, found 4 plugins.
Preloading 0 native plugins for Editor in 0.00 ms.
Unloading 16 Unused Serialized files (Serialized files now loaded: 0)
Unloading 6913 unused Assets / (4.8 MB). Loaded Objects now: 7798.
Memory consumption went from 158.0 MB to 153.2 MB.
Total: 17.328800 ms (FindLiveObjects: 1.211600 ms CreateObjectMapping: 1.300300 ms MarkObjects: 10.764300 ms  DeleteObjects: 4.050600 ms)

Prepare: number of updated asset objects reloaded= 0
========================================================================
Received Prepare
Refreshing native plugins compatible for Editor in 5.35 ms, found 4 plugins.
Preloading 0 native plugins for Editor in 0.00 ms.
Unloading 16 Unused Serialized files (Serialized files now loaded: 0)
Unloading 6913 unused Assets / (5.0 MB). Loaded Objects now: 7798.
Memory consumption went from 158.0 MB to 153.0 MB.
Total: 26.673700 ms (FindLiveObjects: 1.356400 ms CreateObjectMapping: 2.044200 ms MarkObjects: 18.496000 ms  DeleteObjects: 4.774700 ms)

Prepare: number of updated asset objects reloaded= 0
========================================================================
Received Import Request.
  Time since last request: 670.156633 seconds.
  path: Assets/Scripts/MineGameMemory.cs
  artifactKey: Guid(6a8a30b205ca73c4eb11977105ef85ff) Importer(815301076,1909f56bfc062723c751e8b465ee728b)
Start importing Assets/Scripts/MineGameMemory.cs using Guid(6a8a30b205ca73c4eb11977105ef85ff) Importer(815301076,1909f56bfc062723c751e8b465ee728b) (PreviewImporter) -> (artifact id: 'cc9d9f42c85c2fe5630111196c2baa02') in 0.0032263 seconds
Number of updated asset objects reloaded before import = 0Number of asset objects unloaded after import = 0

========================================================================
Received Prepare
Refreshing native plugins compatible for Editor in 5.31 ms, found 4 plugins.
Preloading 0 native plugins for Editor in 0.00 ms.
Unloading 16 Unused Serialized files (Serialized files now loaded: 0)
Unloading 6913 unused Assets / (4.6 MB). Loaded Objects now: 7798.
Memory consumption went from 158.0 MB to 153.4 MB.
Total: 20.358600 ms (FindLiveObjects: 1.393500 ms CreateObjectMapping: 1.390300 ms MarkObjects: 12.078000 ms  DeleteObjects: 5.494900 ms)

Prepare: number of updated asset objects reloaded= 0
========================================================================
Received Import Request.
  Time since last request: 7.060443 seconds.
  path: Assets/Scripts/MineGameMemory.cs
  artifactKey: Guid(6a8a30b205ca73c4eb11977105ef85ff) Importer(815301076,1909f56bfc062723c751e8b465ee728b)
Start importing Assets/Scripts/MineGameMemory.cs using Guid(6a8a30b205ca73c4eb11977105ef85ff) Importer(815301076,1909f56bfc062723c751e8b465ee728b) (PreviewImporter) -> (artifact id: '437234486fbeaedafb61e40b4b8d1b06') in 0.0011413 seconds
Number of updated asset objects reloaded before import = 0Number of asset objects unloaded after import = 0

========================================================================
Received Prepare
Refreshing native plugins compatible for Editor in 3.83 ms, found 4 plugins.
Preloading 0 native plugins for Editor in 0.00 ms.
Unloading 16 Unused Serialized files (Serialized files now loaded: 0)
Unloading 6913 unused Assets / (4.7 MB). Loaded Objects now: 7798.
Memory consumption went from 158.0 MB to 153.3 MB.
Total: 17.679600 ms (FindLiveObjects: 1.058900 ms CreateObjectMapping: 1.431100 ms MarkObjects: 11.124600 ms  DeleteObjects: 4.063300 ms)

Prepare: number of updated asset objects reloaded= 0
========================================================================
Received Prepare
Begin MonoManager ReloadAssembly
[Licensing::Client] Successfully resolved entitlement details
DirectoryNotFoundException: Could not find a part of the path "C:\Users\Elenilson\Downloads\A-Extraordinaria-Mente-de-Arthur--main\A-Extraordinaria-Mente-de-Arthur--main\Library\PackageCache\com.unity.collections@aea9d3bd5e19\Unity.Collections.Tests\System.Runtime.CompilerServices.Unsafe\System.Runtime.CompilerServices.Unsafe.dll"
  at System.IO.FileStream..ctor (System.String path, System.IO.FileMode mode, System.IO.FileAccess access, System.IO.FileShare share, System.Int32 bufferSize, System.Boolean anonymous, System.IO.FileOptions options) [0x0019e] in <1eb9db207454431c84a47bcd81e79c37>:0 
  at System.IO.FileStream..ctor (System.String path, System.IO.FileMode mode, System.IO.FileAccess access, System.IO.FileShare share) [0x00000] in <1eb9db207454431c84a47bcd81e79c37>:0 
  at (wrapper remoting-invoke-with-check) System.IO.FileStream..ctor(string,System.IO.FileMode,System.IO.FileAccess,System.IO.FileShare)
  at Mono.Cecil.ModuleDefinition.GetFileStream (System.String fileName, System.IO.FileMode mode, System.IO.FileAccess access, System.IO.FileShare share) [0x00006] in <4e339395f8074c75847e518298d9c5fd>:0 
  at Mono.Cecil.ModuleDefinition.ReadModule (System.String fileName, Mono.Cecil.ReaderParameters parameters) [0x00008] in <4e339395f8074c75847e518298d9c5fd>:0 
  at Mono.Cecil.AssemblyDefinition.ReadAssembly (System.String fileName, Mono.Cecil.ReaderParameters parameters) [0x00000] in <4e339395f8074c75847e518298d9c5fd>:0 
  at UnityEditor.AssemblyValidation.LoadAssemblyDefinitions (System.String[] assemblyPaths, System.String[] searchPaths) [0x00048] in <5016c3a47c2a4a0cbfa8e12eb592279b>:0 
  at UnityEditor.AssemblyValidation.ValidateAssemblies (System.String[] assemblyPaths, System.Boolean enableLogging) [0x00007] in <5016c3a47c2a4a0cbfa8e12eb592279b>:0 

- Loaded All Assemblies, in  1.003 seconds
Refreshing native plugins compatible for Editor in 2.62 ms, found 4 plugins.
Native extension for WindowsStandalone target not found
[Package Manager] Failed to launch server process. Reason: Unity was launched with the -noUpm command-line argument
[Package Manager] Unable to send message (not connected to server process).
[Package Manager] Cannot connect to Unity Package Manager local server
ScheduleIndexationOnStartup MainProcess:False IndexOnStartup:True
Mono: successfully reloaded assembly
- Finished resetting the current domain, in  1.162 seconds
Domain Reload Profiling: 2159ms
	BeginReloadAssembly (320ms)
		ExecutionOrderSort (0ms)
		DisableScriptedObjects (21ms)
		BackupInstance (0ms)
		ReleaseScriptingObjects (0ms)
		CreateAndSetChildDomain (73ms)
	RebuildCommonClasses (62ms)
	RebuildNativeTypeToScriptingClass (23ms)
	initialDomainReloadingComplete (50ms)
	LoadAllAssembliesAndSetupDomain (543ms)
		LoadAssemblies (366ms)
		RebuildTransferFunctionScriptingTraits (0ms)
		AnalyzeDomain (320ms)
			TypeCache.Refresh (13ms)
				TypeCache.ScanAssembly (1ms)
			BuildScriptInfoCaches (293ms)
			ResolveRequiredComponents (9ms)
	FinalizeReload (1163ms)
		ReleaseScriptCaches (0ms)
		RebuildScriptCaches (0ms)
		SetupLoadedEditorAssemblies (965ms)
			LogAssemblyErrors (0ms)
			InitializePlatformSupportModulesInManaged (2ms)
			SetLoadedEditorAssemblies (5ms)
			BeforeProcessingInitializeOnLoad (253ms)
			ProcessInitializeOnLoadAttributes (595ms)
			ProcessInitializeOnLoadMethodAttributes (96ms)
			AfterProcessingInitializeOnLoad (14ms)
			EditorAssembliesLoaded (0ms)
		ExecutionOrderSort2 (0ms)
		AwakeInstancesAfterBackupRestoration (20ms)
Refreshing native plugins compatible for Editor in 2.06 ms, found 4 plugins.
Preloading 0 native plugins for Editor in 0.00 ms.
Unloading 16 Unused Serialized files (Serialized files now loaded: 0)
Unloading 6923 unused Assets / (4.3 MB). Loaded Objects now: 7801.
Memory consumption went from 157.9 MB to 153.5 MB.
Total: 10.732000 ms (FindLiveObjects: 0.943100 ms CreateObjectMapping: 0.710500 ms MarkObjects: 6.080200 ms  DeleteObjects: 2.997300 ms)

Prepare: number of updated asset objects reloaded= 0
========================================================================
Received Prepare
Begin MonoManager ReloadAssembly
[Licensing::Client] Successfully resolved entitlement details
DirectoryNotFoundException: Could not find a part of the path "C:\Users\Elenilson\Downloads\A-Extraordinaria-Mente-de-Arthur--main\A-Extraordinaria-Mente-de-Arthur--main\Library\PackageCache\com.unity.collections@aea9d3bd5e19\Unity.Collections.Tests\System.Runtime.CompilerServices.Unsafe\System.Runtime.CompilerServices.Unsafe.dll"
  at System.IO.FileStream..ctor (System.String path, System.IO.FileMode mode, System.IO.FileAccess access, System.IO.FileShare share, System.Int32 bufferSize, System.Boolean anonymous, System.IO.FileOptions options) [0x0019e] in <1eb9db207454431c84a47bcd81e79c37>:0 
  at System.IO.FileStream..ctor (System.String path, System.IO.FileMode mode, System.IO.FileAccess access, System.IO.FileShare share) [0x00000] in <1eb9db207454431c84a47bcd81e79c37>:0 
  at (wrapper remoting-invoke-with-check) System.IO.FileStream..ctor(string,System.IO.FileMode,System.IO.FileAccess,System.IO.FileShare)
  at Mono.Cecil.ModuleDefinition.GetFileStream (System.String fileName, System.IO.FileMode mode, System.IO.FileAccess access, System.IO.FileShare share) [0x00006] in <4e339395f8074c75847e518298d9c5fd>:0 
  at Mono.Cecil.ModuleDefinition.ReadModule (System.String fileName, Mono.Cecil.ReaderParameters parameters) [0x00008] in <4e339395f8074c75847e518298d9c5fd>:0 
  at Mono.Cecil.AssemblyDefinition.ReadAssembly (System.String fileName, Mono.Cecil.ReaderParameters parameters) [0x00000] in <4e339395f8074c75847e518298d9c5fd>:0 
  at UnityEditor.AssemblyValidation.LoadAssemblyDefinitions (System.String[] assemblyPaths, System.String[] searchPaths) [0x00048] in <5016c3a47c2a4a0cbfa8e12eb592279b>:0 
  at UnityEditor.AssemblyValidation.ValidateAssemblies (System.String[] assemblyPaths, System.Boolean enableLogging) [0x00007] in <5016c3a47c2a4a0cbfa8e12eb592279b>:0 

- Loaded All Assemblies, in  0.715 seconds
Refreshing native plugins compatible for Editor in 2.09 ms, found 4 plugins.
Native extension for WindowsStandalone target not found
[Package Manager] Failed to launch server process. Reason: Unity was launched with the -noUpm command-line argument
[Package Manager] Unable to send message (not connected to server process).
[Package Manager] Cannot connect to Unity Package Manager local server
ScheduleIndexationOnStartup MainProcess:False IndexOnStartup:True
Mono: successfully reloaded assembly
- Finished resetting the current domain, in  1.014 seconds
Domain Reload Profiling: 1725ms
	BeginReloadAssembly (225ms)
		ExecutionOrderSort (0ms)
		DisableScriptedObjects (15ms)
		BackupInstance (0ms)
		ReleaseScriptingObjects (0ms)
		CreateAndSetChildDomain (54ms)
	RebuildCommonClasses (38ms)
	RebuildNativeTypeToScriptingClass (13ms)
	initialDomainReloadingComplete (33ms)
	LoadAllAssembliesAndSetupDomain (402ms)
		LoadAssemblies (265ms)
		RebuildTransferFunctionScriptingTraits (0ms)
		AnalyzeDomain (234ms)
			TypeCache.Refresh (6ms)
				TypeCache.ScanAssembly (0ms)
			BuildScriptInfoCaches (212ms)
			ResolveRequiredComponents (9ms)
	FinalizeReload (1015ms)
		ReleaseScriptCaches (0ms)
		RebuildScriptCaches (0ms)
		SetupLoadedEditorAssemblies (847ms)
			LogAssemblyErrors (0ms)
			InitializePlatformSupportModulesInManaged (3ms)
			SetLoadedEditorAssemblies (6ms)
			BeforeProcessingInitializeOnLoad (193ms)
			ProcessInitializeOnLoadAttributes (546ms)
			ProcessInitializeOnLoadMethodAttributes (90ms)
			AfterProcessingInitializeOnLoad (9ms)
			EditorAssembliesLoaded (0ms)
		ExecutionOrderSort2 (0ms)
		AwakeInstancesAfterBackupRestoration (18ms)
Refreshing native plugins compatible for Editor in 2.63 ms, found 4 plugins.
Preloading 0 native plugins for Editor in 0.00 ms.
Unloading 16 Unused Serialized files (Serialized files now loaded: 0)
Unloading 6923 unused Assets / (5.1 MB). Loaded Objects now: 7804.
Memory consumption went from 157.9 MB to 152.9 MB.
Total: 15.759700 ms (FindLiveObjects: 0.791000 ms CreateObjectMapping: 1.317600 ms MarkObjects: 9.484800 ms  DeleteObjects: 4.164700 ms)

Prepare: number of updated asset objects reloaded= 0
========================================================================
Received Prepare
Begin MonoManager ReloadAssembly
[Licensing::Client] Successfully resolved entitlement details
DirectoryNotFoundException: Could not find a part of the path "C:\Users\Elenilson\Downloads\A-Extraordinaria-Mente-de-Arthur--main\A-Extraordinaria-Mente-de-Arthur--main\Library\PackageCache\com.unity.collections@aea9d3bd5e19\Unity.Collections.Tests\System.Runtime.CompilerServices.Unsafe\System.Runtime.CompilerServices.Unsafe.dll"
  at System.IO.FileStream..ctor (System.String path, System.IO.FileMode mode, System.IO.FileAccess access, System.IO.FileShare share, System.Int32 bufferSize, System.Boolean anonymous, System.IO.FileOptions options) [0x0019e] in <1eb9db207454431c84a47bcd81e79c37>:0 
  at System.IO.FileStream..ctor (System.String path, System.IO.FileMode mode, System.IO.FileAccess access, System.IO.FileShare share) [0x00000] in <1eb9db207454431c84a47bcd81e79c37>:0 
  at (wrapper remoting-invoke-with-check) System.IO.FileStream..ctor(string,System.IO.FileMode,System.IO.FileAccess,System.IO.FileShare)
  at Mono.Cecil.ModuleDefinition.GetFileStream (System.String fileName, System.IO.FileMode mode, System.IO.FileAccess access, System.IO.FileShare share) [0x00006] in <4e339395f8074c75847e518298d9c5fd>:0 
  at Mono.Cecil.ModuleDefinition.ReadModule (System.String fileName, Mono.Cecil.ReaderParameters parameters) [0x00008] in <4e339395f8074c75847e518298d9c5fd>:0 
  at Mono.Cecil.AssemblyDefinition.ReadAssembly (System.String fileName, Mono.Cecil.ReaderParameters parameters) [0x00000] in <4e339395f8074c75847e518298d9c5fd>:0 
  at UnityEditor.AssemblyValidation.LoadAssemblyDefinitions (System.String[] assemblyPaths, System.String[] searchPaths) [0x00048] in <5016c3a47c2a4a0cbfa8e12eb592279b>:0 
  at UnityEditor.AssemblyValidation.ValidateAssemblies (System.String[] assemblyPaths, System.Boolean enableLogging) [0x00007] in <5016c3a47c2a4a0cbfa8e12eb592279b>:0 

- Loaded All Assemblies, in  0.726 seconds
Refreshing native plugins compatible for Editor in 2.13 ms, found 4 plugins.
Native extension for WindowsStandalone target not found
[Package Manager] Failed to launch server process. Reason: Unity was launched with the -noUpm command-line argument
[Package Manager] Unable to send message (not connected to server process).
[Package Manager] Cannot connect to Unity Package Manager local server
ScheduleIndexationOnStartup MainProcess:False IndexOnStartup:True
Mono: successfully reloaded assembly
- Finished resetting the current domain, in  1.026 seconds
Domain Reload Profiling: 1748ms
	BeginReloadAssembly (227ms)
		ExecutionOrderSort (0ms)
		DisableScriptedObjects (16ms)
		BackupInstance (0ms)
		ReleaseScriptingObjects (0ms)
		CreateAndSetChildDomain (57ms)
	RebuildCommonClasses (38ms)
	RebuildNativeTypeToScriptingClass (13ms)
	initialDomainReloadingComplete (33ms)
	LoadAllAssembliesAndSetupDomain (410ms)
		LoadAssemblies (264ms)
		RebuildTransferFunctionScriptingTraits (0ms)
		AnalyzeDomain (242ms)
			TypeCache.Refresh (6ms)
				TypeCache.ScanAssembly (0ms)
			BuildScriptInfoCaches (221ms)
			ResolveRequiredComponents (9ms)
	FinalizeReload (1026ms)
		ReleaseScriptCaches (0ms)
		RebuildScriptCaches (0ms)
		SetupLoadedEditorAssemblies (851ms)
			LogAssemblyErrors (0ms)
			InitializePlatformSupportModulesInManaged (2ms)
			SetLoadedEditorAssemblies (5ms)
			BeforeProcessingInitializeOnLoad (181ms)
			ProcessInitializeOnLoadAttributes (546ms)
			ProcessInitializeOnLoadMethodAttributes (106ms)
			AfterProcessingInitializeOnLoad (11ms)
			EditorAssembliesLoaded (1ms)
		ExecutionOrderSort2 (0ms)
		AwakeInstancesAfterBackupRestoration (19ms)
Refreshing native plugins compatible for Editor in 2.99 ms, found 4 plugins.
Preloading 0 native plugins for Editor in 0.00 ms.
Unloading 16 Unused Serialized files (Serialized files now loaded: 0)
Unloading 6923 unused Assets / (5.3 MB). Loaded Objects now: 7807.
Memory consumption went from 158.0 MB to 152.7 MB.
Total: 18.874400 ms (FindLiveObjects: 0.881500 ms CreateObjectMapping: 1.415100 ms MarkObjects: 9.855800 ms  DeleteObjects: 6.720700 ms)

Prepare: number of updated asset objects reloaded= 0
========================================================================
Received Prepare
Refreshing native plugins compatible for Editor in 5.42 ms, found 4 plugins.
Preloading 0 native plugins for Editor in 0.00 ms.
Unloading 16 Unused Serialized files (Serialized files now loaded: 0)
Unloading 6913 unused Assets / (5.6 MB). Loaded Objects now: 7807.
Memory consumption went from 158.2 MB to 152.6 MB.
Total: 29.105800 ms (FindLiveObjects: 1.491300 ms CreateObjectMapping: 1.702600 ms MarkObjects: 18.704800 ms  DeleteObjects: 7.205000 ms)

Prepare: number of updated asset objects reloaded= 0
========================================================================
Received Prepare
Begin MonoManager ReloadAssembly
[Licensing::Client] Successfully resolved entitlement details
DirectoryNotFoundException: Could not find a part of the path "C:\Users\Elenilson\Downloads\A-Extraordinaria-Mente-de-Arthur--main\A-Extraordinaria-Mente-de-Arthur--main\Library\PackageCache\com.unity.collections@aea9d3bd5e19\Unity.Collections.Tests\System.Runtime.CompilerServices.Unsafe\System.Runtime.CompilerServices.Unsafe.dll"
  at System.IO.FileStream..ctor (System.String path, System.IO.FileMode mode, System.IO.FileAccess access, System.IO.FileShare share, System.Int32 bufferSize, System.Boolean anonymous, System.IO.FileOptions options) [0x0019e] in <1eb9db207454431c84a47bcd81e79c37>:0 
  at System.IO.FileStream..ctor (System.String path, System.IO.FileMode mode, System.IO.FileAccess access, System.IO.FileShare share) [0x00000] in <1eb9db207454431c84a47bcd81e79c37>:0 
  at (wrapper remoting-invoke-with-check) System.IO.FileStream..ctor(string,System.IO.FileMode,System.IO.FileAccess,System.IO.FileShare)
  at Mono.Cecil.ModuleDefinition.GetFileStream (System.String fileName, System.IO.FileMode mode, System.IO.FileAccess access, System.IO.FileShare share) [0x00006] in <4e339395f8074c75847e518298d9c5fd>:0 
  at Mono.Cecil.ModuleDefinition.ReadModule (System.String fileName, Mono.Cecil.ReaderParameters parameters) [0x00008] in <4e339395f8074c75847e518298d9c5fd>:0 
  at Mono.Cecil.AssemblyDefinition.ReadAssembly (System.String fileName, Mono.Cecil.ReaderParameters parameters) [0x00000] in <4e339395f8074c75847e518298d9c5fd>:0 
  at UnityEditor.AssemblyValidation.LoadAssemblyDefinitions (System.String[] assemblyPaths, System.String[] searchPaths) [0x00048] in <5016c3a47c2a4a0cbfa8e12eb592279b>:0 
  at UnityEditor.AssemblyValidation.ValidateAssemblies (System.String[] assemblyPaths, System.Boolean enableLogging) [0x00007] in <5016c3a47c2a4a0cbfa8e12eb592279b>:0 

- Loaded All Assemblies, in  0.837 seconds
Refreshing native plugins compatible for Editor in 3.15 ms, found 4 plugins.
Native extension for WindowsStandalone target not found
[Package Manager] Failed to launch server process. Reason: Unity was launched with the -noUpm command-line argument
[Package Manager] Unable to send message (not connected to server process).
[Package Manager] Cannot connect to Unity Package Manager local server
ScheduleIndexationOnStartup MainProcess:False IndexOnStartup:True
Mono: successfully reloaded assembly
- Finished resetting the current domain, in  0.908 seconds
Domain Reload Profiling: 1739ms
	BeginReloadAssembly (280ms)
		ExecutionOrderSort (0ms)
		DisableScriptedObjects (18ms)
		BackupInstance (0ms)
		ReleaseScriptingObjects (0ms)
		CreateAndSetChildDomain (62ms)
	RebuildCommonClasses (35ms)
	RebuildNativeTypeToScriptingClass (12ms)
	initialDomainReloadingComplete (38ms)
	LoadAllAssembliesAndSetupDomain (466ms)
		LoadAssemblies (331ms)
		RebuildTransferFunctionScriptingTraits (0ms)
		AnalyzeDomain (257ms)
			TypeCache.Refresh (11ms)
				TypeCache.ScanAssembly (1ms)
			BuildScriptInfoCaches (231ms)
			ResolveRequiredComponents (10ms)
	FinalizeReload (908ms)
		ReleaseScriptCaches (0ms)
		RebuildScriptCaches (0ms)
		SetupLoadedEditorAssemblies (710ms)
			LogAssemblyErrors (0ms)
			InitializePlatformSupportModulesInManaged (2ms)
			SetLoadedEditorAssemblies (6ms)
			BeforeProcessingInitializeOnLoad (190ms)
			ProcessInitializeOnLoadAttributes (431ms)
			ProcessInitializeOnLoadMethodAttributes (72ms)
			AfterProcessingInitializeOnLoad (10ms)
			EditorAssembliesLoaded (0ms)
		ExecutionOrderSort2 (0ms)
		AwakeInstancesAfterBackupRestoration (13ms)
Refreshing native plugins compatible for Editor in 2.21 ms, found 4 plugins.
Preloading 0 native plugins for Editor in 0.00 ms.
Unloading 16 Unused Serialized files (Serialized files now loaded: 0)
Unloading 6923 unused Assets / (5.0 MB). Loaded Objects now: 7810.
Memory consumption went from 158.0 MB to 153.0 MB.
Total: 12.477500 ms (FindLiveObjects: 0.876100 ms CreateObjectMapping: 0.886600 ms MarkObjects: 6.183900 ms  DeleteObjects: 4.529500 ms)

Prepare: number of updated asset objects reloaded= 0
========================================================================
Received Prepare
Begin MonoManager ReloadAssembly
DirectoryNotFoundException: Could not find a part of the path "C:\Users\Elenilson\Downloads\A-Extraordinaria-Mente-de-Arthur--main\A-Extraordinaria-Mente-de-Arthur--main\Library\PackageCache\com.unity.collections@aea9d3bd5e19\Unity.Collections.Tests\System.Runtime.CompilerServices.Unsafe\System.Runtime.CompilerServices.Unsafe.dll"
  at System.IO.FileStream..ctor (System.String path, System.IO.FileMode mode, System.IO.FileAccess access, System.IO.FileShare share, System.Int32 bufferSize, System.Boolean anonymous, System.IO.FileOptions options) [0x0019e] in <1eb9db207454431c84a47bcd81e79c37>:0 
  at System.IO.FileStream..ctor (System.String path, System.IO.FileMode mode, System.IO.FileAccess access, System.IO.FileShare share) [0x00000] in <1eb9db207454431c84a47bcd81e79c37>:0 
  at (wrapper remoting-invoke-with-check) System.IO.FileStream..ctor(string,System.IO.FileMode,System.IO.FileAccess,System.IO.FileShare)
  at Mono.Cecil.ModuleDefinition.GetFileStream (System.String fileName, System.IO.FileMode mode, System.IO.FileAccess access, System.IO.FileShare share) [0x00006] in <4e339395f8074c75847e518298d9c5fd>:0 
  at Mono.Cecil.ModuleDefinition.ReadModule (System.String fileName, Mono.Cecil.ReaderParameters parameters) [0x00008] in <4e339395f8074c75847e518298d9c5fd>:0 
  at Mono.Cecil.AssemblyDefinition.ReadAssembly (System.String fileName, Mono.Cecil.ReaderParameters parameters) [0x00000] in <4e339395f8074c75847e518298d9c5fd>:0 
  at UnityEditor.AssemblyValidation.LoadAssemblyDefinitions (System.String[] assemblyPaths, System.String[] searchPaths) [0x00048] in <5016c3a47c2a4a0cbfa8e12eb592279b>:0 
  at UnityEditor.AssemblyValidation.ValidateAssemblies (System.String[] assemblyPaths, System.Boolean enableLogging) [0x00007] in <5016c3a47c2a4a0cbfa8e12eb592279b>:0 

- Loaded All Assemblies, in  0.753 seconds
Refreshing native plugins compatible for Editor in 2.13 ms, found 4 plugins.
Native extension for WindowsStandalone target not found
[Package Manager] Failed to launch server process. Reason: Unity was launched with the -noUpm command-line argument
[Package Manager] Unable to send message (not connected to server process).
[Package Manager] Cannot connect to Unity Package Manager local server
ScheduleIndexationOnStartup MainProcess:False IndexOnStartup:True
Mono: successfully reloaded assembly
- Finished resetting the current domain, in  0.983 seconds
Domain Reload Profiling: 1733ms
	BeginReloadAssembly (236ms)
		ExecutionOrderSort (0ms)
		DisableScriptedObjects (20ms)
		BackupInstance (0ms)
		ReleaseScriptingObjects (0ms)
		CreateAndSetChildDomain (64ms)
	RebuildCommonClasses (37ms)
	RebuildNativeTypeToScriptingClass (12ms)
	initialDomainReloadingComplete (33ms)
	LoadAllAssembliesAndSetupDomain (432ms)
		LoadAssemblies (271ms)
		RebuildTransferFunctionScriptingTraits (0ms)
		AnalyzeDomain (255ms)
			TypeCache.Refresh (7ms)
				TypeCache.ScanAssembly (0ms)
			BuildScriptInfoCaches (232ms)
			ResolveRequiredComponents (10ms)
	FinalizeReload (983ms)
		ReleaseScriptCaches (0ms)
		RebuildScriptCaches (0ms)
		SetupLoadedEditorAssemblies (810ms)
			LogAssemblyErrors (0ms)
			InitializePlatformSupportModulesInManaged (2ms)
			SetLoadedEditorAssemblies (6ms)
			BeforeProcessingInitializeOnLoad (183ms)
			ProcessInitializeOnLoadAttributes (530ms)
			ProcessInitializeOnLoadMethodAttributes (76ms)
			AfterProcessingInitializeOnLoad (12ms)
			EditorAssembliesLoaded (1ms)
		ExecutionOrderSort2 (0ms)
		AwakeInstancesAfterBackupRestoration (20ms)
Refreshing native plugins compatible for Editor in 2.67 ms, found 4 plugins.
Preloading 0 native plugins for Editor in 0.00 ms.
Unloading 16 Unused Serialized files (Serialized files now loaded: 0)
Unloading 6923 unused Assets / (4.7 MB). Loaded Objects now: 7813.
Memory consumption went from 158.1 MB to 153.4 MB.
Total: 15.896600 ms (FindLiveObjects: 1.432600 ms CreateObjectMapping: 1.070900 ms MarkObjects: 9.207600 ms  DeleteObjects: 4.183900 ms)

Prepare: number of updated asset objects reloaded= 0
========================================================================
Received Prepare
Refreshing native plugins compatible for Editor in 5.36 ms, found 4 plugins.
Preloading 0 native plugins for Editor in 0.00 ms.
Unloading 16 Unused Serialized files (Serialized files now loaded: 0)
Unloading 6913 unused Assets / (4.7 MB). Loaded Objects now: 7813.
Memory consumption went from 158.3 MB to 153.5 MB.
Total: 22.395200 ms (FindLiveObjects: 1.620100 ms CreateObjectMapping: 2.367000 ms MarkObjects: 13.823900 ms  DeleteObjects: 4.581900 ms)

Prepare: number of updated asset objects reloaded= 0
========================================================================
Received Prepare
Begin MonoManager ReloadAssembly
[Licensing::Client] Successfully resolved entitlement details
DirectoryNotFoundException: Could not find a part of the path "C:\Users\Elenilson\Downloads\A-Extraordinaria-Mente-de-Arthur--main\A-Extraordinaria-Mente-de-Arthur--main\Library\PackageCache\com.unity.collections@aea9d3bd5e19\Unity.Collections.Tests\System.Runtime.CompilerServices.Unsafe\System.Runtime.CompilerServices.Unsafe.dll"
  at System.IO.FileStream..ctor (System.String path, System.IO.FileMode mode, System.IO.FileAccess access, System.IO.FileShare share, System.Int32 bufferSize, System.Boolean anonymous, System.IO.FileOptions options) [0x0019e] in <1eb9db207454431c84a47bcd81e79c37>:0 
  at System.IO.FileStream..ctor (System.String path, System.IO.FileMode mode, System.IO.FileAccess access, System.IO.FileShare share) [0x00000] in <1eb9db207454431c84a47bcd81e79c37>:0 
  at (wrapper remoting-invoke-with-check) System.IO.FileStream..ctor(string,System.IO.FileMode,System.IO.FileAccess,System.IO.FileShare)
  at Mono.Cecil.ModuleDefinition.GetFileStream (System.String fileName, System.IO.FileMode mode, System.IO.FileAccess access, System.IO.FileShare share) [0x00006] in <4e339395f8074c75847e518298d9c5fd>:0 
  at Mono.Cecil.ModuleDefinition.ReadModule (System.String fileName, Mono.Cecil.ReaderParameters parameters) [0x00008] in <4e339395f8074c75847e518298d9c5fd>:0 
  at Mono.Cecil.AssemblyDefinition.ReadAssembly (System.String fileName, Mono.Cecil.ReaderParameters parameters) [0x00000] in <4e339395f8074c75847e518298d9c5fd>:0 
  at UnityEditor.AssemblyValidation.LoadAssemblyDefinitions (System.String[] assemblyPaths, System.String[] searchPaths) [0x00048] in <5016c3a47c2a4a0cbfa8e12eb592279b>:0 
  at UnityEditor.AssemblyValidation.ValidateAssemblies (System.String[] assemblyPaths, System.Boolean enableLogging) [0x00007] in <5016c3a47c2a4a0cbfa8e12eb592279b>:0 

- Loaded All Assemblies, in  0.955 seconds
Refreshing native plugins compatible for Editor in 2.34 ms, found 4 plugins.
Native extension for WindowsStandalone target not found
[Package Manager] Failed to launch server process. Reason: Unity was launched with the -noUpm command-line argument
[Package Manager] Unable to send message (not connected to server process).
[Package Manager] Cannot connect to Unity Package Manager local server
ScheduleIndexationOnStartup MainProcess:False IndexOnStartup:True
Mono: successfully reloaded assembly
- Finished resetting the current domain, in  1.099 seconds
Domain Reload Profiling: 2047ms
	BeginReloadAssembly (287ms)
		ExecutionOrderSort (0ms)
		DisableScriptedObjects (23ms)
		BackupInstance (0ms)
		ReleaseScriptingObjects (0ms)
		CreateAndSetChildDomain (67ms)
	RebuildCommonClasses (41ms)
	RebuildNativeTypeToScriptingClass (14ms)
	initialDomainReloadingComplete (42ms)
	LoadAllAssembliesAndSetupDomain (563ms)
		LoadAssemblies (327ms)
		RebuildTransferFunctionScriptingTraits (0ms)
		AnalyzeDomain (352ms)
			TypeCache.Refresh (14ms)
				TypeCache.ScanAssembly (1ms)
			BuildScriptInfoCaches (319ms)
			ResolveRequiredComponents (13ms)
	FinalizeReload (1100ms)
		ReleaseScriptCaches (0ms)
		RebuildScriptCaches (0ms)
		SetupLoadedEditorAssemblies (883ms)
			LogAssemblyErrors (0ms)
			InitializePlatformSupportModulesInManaged (2ms)
			SetLoadedEditorAssemblies (7ms)
			BeforeProcessingInitializeOnLoad (250ms)
			ProcessInitializeOnLoadAttributes (541ms)
			ProcessInitializeOnLoadMethodAttributes (75ms)
			AfterProcessingInitializeOnLoad (8ms)
			EditorAssembliesLoaded (0ms)
		ExecutionOrderSort2 (0ms)
		AwakeInstancesAfterBackupRestoration (13ms)
Refreshing native plugins compatible for Editor in 3.39 ms, found 4 plugins.
Preloading 0 native plugins for Editor in 0.00 ms.
Unloading 16 Unused Serialized files (Serialized files now loaded: 0)
Unloading 6923 unused Assets / (5.1 MB). Loaded Objects now: 7816.
Memory consumption went from 158.1 MB to 153.0 MB.
Total: 12.904400 ms (FindLiveObjects: 0.851900 ms CreateObjectMapping: 1.050500 ms MarkObjects: 7.160200 ms  DeleteObjects: 3.840100 ms)

Prepare: number of updated asset objects reloaded= 0
========================================================================
Received Prepare
Begin MonoManager ReloadAssembly
DirectoryNotFoundException: Could not find a part of the path "C:\Users\Elenilson\Downloads\A-Extraordinaria-Mente-de-Arthur--main\A-Extraordinaria-Mente-de-Arthur--main\Library\PackageCache\com.unity.collections@aea9d3bd5e19\Unity.Collections.Tests\System.Runtime.CompilerServices.Unsafe\System.Runtime.CompilerServices.Unsafe.dll"
  at System.IO.FileStream..ctor (System.String path, System.IO.FileMode mode, System.IO.FileAccess access, System.IO.FileShare share, System.Int32 bufferSize, System.Boolean anonymous, System.IO.FileOptions options) [0x0019e] in <1eb9db207454431c84a47bcd81e79c37>:0 
  at System.IO.FileStream..ctor (System.String path, System.IO.FileMode mode, System.IO.FileAccess access, System.IO.FileShare share) [0x00000] in <1eb9db207454431c84a47bcd81e79c37>:0 
  at (wrapper remoting-invoke-with-check) System.IO.FileStream..ctor(string,System.IO.FileMode,System.IO.FileAccess,System.IO.FileShare)
  at Mono.Cecil.ModuleDefinition.GetFileStream (System.String fileName, System.IO.FileMode mode, System.IO.FileAccess access, System.IO.FileShare share) [0x00006] in <4e339395f8074c75847e518298d9c5fd>:0 
  at Mono.Cecil.ModuleDefinition.ReadModule (System.String fileName, Mono.Cecil.ReaderParameters parameters) [0x00008] in <4e339395f8074c75847e518298d9c5fd>:0 
  at Mono.Cecil.AssemblyDefinition.ReadAssembly (System.String fileName, Mono.Cecil.ReaderParameters parameters) [0x00000] in <4e339395f8074c75847e518298d9c5fd>:0 
  at UnityEditor.AssemblyValidation.LoadAssemblyDefinitions (System.String[] assemblyPaths, System.String[] searchPaths) [0x00048] in <5016c3a47c2a4a0cbfa8e12eb592279b>:0 
  at UnityEditor.AssemblyValidation.ValidateAssemblies (System.String[] assemblyPaths, System.Boolean enableLogging) [0x00007] in <5016c3a47c2a4a0cbfa8e12eb592279b>:0 

- Loaded All Assemblies, in  0.702 seconds
Refreshing native plugins compatible for Editor in 2.08 ms, found 4 plugins.
Native extension for WindowsStandalone target not found
[Package Manager] Failed to launch server process. Reason: Unity was launched with the -noUpm command-line argument
[Package Manager] Unable to send message (not connected to server process).
[Package Manager] Cannot connect to Unity Package Manager local server
ScheduleIndexationOnStartup MainProcess:False IndexOnStartup:True
Mono: successfully reloaded assembly
- Finished resetting the current domain, in  1.003 seconds
Domain Reload Profiling: 1698ms
	BeginReloadAssembly (223ms)
		ExecutionOrderSort (0ms)
		DisableScriptedObjects (14ms)
		BackupInstance (0ms)
		ReleaseScriptingObjects (0ms)
		CreateAndSetChildDomain (55ms)
	RebuildCommonClasses (36ms)
	RebuildNativeTypeToScriptingClass (13ms)
	initialDomainReloadingComplete (34ms)
	LoadAllAssembliesAndSetupDomain (389ms)
		LoadAssemblies (257ms)
		RebuildTransferFunctionScriptingTraits (0ms)
		AnalyzeDomain (230ms)
			TypeCache.Refresh (6ms)
				TypeCache.ScanAssembly (0ms)
			BuildScriptInfoCaches (210ms)
			ResolveRequiredComponents (8ms)
	FinalizeReload (1003ms)
		ReleaseScriptCaches (0ms)
		RebuildScriptCaches (0ms)
		SetupLoadedEditorAssemblies (841ms)
			LogAssemblyErrors (0ms)
			InitializePlatformSupportModulesInManaged (2ms)
			SetLoadedEditorAssemblies (5ms)
			BeforeProcessingInitializeOnLoad (187ms)
			ProcessInitializeOnLoadAttributes (539ms)
			ProcessInitializeOnLoadMethodAttributes (98ms)
			AfterProcessingInitializeOnLoad (10ms)
			EditorAssembliesLoaded (0ms)
		ExecutionOrderSort2 (0ms)
		AwakeInstancesAfterBackupRestoration (18ms)
Refreshing native plugins compatible for Editor in 3.12 ms, found 4 plugins.
Preloading 0 native plugins for Editor in 0.00 ms.
Unloading 16 Unused Serialized files (Serialized files now loaded: 0)
Unloading 6923 unused Assets / (5.0 MB). Loaded Objects now: 7819.
Memory consumption went from 158.1 MB to 153.2 MB.
Total: 17.227100 ms (FindLiveObjects: 1.636700 ms CreateObjectMapping: 1.482600 ms MarkObjects: 9.433100 ms  DeleteObjects: 4.673200 ms)

Prepare: number of updated asset objects reloaded= 0
========================================================================
Received Prepare
Refreshing native plugins compatible for Editor in 3.24 ms, found 4 plugins.
Preloading 0 native plugins for Editor in 0.00 ms.
Unloading 16 Unused Serialized files (Serialized files now loaded: 0)
Unloading 6913 unused Assets / (4.6 MB). Loaded Objects now: 7819.
Memory consumption went from 158.3 MB to 153.7 MB.
Total: 16.034700 ms (FindLiveObjects: 0.806600 ms CreateObjectMapping: 1.026600 ms MarkObjects: 10.161500 ms  DeleteObjects: 4.038600 ms)

Prepare: number of updated asset objects reloaded= 0
========================================================================
Received Prepare
Begin MonoManager ReloadAssembly
[Licensing::Client] Successfully resolved entitlement details
DirectoryNotFoundException: Could not find a part of the path "C:\Users\Elenilson\Downloads\A-Extraordinaria-Mente-de-Arthur--main\A-Extraordinaria-Mente-de-Arthur--main\Library\PackageCache\com.unity.collections@aea9d3bd5e19\Unity.Collections.Tests\System.Runtime.CompilerServices.Unsafe\System.Runtime.CompilerServices.Unsafe.dll"
  at System.IO.FileStream..ctor (System.String path, System.IO.FileMode mode, System.IO.FileAccess access, System.IO.FileShare share, System.Int32 bufferSize, System.Boolean anonymous, System.IO.FileOptions options) [0x0019e] in <1eb9db207454431c84a47bcd81e79c37>:0 
  at System.IO.FileStream..ctor (System.String path, System.IO.FileMode mode, System.IO.FileAccess access, System.IO.FileShare share) [0x00000] in <1eb9db207454431c84a47bcd81e79c37>:0 
  at (wrapper remoting-invoke-with-check) System.IO.FileStream..ctor(string,System.IO.FileMode,System.IO.FileAccess,System.IO.FileShare)
  at Mono.Cecil.ModuleDefinition.GetFileStream (System.String fileName, System.IO.FileMode mode, System.IO.FileAccess access, System.IO.FileShare share) [0x00006] in <4e339395f8074c75847e518298d9c5fd>:0 
  at Mono.Cecil.ModuleDefinition.ReadModule (System.String fileName, Mono.Cecil.ReaderParameters parameters) [0x00008] in <4e339395f8074c75847e518298d9c5fd>:0 
  at Mono.Cecil.AssemblyDefinition.ReadAssembly (System.String fileName, Mono.Cecil.ReaderParameters parameters) [0x00000] in <4e339395f8074c75847e518298d9c5fd>:0 
  at UnityEditor.AssemblyValidation.LoadAssemblyDefinitions (System.String[] assemblyPaths, System.String[] searchPaths) [0x00048] in <5016c3a47c2a4a0cbfa8e12eb592279b>:0 
  at UnityEditor.AssemblyValidation.ValidateAssemblies (System.String[] assemblyPaths, System.Boolean enableLogging) [0x00007] in <5016c3a47c2a4a0cbfa8e12eb592279b>:0 

- Loaded All Assemblies, in  0.719 seconds
Refreshing native plugins compatible for Editor in 2.89 ms, found 4 plugins.
Native extension for WindowsStandalone target not found
[Package Manager] Failed to launch server process. Reason: Unity was launched with the -noUpm command-line argument
[Package Manager] Unable to send message (not connected to server process).
[Package Manager] Cannot connect to Unity Package Manager local server
ScheduleIndexationOnStartup MainProcess:False IndexOnStartup:True
Mono: successfully reloaded assembly
- Finished resetting the current domain, in  0.966 seconds
Domain Reload Profiling: 1684ms
	BeginReloadAssembly (231ms)
		ExecutionOrderSort (0ms)
		DisableScriptedObjects (19ms)
		BackupInstance (0ms)
		ReleaseScriptingObjects (0ms)
		CreateAndSetChildDomain (53ms)
	RebuildCommonClasses (36ms)
	RebuildNativeTypeToScriptingClass (13ms)
	initialDomainReloadingComplete (35ms)
	LoadAllAssembliesAndSetupDomain (403ms)
		LoadAssemblies (265ms)
		RebuildTransferFunctionScriptingTraits (0ms)
		AnalyzeDomain (236ms)
			TypeCache.Refresh (9ms)
				TypeCache.ScanAssembly (0ms)
			BuildScriptInfoCaches (212ms)
			ResolveRequiredComponents (10ms)
	FinalizeReload (967ms)
		ReleaseScriptCaches (0ms)
		RebuildScriptCaches (0ms)
		SetupLoadedEditorAssemblies (764ms)
			LogAssemblyErrors (0ms)
			InitializePlatformSupportModulesInManaged (2ms)
			SetLoadedEditorAssemblies (7ms)
			BeforeProcessingInitializeOnLoad (214ms)
			ProcessInitializeOnLoadAttributes (459ms)
			ProcessInitializeOnLoadMethodAttributes (70ms)
			AfterProcessingInitializeOnLoad (11ms)
			EditorAssembliesLoaded (1ms)
		ExecutionOrderSort2 (0ms)
		AwakeInstancesAfterBackupRestoration (20ms)
Refreshing native plugins compatible for Editor in 2.37 ms, found 4 plugins.
Preloading 0 native plugins for Editor in 0.00 ms.
Unloading 16 Unused Serialized files (Serialized files now loaded: 0)
Unloading 6923 unused Assets / (4.7 MB). Loaded Objects now: 7822.
Memory consumption went from 158.2 MB to 153.6 MB.
Total: 10.443700 ms (FindLiveObjects: 0.798900 ms CreateObjectMapping: 0.526200 ms MarkObjects: 6.490600 ms  DeleteObjects: 2.626800 ms)

Prepare: number of updated asset objects reloaded= 0
========================================================================
Received Prepare
Begin MonoManager ReloadAssembly
DirectoryNotFoundException: Could not find a part of the path "C:\Users\Elenilson\Downloads\A-Extraordinaria-Mente-de-Arthur--main\A-Extraordinaria-Mente-de-Arthur--main\Library\PackageCache\com.unity.collections@aea9d3bd5e19\Unity.Collections.Tests\System.Runtime.CompilerServices.Unsafe\System.Runtime.CompilerServices.Unsafe.dll"
  at System.IO.FileStream..ctor (System.String path, System.IO.FileMode mode, System.IO.FileAccess access, System.IO.FileShare share, System.Int32 bufferSize, System.Boolean anonymous, System.IO.FileOptions options) [0x0019e] in <1eb9db207454431c84a47bcd81e79c37>:0 
  at System.IO.FileStream..ctor (System.String path, System.IO.FileMode mode, System.IO.FileAccess access, System.IO.FileShare share) [0x00000] in <1eb9db207454431c84a47bcd81e79c37>:0 
  at (wrapper remoting-invoke-with-check) System.IO.FileStream..ctor(string,System.IO.FileMode,System.IO.FileAccess,System.IO.FileShare)
  at Mono.Cecil.ModuleDefinition.GetFileStream (System.String fileName, System.IO.FileMode mode, System.IO.FileAccess access, System.IO.FileShare share) [0x00006] in <4e339395f8074c75847e518298d9c5fd>:0 
  at Mono.Cecil.ModuleDefinition.ReadModule (System.String fileName, Mono.Cecil.ReaderParameters parameters) [0x00008] in <4e339395f8074c75847e518298d9c5fd>:0 
  at Mono.Cecil.AssemblyDefinition.ReadAssembly (System.String fileName, Mono.Cecil.ReaderParameters parameters) [0x00000] in <4e339395f8074c75847e518298d9c5fd>:0 
  at UnityEditor.AssemblyValidation.LoadAssemblyDefinitions (System.String[] assemblyPaths, System.String[] searchPaths) [0x00048] in <5016c3a47c2a4a0cbfa8e12eb592279b>:0 
  at UnityEditor.AssemblyValidation.ValidateAssemblies (System.String[] assemblyPaths, System.Boolean enableLogging) [0x00007] in <5016c3a47c2a4a0cbfa8e12eb592279b>:0 

- Loaded All Assemblies, in  0.722 seconds
Refreshing native plugins compatible for Editor in 2.82 ms, found 4 plugins.
Native extension for WindowsStandalone target not found
[Package Manager] Failed to launch server process. Reason: Unity was launched with the -noUpm command-line argument
[Package Manager] Unable to send message (not connected to server process).
[Package Manager] Cannot connect to Unity Package Manager local server
ScheduleIndexationOnStartup MainProcess:False IndexOnStartup:True
Mono: successfully reloaded assembly
- Finished resetting the current domain, in  1.046 seconds
Domain Reload Profiling: 1764ms
	BeginReloadAssembly (235ms)
		ExecutionOrderSort (0ms)
		DisableScriptedObjects (15ms)
		BackupInstance (0ms)
		ReleaseScriptingObjects (0ms)
		CreateAndSetChildDomain (54ms)
	RebuildCommonClasses (38ms)
	RebuildNativeTypeToScriptingClass (12ms)
	initialDomainReloadingComplete (34ms)
	LoadAllAssembliesAndSetupDomain (399ms)
		LoadAssemblies (267ms)
		RebuildTransferFunctionScriptingTraits (0ms)
		AnalyzeDomain (233ms)
			TypeCache.Refresh (7ms)
				TypeCache.ScanAssembly (0ms)
			BuildScriptInfoCaches (214ms)
			ResolveRequiredComponents (9ms)
	FinalizeReload (1047ms)
		ReleaseScriptCaches (0ms)
		RebuildScriptCaches (0ms)
		SetupLoadedEditorAssemblies (879ms)
			LogAssemblyErrors (0ms)
			InitializePlatformSupportModulesInManaged (2ms)
			SetLoadedEditorAssemblies (5ms)
			BeforeProcessingInitializeOnLoad (185ms)
			ProcessInitializeOnLoadAttributes (575ms)
			ProcessInitializeOnLoadMethodAttributes (100ms)
			AfterProcessingInitializeOnLoad (12ms)
			EditorAssembliesLoaded (1ms)
		ExecutionOrderSort2 (0ms)
		AwakeInstancesAfterBackupRestoration (19ms)
Refreshing native plugins compatible for Editor in 2.91 ms, found 4 plugins.
Preloading 0 native plugins for Editor in 0.00 ms.
Unloading 16 Unused Serialized files (Serialized files now loaded: 0)
Unloading 6923 unused Assets / (5.0 MB). Loaded Objects now: 7825.
Memory consumption went from 158.3 MB to 153.4 MB.
Total: 16.196300 ms (FindLiveObjects: 0.827700 ms CreateObjectMapping: 1.398700 ms MarkObjects: 10.008500 ms  DeleteObjects: 3.960200 ms)

Prepare: number of updated asset objects reloaded= 0
========================================================================
Received Prepare
Begin MonoManager ReloadAssembly
[Licensing::Client] Successfully resolved entitlement details
DirectoryNotFoundException: Could not find a part of the path "C:\Users\Elenilson\Downloads\A-Extraordinaria-Mente-de-Arthur--main\A-Extraordinaria-Mente-de-Arthur--main\Library\PackageCache\com.unity.collections@aea9d3bd5e19\Unity.Collections.Tests\System.Runtime.CompilerServices.Unsafe\System.Runtime.CompilerServices.Unsafe.dll"
  at System.IO.FileStream..ctor (System.String path, System.IO.FileMode mode, System.IO.FileAccess access, System.IO.FileShare share, System.Int32 bufferSize, System.Boolean anonymous, System.IO.FileOptions options) [0x0019e] in <1eb9db207454431c84a47bcd81e79c37>:0 
  at System.IO.FileStream..ctor (System.String path, System.IO.FileMode mode, System.IO.FileAccess access, System.IO.FileShare share) [0x00000] in <1eb9db207454431c84a47bcd81e79c37>:0 
  at (wrapper remoting-invoke-with-check) System.IO.FileStream..ctor(string,System.IO.FileMode,System.IO.FileAccess,System.IO.FileShare)
  at Mono.Cecil.ModuleDefinition.GetFileStream (System.String fileName, System.IO.FileMode mode, System.IO.FileAccess access, System.IO.FileShare share) [0x00006] in <4e339395f8074c75847e518298d9c5fd>:0 
  at Mono.Cecil.ModuleDefinition.ReadModule (System.String fileName, Mono.Cecil.ReaderParameters parameters) [0x00008] in <4e339395f8074c75847e518298d9c5fd>:0 
  at Mono.Cecil.AssemblyDefinition.ReadAssembly (System.String fileName, Mono.Cecil.ReaderParameters parameters) [0x00000] in <4e339395f8074c75847e518298d9c5fd>:0 
  at UnityEditor.AssemblyValidation.LoadAssemblyDefinitions (System.String[] assemblyPaths, System.String[] searchPaths) [0x00048] in <5016c3a47c2a4a0cbfa8e12eb592279b>:0 
  at UnityEditor.AssemblyValidation.ValidateAssemblies (System.String[] assemblyPaths, System.Boolean enableLogging) [0x00007] in <5016c3a47c2a4a0cbfa8e12eb592279b>:0 

- Loaded All Assemblies, in  0.718 seconds
Refreshing native plugins compatible for Editor in 2.01 ms, found 4 plugins.
Native extension for WindowsStandalone target not found
[Package Manager] Failed to launch server process. Reason: Unity was launched with the -noUpm command-line argument
[Package Manager] Unable to send message (not connected to server process).
[Package Manager] Cannot connect to Unity Package Manager local server
ScheduleIndexationOnStartup MainProcess:False IndexOnStartup:True
Mono: successfully reloaded assembly
- Finished resetting the current domain, in  0.996 seconds
Domain Reload Profiling: 1709ms
	BeginReloadAssembly (223ms)
		ExecutionOrderSort (0ms)
		DisableScriptedObjects (18ms)
		BackupInstance (0ms)
		ReleaseScriptingObjects (0ms)
		CreateAndSetChildDomain (52ms)
	RebuildCommonClasses (36ms)
	RebuildNativeTypeToScriptingClass (11ms)
	initialDomainReloadingComplete (32ms)
	LoadAllAssembliesAndSetupDomain (410ms)
		LoadAssemblies (252ms)
		RebuildTransferFunctionScriptingTraits (0ms)
		AnalyzeDomain (249ms)
			TypeCache.Refresh (8ms)
				TypeCache.ScanAssembly (0ms)
			BuildScriptInfoCaches (228ms)
			ResolveRequiredComponents (9ms)
	FinalizeReload (996ms)
		ReleaseScriptCaches (0ms)
		RebuildScriptCaches (0ms)
		SetupLoadedEditorAssemblies (834ms)
			LogAssemblyErrors (0ms)
			InitializePlatformSupportModulesInManaged (2ms)
			SetLoadedEditorAssemblies (6ms)
			BeforeProcessingInitializeOnLoad (187ms)
			ProcessInitializeOnLoadAttributes (557ms)
			ProcessInitializeOnLoadMethodAttributes (73ms)
			AfterProcessingInitializeOnLoad (8ms)
			EditorAssembliesLoaded (0ms)
		ExecutionOrderSort2 (0ms)
		AwakeInstancesAfterBackupRestoration (19ms)
Refreshing native plugins compatible for Editor in 3.01 ms, found 4 plugins.
Preloading 0 native plugins for Editor in 0.00 ms.
Unloading 16 Unused Serialized files (Serialized files now loaded: 0)
Unloading 6923 unused Assets / (4.8 MB). Loaded Objects now: 7828.
Memory consumption went from 158.3 MB to 153.6 MB.
Total: 16.328300 ms (FindLiveObjects: 0.883400 ms CreateObjectMapping: 1.071400 ms MarkObjects: 10.479300 ms  DeleteObjects: 3.891800 ms)

Prepare: number of updated asset objects reloaded= 0
========================================================================
Received Prepare
Begin MonoManager ReloadAssembly
DirectoryNotFoundException: Could not find a part of the path "C:\Users\Elenilson\Downloads\A-Extraordinaria-Mente-de-Arthur--main\A-Extraordinaria-Mente-de-Arthur--main\Library\PackageCache\com.unity.collections@aea9d3bd5e19\Unity.Collections.Tests\System.Runtime.CompilerServices.Unsafe\System.Runtime.CompilerServices.Unsafe.dll"
  at System.IO.FileStream..ctor (System.String path, System.IO.FileMode mode, System.IO.FileAccess access, System.IO.FileShare share, System.Int32 bufferSize, System.Boolean anonymous, System.IO.FileOptions options) [0x0019e] in <1eb9db207454431c84a47bcd81e79c37>:0 
  at System.IO.FileStream..ctor (System.String path, System.IO.FileMode mode, System.IO.FileAccess access, System.IO.FileShare share) [0x00000] in <1eb9db207454431c84a47bcd81e79c37>:0 
  at (wrapper remoting-invoke-with-check) System.IO.FileStream..ctor(string,System.IO.FileMode,System.IO.FileAccess,System.IO.FileShare)
  at Mono.Cecil.ModuleDefinition.GetFileStream (System.String fileName, System.IO.FileMode mode, System.IO.FileAccess access, System.IO.FileShare share) [0x00006] in <4e339395f8074c75847e518298d9c5fd>:0 
  at Mono.Cecil.ModuleDefinition.ReadModule (System.String fileName, Mono.Cecil.ReaderParameters parameters) [0x00008] in <4e339395f8074c75847e518298d9c5fd>:0 
  at Mono.Cecil.AssemblyDefinition.ReadAssembly (System.String fileName, Mono.Cecil.ReaderParameters parameters) [0x00000] in <4e339395f8074c75847e518298d9c5fd>:0 
  at UnityEditor.AssemblyValidation.LoadAssemblyDefinitions (System.String[] assemblyPaths, System.String[] searchPaths) [0x00048] in <5016c3a47c2a4a0cbfa8e12eb592279b>:0 
  at UnityEditor.AssemblyValidation.ValidateAssemblies (System.String[] assemblyPaths, System.Boolean enableLogging) [0x00007] in <5016c3a47c2a4a0cbfa8e12eb592279b>:0 

- Loaded All Assemblies, in  0.696 seconds
Refreshing native plugins compatible for Editor in 2.29 ms, found 4 plugins.
Native extension for WindowsStandalone target not found
[Package Manager] Failed to launch server process. Reason: Unity was launched with the -noUpm command-line argument
[Package Manager] Unable to send message (not connected to server process).
[Package Manager] Cannot connect to Unity Package Manager local server
ScheduleIndexationOnStartup MainProcess:False IndexOnStartup:True
Mono: successfully reloaded assembly
- Finished resetting the current domain, in  1.066 seconds
Domain Reload Profiling: 1759ms
	BeginReloadAssembly (217ms)
		ExecutionOrderSort (0ms)
		DisableScriptedObjects (14ms)
		BackupInstance (0ms)
		ReleaseScriptingObjects (0ms)
		CreateAndSetChildDomain (51ms)
	RebuildCommonClasses (34ms)
	RebuildNativeTypeToScriptingClass (12ms)
	initialDomainReloadingComplete (30ms)
	LoadAllAssembliesAndSetupDomain (398ms)
		LoadAssemblies (257ms)
		RebuildTransferFunctionScriptingTraits (0ms)
		AnalyzeDomain (235ms)
			TypeCache.Refresh (7ms)
				TypeCache.ScanAssembly (0ms)
			BuildScriptInfoCaches (215ms)
			ResolveRequiredComponents (9ms)
	FinalizeReload (1067ms)
		ReleaseScriptCaches (0ms)
		RebuildScriptCaches (0ms)
		SetupLoadedEditorAssemblies (894ms)
			LogAssemblyErrors (0ms)
			InitializePlatformSupportModulesInManaged (2ms)
			SetLoadedEditorAssemblies (6ms)
			BeforeProcessingInitializeOnLoad (203ms)
			ProcessInitializeOnLoadAttributes (576ms)
			ProcessInitializeOnLoadMethodAttributes (96ms)
			AfterProcessingInitializeOnLoad (11ms)
			EditorAssembliesLoaded (0ms)
		ExecutionOrderSort2 (0ms)
		AwakeInstancesAfterBackupRestoration (20ms)
Refreshing native plugins compatible for Editor in 3.31 ms, found 4 plugins.
Preloading 0 native plugins for Editor in 0.00 ms.
Unloading 16 Unused Serialized files (Serialized files now loaded: 0)
Unloading 6923 unused Assets / (5.0 MB). Loaded Objects now: 7831.
Memory consumption went from 158.4 MB to 153.4 MB.
Total: 15.387900 ms (FindLiveObjects: 1.286100 ms CreateObjectMapping: 1.127100 ms MarkObjects: 8.729900 ms  DeleteObjects: 4.243200 ms)

Prepare: number of updated asset objects reloaded= 0
========================================================================
Received Prepare
Begin MonoManager ReloadAssembly
[Licensing::Client] Successfully resolved entitlement details
DirectoryNotFoundException: Could not find a part of the path "C:\Users\Elenilson\Downloads\A-Extraordinaria-Mente-de-Arthur--main\A-Extraordinaria-Mente-de-Arthur--main\Library\PackageCache\com.unity.collections@aea9d3bd5e19\Unity.Collections.Tests\System.Runtime.CompilerServices.Unsafe\System.Runtime.CompilerServices.Unsafe.dll"
  at System.IO.FileStream..ctor (System.String path, System.IO.FileMode mode, System.IO.FileAccess access, System.IO.FileShare share, System.Int32 bufferSize, System.Boolean anonymous, System.IO.FileOptions options) [0x0019e] in <1eb9db207454431c84a47bcd81e79c37>:0 
  at System.IO.FileStream..ctor (System.String path, System.IO.FileMode mode, System.IO.FileAccess access, System.IO.FileShare share) [0x00000] in <1eb9db207454431c84a47bcd81e79c37>:0 
  at (wrapper remoting-invoke-with-check) System.IO.FileStream..ctor(string,System.IO.FileMode,System.IO.FileAccess,System.IO.FileShare)
  at Mono.Cecil.ModuleDefinition.GetFileStream (System.String fileName, System.IO.FileMode mode, System.IO.FileAccess access, System.IO.FileShare share) [0x00006] in <4e339395f8074c75847e518298d9c5fd>:0 
  at Mono.Cecil.ModuleDefinition.ReadModule (System.String fileName, Mono.Cecil.ReaderParameters parameters) [0x00008] in <4e339395f8074c75847e518298d9c5fd>:0 
  at Mono.Cecil.AssemblyDefinition.ReadAssembly (System.String fileName, Mono.Cecil.ReaderParameters parameters) [0x00000] in <4e339395f8074c75847e518298d9c5fd>:0 
  at UnityEditor.AssemblyValidation.LoadAssemblyDefinitions (System.String[] assemblyPaths, System.String[] searchPaths) [0x00048] in <5016c3a47c2a4a0cbfa8e12eb592279b>:0 
  at UnityEditor.AssemblyValidation.ValidateAssemblies (System.String[] assemblyPaths, System.Boolean enableLogging) [0x00007] in <5016c3a47c2a4a0cbfa8e12eb592279b>:0 

- Loaded All Assemblies, in  0.814 seconds
Refreshing native plugins compatible for Editor in 2.72 ms, found 4 plugins.
Native extension for WindowsStandalone target not found
[Package Manager] Failed to launch server process. Reason: Unity was launched with the -noUpm command-line argument
[Package Manager] Unable to send message (not connected to server process).
[Package Manager] Cannot connect to Unity Package Manager local server
ScheduleIndexationOnStartup MainProcess:False IndexOnStartup:True
Mono: successfully reloaded assembly
- Finished resetting the current domain, in  1.122 seconds
Domain Reload Profiling: 1933ms
	BeginReloadAssembly (255ms)
		ExecutionOrderSort (0ms)
		DisableScriptedObjects (18ms)
		BackupInstance (0ms)
		ReleaseScriptingObjects (0ms)
		CreateAndSetChildDomain (60ms)
	RebuildCommonClasses (42ms)
	RebuildNativeTypeToScriptingClass (13ms)
	initialDomainReloadingComplete (35ms)
	LoadAllAssembliesAndSetupDomain (466ms)
		LoadAssemblies (297ms)
		RebuildTransferFunctionScriptingTraits (0ms)
		AnalyzeDomain (282ms)
			TypeCache.Refresh (7ms)
				TypeCache.ScanAssembly (0ms)
			BuildScriptInfoCaches (253ms)
			ResolveRequiredComponents (14ms)
	FinalizeReload (1123ms)
		ReleaseScriptCaches (0ms)
		RebuildScriptCaches (0ms)
		SetupLoadedEditorAssemblies (939ms)
			LogAssemblyErrors (0ms)
			InitializePlatformSupportModulesInManaged (2ms)
			SetLoadedEditorAssemblies (7ms)
			BeforeProcessingInitializeOnLoad (206ms)
			ProcessInitializeOnLoadAttributes (603ms)
			ProcessInitializeOnLoadMethodAttributes (109ms)
			AfterProcessingInitializeOnLoad (12ms)
			EditorAssembliesLoaded (1ms)
		ExecutionOrderSort2 (0ms)
		AwakeInstancesAfterBackupRestoration (20ms)
Refreshing native plugins compatible for Editor in 4.22 ms, found 4 plugins.
Preloading 0 native plugins for Editor in 0.00 ms.
Unloading 16 Unused Serialized files (Serialized files now loaded: 0)
Unloading 6923 unused Assets / (4.8 MB). Loaded Objects now: 7834.
Memory consumption went from 158.5 MB to 153.7 MB.
Total: 18.101000 ms (FindLiveObjects: 0.943800 ms CreateObjectMapping: 1.612500 ms MarkObjects: 11.086000 ms  DeleteObjects: 4.457100 ms)

Prepare: number of updated asset objects reloaded= 0
========================================================================
Received Prepare
Refreshing native plugins compatible for Editor in 4.10 ms, found 4 plugins.
Preloading 0 native plugins for Editor in 0.00 ms.
Unloading 16 Unused Serialized files (Serialized files now loaded: 0)
Unloading 6913 unused Assets / (5.4 MB). Loaded Objects now: 7834.
Memory consumption went from 158.6 MB to 153.2 MB.
Total: 21.824800 ms (FindLiveObjects: 1.780000 ms CreateObjectMapping: 2.213000 ms MarkObjects: 10.079800 ms  DeleteObjects: 7.750000 ms)

Prepare: number of updated asset objects reloaded= 0
========================================================================
Received Prepare
Begin MonoManager ReloadAssembly
[Licensing::Client] Successfully resolved entitlement details
DirectoryNotFoundException: Could not find a part of the path "C:\Users\Elenilson\Downloads\A-Extraordinaria-Mente-de-Arthur--main\A-Extraordinaria-Mente-de-Arthur--main\Library\PackageCache\com.unity.collections@aea9d3bd5e19\Unity.Collections.Tests\System.Runtime.CompilerServices.Unsafe\System.Runtime.CompilerServices.Unsafe.dll"
  at System.IO.FileStream..ctor (System.String path, System.IO.FileMode mode, System.IO.FileAccess access, System.IO.FileShare share, System.Int32 bufferSize, System.Boolean anonymous, System.IO.FileOptions options) [0x0019e] in <1eb9db207454431c84a47bcd81e79c37>:0 
  at System.IO.FileStream..ctor (System.String path, System.IO.FileMode mode, System.IO.FileAccess access, System.IO.FileShare share) [0x00000] in <1eb9db207454431c84a47bcd81e79c37>:0 
  at (wrapper remoting-invoke-with-check) System.IO.FileStream..ctor(string,System.IO.FileMode,System.IO.FileAccess,System.IO.FileShare)
  at Mono.Cecil.ModuleDefinition.GetFileStream (System.String fileName, System.IO.FileMode mode, System.IO.FileAccess access, System.IO.FileShare share) [0x00006] in <4e339395f8074c75847e518298d9c5fd>:0 
  at Mono.Cecil.ModuleDefinition.ReadModule (System.String fileName, Mono.Cecil.ReaderParameters parameters) [0x00008] in <4e339395f8074c75847e518298d9c5fd>:0 
  at Mono.Cecil.AssemblyDefinition.ReadAssembly (System.String fileName, Mono.Cecil.ReaderParameters parameters) [0x00000] in <4e339395f8074c75847e518298d9c5fd>:0 
  at UnityEditor.AssemblyValidation.LoadAssemblyDefinitions (System.String[] assemblyPaths, System.String[] searchPaths) [0x00048] in <5016c3a47c2a4a0cbfa8e12eb592279b>:0 
  at UnityEditor.AssemblyValidation.ValidateAssemblies (System.String[] assemblyPaths, System.Boolean enableLogging) [0x00007] in <5016c3a47c2a4a0cbfa8e12eb592279b>:0 

- Loaded All Assemblies, in  1.075 seconds
Refreshing native plugins compatible for Editor in 3.02 ms, found 4 plugins.
Native extension for WindowsStandalone target not found
[Package Manager] Failed to launch server process. Reason: Unity was launched with the -noUpm command-line argument
[Package Manager] Unable to send message (not connected to server process).
[Package Manager] Cannot connect to Unity Package Manager local server
ScheduleIndexationOnStartup MainProcess:False IndexOnStartup:True
Mono: successfully reloaded assembly
- Finished resetting the current domain, in  1.083 seconds
Domain Reload Profiling: 2152ms
	BeginReloadAssembly (322ms)
		ExecutionOrderSort (0ms)
		DisableScriptedObjects (25ms)
		BackupInstance (0ms)
		ReleaseScriptingObjects (0ms)
		CreateAndSetChildDomain (70ms)
	RebuildCommonClasses (60ms)
	RebuildNativeTypeToScriptingClass (18ms)
	initialDomainReloadingComplete (46ms)
	LoadAllAssembliesAndSetupDomain (622ms)
		LoadAssemblies (392ms)
		RebuildTransferFunctionScriptingTraits (0ms)
		AnalyzeDomain (369ms)
			TypeCache.Refresh (13ms)
				TypeCache.ScanAssembly (1ms)
			BuildScriptInfoCaches (335ms)
			ResolveRequiredComponents (14ms)
	FinalizeReload (1083ms)
		ReleaseScriptCaches (0ms)
		RebuildScriptCaches (0ms)
		SetupLoadedEditorAssemblies (833ms)
			LogAssemblyErrors (0ms)
			InitializePlatformSupportModulesInManaged (2ms)
			SetLoadedEditorAssemblies (6ms)
			BeforeProcessingInitializeOnLoad (218ms)
			ProcessInitializeOnLoadAttributes (507ms)
			ProcessInitializeOnLoadMethodAttributes (89ms)
			AfterProcessingInitializeOnLoad (10ms)
			EditorAssembliesLoaded (0ms)
		ExecutionOrderSort2 (0ms)
		AwakeInstancesAfterBackupRestoration (17ms)
Refreshing native plugins compatible for Editor in 2.93 ms, found 4 plugins.
Preloading 0 native plugins for Editor in 0.00 ms.
Unloading 16 Unused Serialized files (Serialized files now loaded: 0)
Unloading 6923 unused Assets / (4.2 MB). Loaded Objects now: 7837.
Memory consumption went from 158.5 MB to 154.3 MB.
Total: 13.037400 ms (FindLiveObjects: 0.846500 ms CreateObjectMapping: 1.077000 ms MarkObjects: 7.637800 ms  DeleteObjects: 3.474400 ms)

Prepare: number of updated asset objects reloaded= 0
========================================================================
Received Prepare
Begin MonoManager ReloadAssembly
DirectoryNotFoundException: Could not find a part of the path "C:\Users\Elenilson\Downloads\A-Extraordinaria-Mente-de-Arthur--main\A-Extraordinaria-Mente-de-Arthur--main\Library\PackageCache\com.unity.collections@aea9d3bd5e19\Unity.Collections.Tests\System.Runtime.CompilerServices.Unsafe\System.Runtime.CompilerServices.Unsafe.dll"
  at System.IO.FileStream..ctor (System.String path, System.IO.FileMode mode, System.IO.FileAccess access, System.IO.FileShare share, System.Int32 bufferSize, System.Boolean anonymous, System.IO.FileOptions options) [0x0019e] in <1eb9db207454431c84a47bcd81e79c37>:0 
  at System.IO.FileStream..ctor (System.String path, System.IO.FileMode mode, System.IO.FileAccess access, System.IO.FileShare share) [0x00000] in <1eb9db207454431c84a47bcd81e79c37>:0 
  at (wrapper remoting-invoke-with-check) System.IO.FileStream..ctor(string,System.IO.FileMode,System.IO.FileAccess,System.IO.FileShare)
  at Mono.Cecil.ModuleDefinition.GetFileStream (System.String fileName, System.IO.FileMode mode, System.IO.FileAccess access, System.IO.FileShare share) [0x00006] in <4e339395f8074c75847e518298d9c5fd>:0 
  at Mono.Cecil.ModuleDefinition.ReadModule (System.String fileName, Mono.Cecil.ReaderParameters parameters) [0x00008] in <4e339395f8074c75847e518298d9c5fd>:0 
  at Mono.Cecil.AssemblyDefinition.ReadAssembly (System.String fileName, Mono.Cecil.ReaderParameters parameters) [0x00000] in <4e339395f8074c75847e518298d9c5fd>:0 
  at UnityEditor.AssemblyValidation.LoadAssemblyDefinitions (System.String[] assemblyPaths, System.String[] searchPaths) [0x00048] in <5016c3a47c2a4a0cbfa8e12eb592279b>:0 
  at UnityEditor.AssemblyValidation.ValidateAssemblies (System.String[] assemblyPaths, System.Boolean enableLogging) [0x00007] in <5016c3a47c2a4a0cbfa8e12eb592279b>:0 

- Loaded All Assemblies, in  0.876 seconds
Refreshing native plugins compatible for Editor in 2.36 ms, found 4 plugins.
Native extension for WindowsStandalone target not found
[Package Manager] Failed to launch server process. Reason: Unity was launched with the -noUpm command-line argument
[Package Manager] Unable to send message (not connected to server process).
[Package Manager] Cannot connect to Unity Package Manager local server
ScheduleIndexationOnStartup MainProcess:False IndexOnStartup:True
Mono: successfully reloaded assembly
- Finished resetting the current domain, in  1.258 seconds
Domain Reload Profiling: 2130ms
	BeginReloadAssembly (267ms)
		ExecutionOrderSort (0ms)
		DisableScriptedObjects (20ms)
		BackupInstance (0ms)
		ReleaseScriptingObjects (0ms)
		CreateAndSetChildDomain (63ms)
	RebuildCommonClasses (48ms)
	RebuildNativeTypeToScriptingClass (20ms)
	initialDomainReloadingComplete (43ms)
	LoadAllAssembliesAndSetupDomain (493ms)
		LoadAssemblies (324ms)
		RebuildTransferFunctionScriptingTraits (0ms)
		AnalyzeDomain (287ms)
			TypeCache.Refresh (7ms)
				TypeCache.ScanAssembly (0ms)
			BuildScriptInfoCaches (263ms)
			ResolveRequiredComponents (11ms)
	FinalizeReload (1259ms)
		ReleaseScriptCaches (0ms)
		RebuildScriptCaches (0ms)
		SetupLoadedEditorAssemblies (1041ms)
			LogAssemblyErrors (0ms)
			InitializePlatformSupportModulesInManaged (2ms)
			SetLoadedEditorAssemblies (6ms)
			BeforeProcessingInitializeOnLoad (241ms)
			ProcessInitializeOnLoadAttributes (667ms)
			ProcessInitializeOnLoadMethodAttributes (111ms)
			AfterProcessingInitializeOnLoad (13ms)
			EditorAssembliesLoaded (0ms)
		ExecutionOrderSort2 (0ms)
		AwakeInstancesAfterBackupRestoration (25ms)
Refreshing native plugins compatible for Editor in 3.35 ms, found 4 plugins.
Preloading 0 native plugins for Editor in 0.00 ms.
Unloading 16 Unused Serialized files (Serialized files now loaded: 0)
Unloading 6923 unused Assets / (4.8 MB). Loaded Objects now: 7840.
Memory consumption went from 158.5 MB to 153.7 MB.
Total: 21.780000 ms (FindLiveObjects: 1.859600 ms CreateObjectMapping: 2.482000 ms MarkObjects: 11.724800 ms  DeleteObjects: 5.709700 ms)

Prepare: number of updated asset objects reloaded= 0
========================================================================
Received Prepare
Refreshing native plugins compatible for Editor in 6.45 ms, found 4 plugins.
Preloading 0 native plugins for Editor in 0.00 ms.
Unloading 16 Unused Serialized files (Serialized files now loaded: 0)
Unloading 6913 unused Assets / (4.5 MB). Loaded Objects now: 7840.
Memory consumption went from 158.7 MB to 154.2 MB.
Total: 19.449000 ms (FindLiveObjects: 1.374200 ms CreateObjectMapping: 2.124100 ms MarkObjects: 11.432300 ms  DeleteObjects: 4.516000 ms)

Prepare: number of updated asset objects reloaded= 0
========================================================================
Received Prepare
Begin MonoManager ReloadAssembly
DirectoryNotFoundException: Could not find a part of the path "C:\Users\Elenilson\Downloads\A-Extraordinaria-Mente-de-Arthur--main\A-Extraordinaria-Mente-de-Arthur--main\Library\PackageCache\com.unity.collections@aea9d3bd5e19\Unity.Collections.Tests\System.Runtime.CompilerServices.Unsafe\System.Runtime.CompilerServices.Unsafe.dll"
  at System.IO.FileStream..ctor (System.String path, System.IO.FileMode mode, System.IO.FileAccess access, System.IO.FileShare share, System.Int32 bufferSize, System.Boolean anonymous, System.IO.FileOptions options) [0x0019e] in <1eb9db207454431c84a47bcd81e79c37>:0 
  at System.IO.FileStream..ctor (System.String path, System.IO.FileMode mode, System.IO.FileAccess access, System.IO.FileShare share) [0x00000] in <1eb9db207454431c84a47bcd81e79c37>:0 
  at (wrapper remoting-invoke-with-check) System.IO.FileStream..ctor(string,System.IO.FileMode,System.IO.FileAccess,System.IO.FileShare)
  at Mono.Cecil.ModuleDefinition.GetFileStream (System.String fileName, System.IO.FileMode mode, System.IO.FileAccess access, System.IO.FileShare share) [0x00006] in <4e339395f8074c75847e518298d9c5fd>:0 
  at Mono.Cecil.ModuleDefinition.ReadModule (System.String fileName, Mono.Cecil.ReaderParameters parameters) [0x00008] in <4e339395f8074c75847e518298d9c5fd>:0 
  at Mono.Cecil.AssemblyDefinition.ReadAssembly (System.String fileName, Mono.Cecil.ReaderParameters parameters) [0x00000] in <4e339395f8074c75847e518298d9c5fd>:0 
  at UnityEditor.AssemblyValidation.LoadAssemblyDefinitions (System.String[] assemblyPaths, System.String[] searchPaths) [0x00048] in <5016c3a47c2a4a0cbfa8e12eb592279b>:0 
  at UnityEditor.AssemblyValidation.ValidateAssemblies (System.String[] assemblyPaths, System.Boolean enableLogging) [0x00007] in <5016c3a47c2a4a0cbfa8e12eb592279b>:0 

- Loaded All Assemblies, in  1.081 seconds
Refreshing native plugins compatible for Editor in 3.05 ms, found 4 plugins.
Native extension for WindowsStandalone target not found
[Package Manager] Failed to launch server process. Reason: Unity was launched with the -noUpm command-line argument
[Package Manager] Unable to send message (not connected to server process).
[Package Manager] Cannot connect to Unity Package Manager local server
ScheduleIndexationOnStartup MainProcess:False IndexOnStartup:True
Mono: successfully reloaded assembly
- Finished resetting the current domain, in  1.115 seconds
Domain Reload Profiling: 2190ms
	BeginReloadAssembly (315ms)
		ExecutionOrderSort (0ms)
		DisableScriptedObjects (24ms)
		BackupInstance (0ms)
		ReleaseScriptingObjects (0ms)
		CreateAndSetChildDomain (70ms)
	RebuildCommonClasses (44ms)
	RebuildNativeTypeToScriptingClass (19ms)
	initialDomainReloadingComplete (51ms)
	LoadAllAssembliesAndSetupDomain (645ms)
		LoadAssemblies (366ms)
		RebuildTransferFunctionScriptingTraits (0ms)
		AnalyzeDomain (415ms)
			TypeCache.Refresh (13ms)
				TypeCache.ScanAssembly (1ms)
			BuildScriptInfoCaches (387ms)
			ResolveRequiredComponents (10ms)
	FinalizeReload (1115ms)
		ReleaseScriptCaches (0ms)
		RebuildScriptCaches (0ms)
		SetupLoadedEditorAssemblies (880ms)
			LogAssemblyErrors (0ms)
			InitializePlatformSupportModulesInManaged (3ms)
			SetLoadedEditorAssemblies (8ms)
			BeforeProcessingInitializeOnLoad (227ms)
			ProcessInitializeOnLoadAttributes (533ms)
			ProcessInitializeOnLoadMethodAttributes (98ms)
			AfterProcessingInitializeOnLoad (10ms)
			EditorAssembliesLoaded (0ms)
		ExecutionOrderSort2 (0ms)
		AwakeInstancesAfterBackupRestoration (17ms)
Refreshing native plugins compatible for Editor in 2.63 ms, found 4 plugins.
Preloading 0 native plugins for Editor in 0.00 ms.
Unloading 16 Unused Serialized files (Serialized files now loaded: 0)
Unloading 6923 unused Assets / (4.3 MB). Loaded Objects now: 7843.
Memory consumption went from 158.5 MB to 154.2 MB.
Total: 10.900000 ms (FindLiveObjects: 0.991100 ms CreateObjectMapping: 0.587600 ms MarkObjects: 6.883100 ms  DeleteObjects: 2.436800 ms)

Prepare: number of updated asset objects reloaded= 0
========================================================================
Received Prepare
Begin MonoManager ReloadAssembly
[Licensing::Client] Successfully resolved entitlement details
DirectoryNotFoundException: Could not find a part of the path "C:\Users\Elenilson\Downloads\A-Extraordinaria-Mente-de-Arthur--main\A-Extraordinaria-Mente-de-Arthur--main\Library\PackageCache\com.unity.collections@aea9d3bd5e19\Unity.Collections.Tests\System.Runtime.CompilerServices.Unsafe\System.Runtime.CompilerServices.Unsafe.dll"
  at System.IO.FileStream..ctor (System.String path, System.IO.FileMode mode, System.IO.FileAccess access, System.IO.FileShare share, System.Int32 bufferSize, System.Boolean anonymous, System.IO.FileOptions options) [0x0019e] in <1eb9db207454431c84a47bcd81e79c37>:0 
  at System.IO.FileStream..ctor (System.String path, System.IO.FileMode mode, System.IO.FileAccess access, System.IO.FileShare share) [0x00000] in <1eb9db207454431c84a47bcd81e79c37>:0 
  at (wrapper remoting-invoke-with-check) System.IO.FileStream..ctor(string,System.IO.FileMode,System.IO.FileAccess,System.IO.FileShare)
  at Mono.Cecil.ModuleDefinition.GetFileStream (System.String fileName, System.IO.FileMode mode, System.IO.FileAccess access, System.IO.FileShare share) [0x00006] in <4e339395f8074c75847e518298d9c5fd>:0 
  at Mono.Cecil.ModuleDefinition.ReadModule (System.String fileName, Mono.Cecil.ReaderParameters parameters) [0x00008] in <4e339395f8074c75847e518298d9c5fd>:0 
  at Mono.Cecil.AssemblyDefinition.ReadAssembly (System.String fileName, Mono.Cecil.ReaderParameters parameters) [0x00000] in <4e339395f8074c75847e518298d9c5fd>:0 
  at UnityEditor.AssemblyValidation.LoadAssemblyDefinitions (System.String[] assemblyPaths, System.String[] searchPaths) [0x00048] in <5016c3a47c2a4a0cbfa8e12eb592279b>:0 
  at UnityEditor.AssemblyValidation.ValidateAssemblies (System.String[] assemblyPaths, System.Boolean enableLogging) [0x00007] in <5016c3a47c2a4a0cbfa8e12eb592279b>:0 

- Loaded All Assemblies, in  0.890 seconds
Refreshing native plugins compatible for Editor in 2.68 ms, found 4 plugins.
Native extension for WindowsStandalone target not found
[Package Manager] Failed to launch server process. Reason: Unity was launched with the -noUpm command-line argument
[Package Manager] Unable to send message (not connected to server process).
[Package Manager] Cannot connect to Unity Package Manager local server
ScheduleIndexationOnStartup MainProcess:False IndexOnStartup:True
Mono: successfully reloaded assembly
- Finished resetting the current domain, in  1.224 seconds
Domain Reload Profiling: 2110ms
	BeginReloadAssembly (261ms)
		ExecutionOrderSort (0ms)
		DisableScriptedObjects (21ms)
		BackupInstance (0ms)
		ReleaseScriptingObjects (0ms)
		CreateAndSetChildDomain (63ms)
	RebuildCommonClasses (46ms)
	RebuildNativeTypeToScriptingClass (16ms)
	initialDomainReloadingComplete (37ms)
	LoadAllAssembliesAndSetupDomain (526ms)
		LoadAssemblies (309ms)
		RebuildTransferFunctionScriptingTraits (0ms)
		AnalyzeDomain (324ms)
			TypeCache.Refresh (8ms)
				TypeCache.ScanAssembly (0ms)
			BuildScriptInfoCaches (299ms)
			ResolveRequiredComponents (12ms)
	FinalizeReload (1225ms)
		ReleaseScriptCaches (0ms)
		RebuildScriptCaches (0ms)
		SetupLoadedEditorAssemblies (1020ms)
			LogAssemblyErrors (0ms)
			InitializePlatformSupportModulesInManaged (2ms)
			SetLoadedEditorAssemblies (6ms)
			BeforeProcessingInitializeOnLoad (213ms)
			ProcessInitializeOnLoadAttributes (686ms)
			ProcessInitializeOnLoadMethodAttributes (99ms)
			AfterProcessingInitializeOnLoad (13ms)
			EditorAssembliesLoaded (1ms)
		ExecutionOrderSort2 (0ms)
		AwakeInstancesAfterBackupRestoration (24ms)
Refreshing native plugins compatible for Editor in 3.53 ms, found 4 plugins.
Preloading 0 native plugins for Editor in 0.00 ms.
Unloading 16 Unused Serialized files (Serialized files now loaded: 0)
Unloading 6923 unused Assets / (4.5 MB). Loaded Objects now: 7846.
Memory consumption went from 158.7 MB to 154.1 MB.
Total: 18.262700 ms (FindLiveObjects: 1.058600 ms CreateObjectMapping: 1.940900 ms MarkObjects: 10.750800 ms  DeleteObjects: 4.510500 ms)

Prepare: number of updated asset objects reloaded= 0
========================================================================
Received Prepare
Begin MonoManager ReloadAssembly
DirectoryNotFoundException: Could not find a part of the path "C:\Users\Elenilson\Downloads\A-Extraordinaria-Mente-de-Arthur--main\A-Extraordinaria-Mente-de-Arthur--main\Library\PackageCache\com.unity.collections@aea9d3bd5e19\Unity.Collections.Tests\System.Runtime.CompilerServices.Unsafe\System.Runtime.CompilerServices.Unsafe.dll"
  at System.IO.FileStream..ctor (System.String path, System.IO.FileMode mode, System.IO.FileAccess access, System.IO.FileShare share, System.Int32 bufferSize, System.Boolean anonymous, System.IO.FileOptions options) [0x0019e] in <1eb9db207454431c84a47bcd81e79c37>:0 
  at System.IO.FileStream..ctor (System.String path, System.IO.FileMode mode, System.IO.FileAccess access, System.IO.FileShare share) [0x00000] in <1eb9db207454431c84a47bcd81e79c37>:0 
  at (wrapper remoting-invoke-with-check) System.IO.FileStream..ctor(string,System.IO.FileMode,System.IO.FileAccess,System.IO.FileShare)
  at Mono.Cecil.ModuleDefinition.GetFileStream (System.String fileName, System.IO.FileMode mode, System.IO.FileAccess access, System.IO.FileShare share) [0x00006] in <4e339395f8074c75847e518298d9c5fd>:0 
  at Mono.Cecil.ModuleDefinition.ReadModule (System.String fileName, Mono.Cecil.ReaderParameters parameters) [0x00008] in <4e339395f8074c75847e518298d9c5fd>:0 
  at Mono.Cecil.AssemblyDefinition.ReadAssembly (System.String fileName, Mono.Cecil.ReaderParameters parameters) [0x00000] in <4e339395f8074c75847e518298d9c5fd>:0 
  at UnityEditor.AssemblyValidation.LoadAssemblyDefinitions (System.String[] assemblyPaths, System.String[] searchPaths) [0x00048] in <5016c3a47c2a4a0cbfa8e12eb592279b>:0 
  at UnityEditor.AssemblyValidation.ValidateAssemblies (System.String[] assemblyPaths, System.Boolean enableLogging) [0x00007] in <5016c3a47c2a4a0cbfa8e12eb592279b>:0 

- Loaded All Assemblies, in  0.878 seconds
Refreshing native plugins compatible for Editor in 2.76 ms, found 4 plugins.
Native extension for WindowsStandalone target not found
[Package Manager] Failed to launch server process. Reason: Unity was launched with the -noUpm command-line argument
[Package Manager] Unable to send message (not connected to server process).
[Package Manager] Cannot connect to Unity Package Manager local server
ScheduleIndexationOnStartup MainProcess:False IndexOnStartup:True
Mono: successfully reloaded assembly
- Finished resetting the current domain, in  1.251 seconds
Domain Reload Profiling: 2128ms
	BeginReloadAssembly (250ms)
		ExecutionOrderSort (0ms)
		DisableScriptedObjects (18ms)
		BackupInstance (0ms)
		ReleaseScriptingObjects (0ms)
		CreateAndSetChildDomain (62ms)
	RebuildCommonClasses (46ms)
	RebuildNativeTypeToScriptingClass (15ms)
	initialDomainReloadingComplete (38ms)
	LoadAllAssembliesAndSetupDomain (527ms)
		LoadAssemblies (301ms)
		RebuildTransferFunctionScriptingTraits (0ms)
		AnalyzeDomain (329ms)
			TypeCache.Refresh (7ms)
				TypeCache.ScanAssembly (0ms)
			BuildScriptInfoCaches (297ms)
			ResolveRequiredComponents (17ms)
	FinalizeReload (1252ms)
		ReleaseScriptCaches (0ms)
		RebuildScriptCaches (0ms)
		SetupLoadedEditorAssemblies (1040ms)
			LogAssemblyErrors (0ms)
			InitializePlatformSupportModulesInManaged (3ms)
			SetLoadedEditorAssemblies (5ms)
			BeforeProcessingInitializeOnLoad (224ms)
			ProcessInitializeOnLoadAttributes (669ms)
			ProcessInitializeOnLoadMethodAttributes (126ms)
			AfterProcessingInitializeOnLoad (12ms)
			EditorAssembliesLoaded (0ms)
		ExecutionOrderSort2 (0ms)
		AwakeInstancesAfterBackupRestoration (23ms)
Refreshing native plugins compatible for Editor in 3.46 ms, found 4 plugins.
Preloading 0 native plugins for Editor in 0.00 ms.
Unloading 16 Unused Serialized files (Serialized files now loaded: 0)
Unloading 6923 unused Assets / (4.7 MB). Loaded Objects now: 7849.
Memory consumption went from 158.7 MB to 154.0 MB.
Total: 19.815800 ms (FindLiveObjects: 1.705200 ms CreateObjectMapping: 3.174500 ms MarkObjects: 9.418100 ms  DeleteObjects: 5.515900 ms)

Prepare: number of updated asset objects reloaded= 0
========================================================================
Received Prepare
Refreshing native plugins compatible for Editor in 3.08 ms, found 4 plugins.
Preloading 0 native plugins for Editor in 0.00 ms.
Unloading 16 Unused Serialized files (Serialized files now loaded: 0)
Unloading 6913 unused Assets / (4.7 MB). Loaded Objects now: 7849.
Memory consumption went from 158.9 MB to 154.2 MB.
Total: 19.537900 ms (FindLiveObjects: 1.180000 ms CreateObjectMapping: 1.324800 ms MarkObjects: 13.061500 ms  DeleteObjects: 3.969600 ms)

Prepare: number of updated asset objects reloaded= 0
========================================================================
Received Prepare
Begin MonoManager ReloadAssembly
[Licensing::Client] Successfully resolved entitlement details
DirectoryNotFoundException: Could not find a part of the path "C:\Users\Elenilson\Downloads\A-Extraordinaria-Mente-de-Arthur--main\A-Extraordinaria-Mente-de-Arthur--main\Library\PackageCache\com.unity.collections@aea9d3bd5e19\Unity.Collections.Tests\System.Runtime.CompilerServices.Unsafe\System.Runtime.CompilerServices.Unsafe.dll"
  at System.IO.FileStream..ctor (System.String path, System.IO.FileMode mode, System.IO.FileAccess access, System.IO.FileShare share, System.Int32 bufferSize, System.Boolean anonymous, System.IO.FileOptions options) [0x0019e] in <1eb9db207454431c84a47bcd81e79c37>:0 
  at System.IO.FileStream..ctor (System.String path, System.IO.FileMode mode, System.IO.FileAccess access, System.IO.FileShare share) [0x00000] in <1eb9db207454431c84a47bcd81e79c37>:0 
  at (wrapper remoting-invoke-with-check) System.IO.FileStream..ctor(string,System.IO.FileMode,System.IO.FileAccess,System.IO.FileShare)
  at Mono.Cecil.ModuleDefinition.GetFileStream (System.String fileName, System.IO.FileMode mode, System.IO.FileAccess access, System.IO.FileShare share) [0x00006] in <4e339395f8074c75847e518298d9c5fd>:0 
  at Mono.Cecil.ModuleDefinition.ReadModule (System.String fileName, Mono.Cecil.ReaderParameters parameters) [0x00008] in <4e339395f8074c75847e518298d9c5fd>:0 
  at Mono.Cecil.AssemblyDefinition.ReadAssembly (System.String fileName, Mono.Cecil.ReaderParameters parameters) [0x00000] in <4e339395f8074c75847e518298d9c5fd>:0 
  at UnityEditor.AssemblyValidation.LoadAssemblyDefinitions (System.String[] assemblyPaths, System.String[] searchPaths) [0x00048] in <5016c3a47c2a4a0cbfa8e12eb592279b>:0 
  at UnityEditor.AssemblyValidation.ValidateAssemblies (System.String[] assemblyPaths, System.Boolean enableLogging) [0x00007] in <5016c3a47c2a4a0cbfa8e12eb592279b>:0 

- Loaded All Assemblies, in  0.984 seconds
Refreshing native plugins compatible for Editor in 3.54 ms, found 4 plugins.
Native extension for WindowsStandalone target not found
[Package Manager] Failed to launch server process. Reason: Unity was launched with the -noUpm command-line argument
[Package Manager] Unable to send message (not connected to server process).
[Package Manager] Cannot connect to Unity Package Manager local server
ScheduleIndexationOnStartup MainProcess:False IndexOnStartup:True
Mono: successfully reloaded assembly
- Finished resetting the current domain, in  1.317 seconds
Domain Reload Profiling: 2298ms
	BeginReloadAssembly (313ms)
		ExecutionOrderSort (0ms)
		DisableScriptedObjects (21ms)
		BackupInstance (0ms)
		ReleaseScriptingObjects (0ms)
		CreateAndSetChildDomain (76ms)
	RebuildCommonClasses (44ms)
	RebuildNativeTypeToScriptingClass (15ms)
	initialDomainReloadingComplete (44ms)
	LoadAllAssembliesAndSetupDomain (564ms)
		LoadAssemblies (370ms)
		RebuildTransferFunctionScriptingTraits (0ms)
		AnalyzeDomain (337ms)
			TypeCache.Refresh (11ms)
				TypeCache.ScanAssembly (1ms)
			BuildScriptInfoCaches (307ms)
			ResolveRequiredComponents (14ms)
	FinalizeReload (1318ms)
		ReleaseScriptCaches (0ms)
		RebuildScriptCaches (0ms)
		SetupLoadedEditorAssemblies (1082ms)
			LogAssemblyErrors (0ms)
			InitializePlatformSupportModulesInManaged (2ms)
			SetLoadedEditorAssemblies (7ms)
			BeforeProcessingInitializeOnLoad (294ms)
			ProcessInitializeOnLoadAttributes (645ms)
			ProcessInitializeOnLoadMethodAttributes (118ms)
			AfterProcessingInitializeOnLoad (15ms)
			EditorAssembliesLoaded (0ms)
		ExecutionOrderSort2 (0ms)
		AwakeInstancesAfterBackupRestoration (25ms)
Refreshing native plugins compatible for Editor in 3.28 ms, found 4 plugins.
Preloading 0 native plugins for Editor in 0.00 ms.
Unloading 16 Unused Serialized files (Serialized files now loaded: 0)
Unloading 6923 unused Assets / (4.6 MB). Loaded Objects now: 7852.
Memory consumption went from 158.8 MB to 154.2 MB.
Total: 19.876300 ms (FindLiveObjects: 1.451200 ms CreateObjectMapping: 2.010500 ms MarkObjects: 12.204200 ms  DeleteObjects: 4.208100 ms)

Prepare: number of updated asset objects reloaded= 0
========================================================================
Received Prepare
Refreshing native plugins compatible for Editor in 3.57 ms, found 4 plugins.
Preloading 0 native plugins for Editor in 0.00 ms.
Unloading 16 Unused Serialized files (Serialized files now loaded: 0)
Unloading 6913 unused Assets / (4.3 MB). Loaded Objects now: 7852.
Memory consumption went from 158.9 MB to 154.6 MB.
Total: 16.733800 ms (FindLiveObjects: 1.119100 ms CreateObjectMapping: 1.528200 ms MarkObjects: 10.823900 ms  DeleteObjects: 3.260600 ms)

Prepare: number of updated asset objects reloaded= 0
========================================================================
Received Prepare
Begin MonoManager ReloadAssembly
[Licensing::Client] Successfully resolved entitlement details
DirectoryNotFoundException: Could not find a part of the path "C:\Users\Elenilson\Downloads\A-Extraordinaria-Mente-de-Arthur--main\A-Extraordinaria-Mente-de-Arthur--main\Library\PackageCache\com.unity.collections@aea9d3bd5e19\Unity.Collections.Tests\System.Runtime.CompilerServices.Unsafe\System.Runtime.CompilerServices.Unsafe.dll"
  at System.IO.FileStream..ctor (System.String path, System.IO.FileMode mode, System.IO.FileAccess access, System.IO.FileShare share, System.Int32 bufferSize, System.Boolean anonymous, System.IO.FileOptions options) [0x0019e] in <1eb9db207454431c84a47bcd81e79c37>:0 
  at System.IO.FileStream..ctor (System.String path, System.IO.FileMode mode, System.IO.FileAccess access, System.IO.FileShare share) [0x00000] in <1eb9db207454431c84a47bcd81e79c37>:0 
  at (wrapper remoting-invoke-with-check) System.IO.FileStream..ctor(string,System.IO.FileMode,System.IO.FileAccess,System.IO.FileShare)
  at Mono.Cecil.ModuleDefinition.GetFileStream (System.String fileName, System.IO.FileMode mode, System.IO.FileAccess access, System.IO.FileShare share) [0x00006] in <4e339395f8074c75847e518298d9c5fd>:0 
  at Mono.Cecil.ModuleDefinition.ReadModule (System.String fileName, Mono.Cecil.ReaderParameters parameters) [0x00008] in <4e339395f8074c75847e518298d9c5fd>:0 
  at Mono.Cecil.AssemblyDefinition.ReadAssembly (System.String fileName, Mono.Cecil.ReaderParameters parameters) [0x00000] in <4e339395f8074c75847e518298d9c5fd>:0 
  at UnityEditor.AssemblyValidation.LoadAssemblyDefinitions (System.String[] assemblyPaths, System.String[] searchPaths) [0x00048] in <5016c3a47c2a4a0cbfa8e12eb592279b>:0 
  at UnityEditor.AssemblyValidation.ValidateAssemblies (System.String[] assemblyPaths, System.Boolean enableLogging) [0x00007] in <5016c3a47c2a4a0cbfa8e12eb592279b>:0 

- Loaded All Assemblies, in  1.076 seconds
Refreshing native plugins compatible for Editor in 3.68 ms, found 4 plugins.
Native extension for WindowsStandalone target not found
[Package Manager] Failed to launch server process. Reason: Unity was launched with the -noUpm command-line argument
[Package Manager] Unable to send message (not connected to server process).
[Package Manager] Cannot connect to Unity Package Manager local server
ScheduleIndexationOnStartup MainProcess:False IndexOnStartup:True
Mono: successfully reloaded assembly
- Finished resetting the current domain, in  1.171 seconds
Domain Reload Profiling: 2244ms
	BeginReloadAssembly (330ms)
		ExecutionOrderSort (0ms)
		DisableScriptedObjects (24ms)
		BackupInstance (0ms)
		ReleaseScriptingObjects (0ms)
		CreateAndSetChildDomain (72ms)
	RebuildCommonClasses (67ms)
	RebuildNativeTypeToScriptingClass (22ms)
	initialDomainReloadingComplete (47ms)
	LoadAllAssembliesAndSetupDomain (607ms)
		LoadAssemblies (386ms)
		RebuildTransferFunctionScriptingTraits (0ms)
		AnalyzeDomain (368ms)
			TypeCache.Refresh (15ms)
				TypeCache.ScanAssembly (1ms)
			BuildScriptInfoCaches (338ms)
			ResolveRequiredComponents (10ms)
	FinalizeReload (1171ms)
		ReleaseScriptCaches (0ms)
		RebuildScriptCaches (0ms)
		SetupLoadedEditorAssemblies (914ms)
			LogAssemblyErrors (0ms)
			InitializePlatformSupportModulesInManaged (3ms)
			SetLoadedEditorAssemblies (6ms)
			BeforeProcessingInitializeOnLoad (227ms)
			ProcessInitializeOnLoadAttributes (570ms)
			ProcessInitializeOnLoadMethodAttributes (99ms)
			AfterProcessingInitializeOnLoad (9ms)
			EditorAssembliesLoaded (0ms)
		ExecutionOrderSort2 (0ms)
		AwakeInstancesAfterBackupRestoration (20ms)
Refreshing native plugins compatible for Editor in 3.54 ms, found 4 plugins.
Preloading 0 native plugins for Editor in 0.00 ms.
Unloading 16 Unused Serialized files (Serialized files now loaded: 0)
Unloading 6923 unused Assets / (4.5 MB). Loaded Objects now: 7855.
Memory consumption went from 158.8 MB to 154.3 MB.
Total: 15.711500 ms (FindLiveObjects: 0.871800 ms CreateObjectMapping: 1.136900 ms MarkObjects: 10.991500 ms  DeleteObjects: 2.709700 ms)

Prepare: number of updated asset objects reloaded= 0
========================================================================
Received Prepare
Begin MonoManager ReloadAssembly
DirectoryNotFoundException: Could not find a part of the path "C:\Users\Elenilson\Downloads\A-Extraordinaria-Mente-de-Arthur--main\A-Extraordinaria-Mente-de-Arthur--main\Library\PackageCache\com.unity.collections@aea9d3bd5e19\Unity.Collections.Tests\System.Runtime.CompilerServices.Unsafe\System.Runtime.CompilerServices.Unsafe.dll"
  at System.IO.FileStream..ctor (System.String path, System.IO.FileMode mode, System.IO.FileAccess access, System.IO.FileShare share, System.Int32 bufferSize, System.Boolean anonymous, System.IO.FileOptions options) [0x0019e] in <1eb9db207454431c84a47bcd81e79c37>:0 
  at System.IO.FileStream..ctor (System.String path, System.IO.FileMode mode, System.IO.FileAccess access, System.IO.FileShare share) [0x00000] in <1eb9db207454431c84a47bcd81e79c37>:0 
  at (wrapper remoting-invoke-with-check) System.IO.FileStream..ctor(string,System.IO.FileMode,System.IO.FileAccess,System.IO.FileShare)
  at Mono.Cecil.ModuleDefinition.GetFileStream (System.String fileName, System.IO.FileMode mode, System.IO.FileAccess access, System.IO.FileShare share) [0x00006] in <4e339395f8074c75847e518298d9c5fd>:0 
  at Mono.Cecil.ModuleDefinition.ReadModule (System.String fileName, Mono.Cecil.ReaderParameters parameters) [0x00008] in <4e339395f8074c75847e518298d9c5fd>:0 
  at Mono.Cecil.AssemblyDefinition.ReadAssembly (System.String fileName, Mono.Cecil.ReaderParameters parameters) [0x00000] in <4e339395f8074c75847e518298d9c5fd>:0 
  at UnityEditor.AssemblyValidation.LoadAssemblyDefinitions (System.String[] assemblyPaths, System.String[] searchPaths) [0x00048] in <5016c3a47c2a4a0cbfa8e12eb592279b>:0 
  at UnityEditor.AssemblyValidation.ValidateAssemblies (System.String[] assemblyPaths, System.Boolean enableLogging) [0x00007] in <5016c3a47c2a4a0cbfa8e12eb592279b>:0 

- Loaded All Assemblies, in  0.842 seconds
Refreshing native plugins compatible for Editor in 2.36 ms, found 4 plugins.
Native extension for WindowsStandalone target not found
[Package Manager] Failed to launch server process. Reason: Unity was launched with the -noUpm command-line argument
[Package Manager] Unable to send message (not connected to server process).
[Package Manager] Cannot connect to Unity Package Manager local server
ScheduleIndexationOnStartup MainProcess:False IndexOnStartup:True
Mono: successfully reloaded assembly
- Finished resetting the current domain, in  1.329 seconds
Domain Reload Profiling: 2168ms
	BeginReloadAssembly (249ms)
		ExecutionOrderSort (0ms)
		DisableScriptedObjects (17ms)
		BackupInstance (0ms)
		ReleaseScriptingObjects (0ms)
		CreateAndSetChildDomain (61ms)
	RebuildCommonClasses (42ms)
	RebuildNativeTypeToScriptingClass (13ms)
	initialDomainReloadingComplete (38ms)
	LoadAllAssembliesAndSetupDomain (497ms)
		LoadAssemblies (291ms)
		RebuildTransferFunctionScriptingTraits (0ms)
		AnalyzeDomain (309ms)
			TypeCache.Refresh (8ms)
				TypeCache.ScanAssembly (0ms)
			BuildScriptInfoCaches (280ms)
			ResolveRequiredComponents (13ms)
	FinalizeReload (1330ms)
		ReleaseScriptCaches (0ms)
		RebuildScriptCaches (0ms)
		SetupLoadedEditorAssemblies (1127ms)
			LogAssemblyErrors (0ms)
			InitializePlatformSupportModulesInManaged (2ms)
			SetLoadedEditorAssemblies (8ms)
			BeforeProcessingInitializeOnLoad (224ms)
			ProcessInitializeOnLoadAttributes (758ms)
			ProcessInitializeOnLoadMethodAttributes (121ms)
			AfterProcessingInitializeOnLoad (13ms)
			EditorAssembliesLoaded (1ms)
		ExecutionOrderSort2 (0ms)
		AwakeInstancesAfterBackupRestoration (21ms)
Refreshing native plugins compatible for Editor in 4.49 ms, found 4 plugins.
Preloading 0 native plugins for Editor in 0.00 ms.
Unloading 16 Unused Serialized files (Serialized files now loaded: 0)
Unloading 6923 unused Assets / (4.6 MB). Loaded Objects now: 7858.
Memory consumption went from 158.8 MB to 154.2 MB.
Total: 17.792400 ms (FindLiveObjects: 1.346300 ms CreateObjectMapping: 1.443900 ms MarkObjects: 11.370900 ms  DeleteObjects: 3.629500 ms)

Prepare: number of updated asset objects reloaded= 0
========================================================================
Received Prepare
Refreshing native plugins compatible for Editor in 4.12 ms, found 4 plugins.
Preloading 0 native plugins for Editor in 0.00 ms.
Unloading 16 Unused Serialized files (Serialized files now loaded: 0)
Unloading 6913 unused Assets / (5.4 MB). Loaded Objects now: 7858.
Memory consumption went from 159.0 MB to 153.6 MB.
Total: 25.630000 ms (FindLiveObjects: 1.371600 ms CreateObjectMapping: 1.475200 ms MarkObjects: 18.049600 ms  DeleteObjects: 4.730400 ms)

Prepare: number of updated asset objects reloaded= 0
========================================================================
Received Prepare
Begin MonoManager ReloadAssembly
[Licensing::Client] Successfully resolved entitlement details
DirectoryNotFoundException: Could not find a part of the path "C:\Users\Elenilson\Downloads\A-Extraordinaria-Mente-de-Arthur--main\A-Extraordinaria-Mente-de-Arthur--main\Library\PackageCache\com.unity.collections@aea9d3bd5e19\Unity.Collections.Tests\System.Runtime.CompilerServices.Unsafe\System.Runtime.CompilerServices.Unsafe.dll"
  at System.IO.FileStream..ctor (System.String path, System.IO.FileMode mode, System.IO.FileAccess access, System.IO.FileShare share, System.Int32 bufferSize, System.Boolean anonymous, System.IO.FileOptions options) [0x0019e] in <1eb9db207454431c84a47bcd81e79c37>:0 
  at System.IO.FileStream..ctor (System.String path, System.IO.FileMode mode, System.IO.FileAccess access, System.IO.FileShare share) [0x00000] in <1eb9db207454431c84a47bcd81e79c37>:0 
  at (wrapper remoting-invoke-with-check) System.IO.FileStream..ctor(string,System.IO.FileMode,System.IO.FileAccess,System.IO.FileShare)
  at Mono.Cecil.ModuleDefinition.GetFileStream (System.String fileName, System.IO.FileMode mode, System.IO.FileAccess access, System.IO.FileShare share) [0x00006] in <4e339395f8074c75847e518298d9c5fd>:0 
  at Mono.Cecil.ModuleDefinition.ReadModule (System.String fileName, Mono.Cecil.ReaderParameters parameters) [0x00008] in <4e339395f8074c75847e518298d9c5fd>:0 
  at Mono.Cecil.AssemblyDefinition.ReadAssembly (System.String fileName, Mono.Cecil.ReaderParameters parameters) [0x00000] in <4e339395f8074c75847e518298d9c5fd>:0 
  at UnityEditor.AssemblyValidation.LoadAssemblyDefinitions (System.String[] assemblyPaths, System.String[] searchPaths) [0x00048] in <5016c3a47c2a4a0cbfa8e12eb592279b>:0 
  at UnityEditor.AssemblyValidation.ValidateAssemblies (System.String[] assemblyPaths, System.Boolean enableLogging) [0x00007] in <5016c3a47c2a4a0cbfa8e12eb592279b>:0 

- Loaded All Assemblies, in  0.809 seconds
Refreshing native plugins compatible for Editor in 2.21 ms, found 4 plugins.
Native extension for WindowsStandalone target not found
[Package Manager] Failed to launch server process. Reason: Unity was launched with the -noUpm command-line argument
[Package Manager] Unable to send message (not connected to server process).
[Package Manager] Cannot connect to Unity Package Manager local server
ScheduleIndexationOnStartup MainProcess:False IndexOnStartup:True
Mono: successfully reloaded assembly
- Finished resetting the current domain, in  0.865 seconds
Domain Reload Profiling: 1672ms
	BeginReloadAssembly (297ms)
		ExecutionOrderSort (0ms)
		DisableScriptedObjects (25ms)
		BackupInstance (0ms)
		ReleaseScriptingObjects (0ms)
		CreateAndSetChildDomain (90ms)
	RebuildCommonClasses (36ms)
	RebuildNativeTypeToScriptingClass (12ms)
	initialDomainReloadingComplete (35ms)
	LoadAllAssembliesAndSetupDomain (426ms)
		LoadAssemblies (289ms)
		RebuildTransferFunctionScriptingTraits (0ms)
		AnalyzeDomain (246ms)
			TypeCache.Refresh (9ms)
				TypeCache.ScanAssembly (1ms)
			BuildScriptInfoCaches (223ms)
			ResolveRequiredComponents (9ms)
	FinalizeReload (866ms)
		ReleaseScriptCaches (0ms)
		RebuildScriptCaches (0ms)
		SetupLoadedEditorAssemblies (710ms)
			LogAssemblyErrors (0ms)
			InitializePlatformSupportModulesInManaged (2ms)
			SetLoadedEditorAssemblies (5ms)
			BeforeProcessingInitializeOnLoad (178ms)
			ProcessInitializeOnLoadAttributes (443ms)
			ProcessInitializeOnLoadMethodAttributes (74ms)
			AfterProcessingInitializeOnLoad (8ms)
			EditorAssembliesLoaded (0ms)
		ExecutionOrderSort2 (0ms)
		AwakeInstancesAfterBackupRestoration (15ms)
Refreshing native plugins compatible for Editor in 2.05 ms, found 4 plugins.
Preloading 0 native plugins for Editor in 0.00 ms.
Unloading 16 Unused Serialized files (Serialized files now loaded: 0)
Unloading 6923 unused Assets / (5.4 MB). Loaded Objects now: 7861.
Memory consumption went from 159.0 MB to 153.6 MB.
Total: 12.541700 ms (FindLiveObjects: 0.832700 ms CreateObjectMapping: 0.508800 ms MarkObjects: 6.490900 ms  DeleteObjects: 4.707600 ms)

Prepare: number of updated asset objects reloaded= 0
========================================================================
Received Prepare
Begin MonoManager ReloadAssembly
[Licensing::Client] Successfully resolved entitlement details
DirectoryNotFoundException: Could not find a part of the path "C:\Users\Elenilson\Downloads\A-Extraordinaria-Mente-de-Arthur--main\A-Extraordinaria-Mente-de-Arthur--main\Library\PackageCache\com.unity.collections@aea9d3bd5e19\Unity.Collections.Tests\System.Runtime.CompilerServices.Unsafe\System.Runtime.CompilerServices.Unsafe.dll"
  at System.IO.FileStream..ctor (System.String path, System.IO.FileMode mode, System.IO.FileAccess access, System.IO.FileShare share, System.Int32 bufferSize, System.Boolean anonymous, System.IO.FileOptions options) [0x0019e] in <1eb9db207454431c84a47bcd81e79c37>:0 
  at System.IO.FileStream..ctor (System.String path, System.IO.FileMode mode, System.IO.FileAccess access, System.IO.FileShare share) [0x00000] in <1eb9db207454431c84a47bcd81e79c37>:0 
  at (wrapper remoting-invoke-with-check) System.IO.FileStream..ctor(string,System.IO.FileMode,System.IO.FileAccess,System.IO.FileShare)
  at Mono.Cecil.ModuleDefinition.GetFileStream (System.String fileName, System.IO.FileMode mode, System.IO.FileAccess access, System.IO.FileShare share) [0x00006] in <4e339395f8074c75847e518298d9c5fd>:0 
  at Mono.Cecil.ModuleDefinition.ReadModule (System.String fileName, Mono.Cecil.ReaderParameters parameters) [0x00008] in <4e339395f8074c75847e518298d9c5fd>:0 
  at Mono.Cecil.AssemblyDefinition.ReadAssembly (System.String fileName, Mono.Cecil.ReaderParameters parameters) [0x00000] in <4e339395f8074c75847e518298d9c5fd>:0 
  at UnityEditor.AssemblyValidation.LoadAssemblyDefinitions (System.String[] assemblyPaths, System.String[] searchPaths) [0x00048] in <5016c3a47c2a4a0cbfa8e12eb592279b>:0 
  at UnityEditor.AssemblyValidation.ValidateAssemblies (System.String[] assemblyPaths, System.Boolean enableLogging) [0x00007] in <5016c3a47c2a4a0cbfa8e12eb592279b>:0 

- Loaded All Assemblies, in  0.753 seconds
Refreshing native plugins compatible for Editor in 2.24 ms, found 4 plugins.
Native extension for WindowsStandalone target not found
[Package Manager] Failed to launch server process. Reason: Unity was launched with the -noUpm command-line argument
[Package Manager] Unable to send message (not connected to server process).
[Package Manager] Cannot connect to Unity Package Manager local server
ScheduleIndexationOnStartup MainProcess:False IndexOnStartup:True
Mono: successfully reloaded assembly
- Finished resetting the current domain, in  0.987 seconds
Domain Reload Profiling: 1739ms
	BeginReloadAssembly (235ms)
		ExecutionOrderSort (0ms)
		DisableScriptedObjects (16ms)
		BackupInstance (0ms)
		ReleaseScriptingObjects (0ms)
		CreateAndSetChildDomain (55ms)
	RebuildCommonClasses (37ms)
	RebuildNativeTypeToScriptingClass (12ms)
	initialDomainReloadingComplete (37ms)
	LoadAllAssembliesAndSetupDomain (431ms)
		LoadAssemblies (279ms)
		RebuildTransferFunctionScriptingTraits (0ms)
		AnalyzeDomain (251ms)
			TypeCache.Refresh (7ms)
				TypeCache.ScanAssembly (0ms)
			BuildScriptInfoCaches (229ms)
			ResolveRequiredComponents (11ms)
	FinalizeReload (987ms)
		ReleaseScriptCaches (0ms)
		RebuildScriptCaches (0ms)
		SetupLoadedEditorAssemblies (815ms)
			LogAssemblyErrors (0ms)
			InitializePlatformSupportModulesInManaged (2ms)
			SetLoadedEditorAssemblies (6ms)
			BeforeProcessingInitializeOnLoad (182ms)
			ProcessInitializeOnLoadAttributes (530ms)
			ProcessInitializeOnLoadMethodAttributes (86ms)
			AfterProcessingInitializeOnLoad (9ms)
			EditorAssembliesLoaded (0ms)
		ExecutionOrderSort2 (0ms)
		AwakeInstancesAfterBackupRestoration (16ms)
Refreshing native plugins compatible for Editor in 2.84 ms, found 4 plugins.
Preloading 0 native plugins for Editor in 0.00 ms.
Unloading 16 Unused Serialized files (Serialized files now loaded: 0)
Unloading 6923 unused Assets / (5.3 MB). Loaded Objects now: 7864.
Memory consumption went from 159.0 MB to 153.7 MB.
Total: 15.913000 ms (FindLiveObjects: 1.100800 ms CreateObjectMapping: 1.255000 ms MarkObjects: 8.407300 ms  DeleteObjects: 5.148500 ms)

Prepare: number of updated asset objects reloaded= 0
========================================================================
Received Import Request.
  Time since last request: 2509.542416 seconds.
  path: Assets/Scripts/Card.cs
  artifactKey: Guid(403fdfbe5a9690f44adf8f0a395e7a70) Importer(2089858483,b0f066a214c2f5e87bad3c948f4d605d)
Start importing Assets/Scripts/Card.cs using Guid(403fdfbe5a9690f44adf8f0a395e7a70) Importer(2089858483,b0f066a214c2f5e87bad3c948f4d605d) (ScriptedImporter) -> (artifact id: 'ad33ad56f660acaa093a475aee057ab6') in 0.1153784 seconds
Number of updated asset objects reloaded before import = 0Number of asset objects unloaded after import = 0

========================================================================
Received Import Request.
  Time since last request: 0.000023 seconds.
  path: Assets/Scripts/Key_F.cs
  artifactKey: Guid(a68f496d11548c642a3fd1e089f77d5d) Importer(2089858483,b0f066a214c2f5e87bad3c948f4d605d)
Start importing Assets/Scripts/Key_F.cs using Guid(a68f496d11548c642a3fd1e089f77d5d) Importer(2089858483,b0f066a214c2f5e87bad3c948f4d605d) (ScriptedImporter) -> (artifact id: 'a455bf156dc58e8e90b52f0f89a9063c') in 0.0184067 seconds
Number of updated asset objects reloaded before import = 0Number of asset objects unloaded after import = 0

========================================================================
Received Import Request.
  Time since last request: 0.000028 seconds.
  path: Assets/Scripts/PlayerData.asset
  artifactKey: Guid(f9b94ab813c413f4c9d6147f275f7642) Importer(2089858483,b0f066a214c2f5e87bad3c948f4d605d)
Start importing Assets/Scripts/PlayerData.asset using Guid(f9b94ab813c413f4c9d6147f275f7642) Importer(2089858483,b0f066a214c2f5e87bad3c948f4d605d) (ScriptedImporter) -> (artifact id: '2ff855bed5dd140aa3edef5b0d3b058b') in 0.0396224 seconds
Number of updated asset objects reloaded before import = 0Number of asset objects unloaded after import = 1

========================================================================
Received Prepare
Begin MonoManager ReloadAssembly
[Licensing::Client] Successfully resolved entitlement details
DirectoryNotFoundException: Could not find a part of the path "C:\Users\Elenilson\Downloads\A-Extraordinaria-Mente-de-Arthur--main\A-Extraordinaria-Mente-de-Arthur--main\Library\PackageCache\com.unity.collections@aea9d3bd5e19\Unity.Collections.Tests\System.Runtime.CompilerServices.Unsafe\System.Runtime.CompilerServices.Unsafe.dll"
  at System.IO.FileStream..ctor (System.String path, System.IO.FileMode mode, System.IO.FileAccess access, System.IO.FileShare share, System.Int32 bufferSize, System.Boolean anonymous, System.IO.FileOptions options) [0x0019e] in <1eb9db207454431c84a47bcd81e79c37>:0 
  at System.IO.FileStream..ctor (System.String path, System.IO.FileMode mode, System.IO.FileAccess access, System.IO.FileShare share) [0x00000] in <1eb9db207454431c84a47bcd81e79c37>:0 
  at (wrapper remoting-invoke-with-check) System.IO.FileStream..ctor(string,System.IO.FileMode,System.IO.FileAccess,System.IO.FileShare)
  at Mono.Cecil.ModuleDefinition.GetFileStream (System.String fileName, System.IO.FileMode mode, System.IO.FileAccess access, System.IO.FileShare share) [0x00006] in <4e339395f8074c75847e518298d9c5fd>:0 
  at Mono.Cecil.ModuleDefinition.ReadModule (System.String fileName, Mono.Cecil.ReaderParameters parameters) [0x00008] in <4e339395f8074c75847e518298d9c5fd>:0 
  at Mono.Cecil.AssemblyDefinition.ReadAssembly (System.String fileName, Mono.Cecil.ReaderParameters parameters) [0x00000] in <4e339395f8074c75847e518298d9c5fd>:0 
  at UnityEditor.AssemblyValidation.LoadAssemblyDefinitions (System.String[] assemblyPaths, System.String[] searchPaths) [0x00048] in <5016c3a47c2a4a0cbfa8e12eb592279b>:0 
  at UnityEditor.AssemblyValidation.ValidateAssemblies (System.String[] assemblyPaths, System.Boolean enableLogging) [0x00007] in <5016c3a47c2a4a0cbfa8e12eb592279b>:0 

- Loaded All Assemblies, in  0.810 seconds
Refreshing native plugins compatible for Editor in 2.12 ms, found 4 plugins.
Native extension for WindowsStandalone target not found
[Package Manager] Failed to launch server process. Reason: Unity was launched with the -noUpm command-line argument
[Package Manager] Unable to send message (not connected to server process).
[Package Manager] Cannot connect to Unity Package Manager local server
ScheduleIndexationOnStartup MainProcess:False IndexOnStartup:True
Mono: successfully reloaded assembly
- Finished resetting the current domain, in  1.152 seconds
Domain Reload Profiling: 1959ms
	BeginReloadAssembly (260ms)
		ExecutionOrderSort (0ms)
		DisableScriptedObjects (14ms)
		BackupInstance (0ms)
		ReleaseScriptingObjects (0ms)
		CreateAndSetChildDomain (60ms)
	RebuildCommonClasses (53ms)
	RebuildNativeTypeToScriptingClass (13ms)
	initialDomainReloadingComplete (36ms)
	LoadAllAssembliesAndSetupDomain (444ms)
		LoadAssemblies (300ms)
		RebuildTransferFunctionScriptingTraits (0ms)
		AnalyzeDomain (262ms)
			TypeCache.Refresh (7ms)
				TypeCache.ScanAssembly (0ms)
			BuildScriptInfoCaches (241ms)
			ResolveRequiredComponents (9ms)
	FinalizeReload (1153ms)
		ReleaseScriptCaches (0ms)
		RebuildScriptCaches (0ms)
		SetupLoadedEditorAssemblies (960ms)
			LogAssemblyErrors (0ms)
			InitializePlatformSupportModulesInManaged (2ms)
			SetLoadedEditorAssemblies (6ms)
			BeforeProcessingInitializeOnLoad (229ms)
			ProcessInitializeOnLoadAttributes (597ms)
			ProcessInitializeOnLoadMethodAttributes (115ms)
			AfterProcessingInitializeOnLoad (10ms)
			EditorAssembliesLoaded (0ms)
		ExecutionOrderSort2 (0ms)
		AwakeInstancesAfterBackupRestoration (20ms)
Refreshing native plugins compatible for Editor in 2.41 ms, found 4 plugins.
Preloading 0 native plugins for Editor in 0.00 ms.
Unloading 16 Unused Serialized files (Serialized files now loaded: 0)
Unloading 6923 unused Assets / (4.7 MB). Loaded Objects now: 7867.
Memory consumption went from 159.1 MB to 154.4 MB.
Total: 15.939000 ms (FindLiveObjects: 1.160400 ms CreateObjectMapping: 1.039000 ms MarkObjects: 8.471400 ms  DeleteObjects: 5.266900 ms)

Prepare: number of updated asset objects reloaded= 0
Editor requested this worker to shutdown with reason: Scaling down because of idle timeout
AssetImportWorker is now disconnected from the server
Process exiting
Exiting without the bug reporter. Application will terminate with return code 0