[Licensing::Module] Trying to connect to existing licensing client channel...
Built from '6000.3/staging' branch; Version is '6000.3.9f1 (7a9955a4f2fa) revision 8034645'; Using compiler version '194234433'; Build Type 'Release'
OS: 'Windows 11  (10.0.26200) Professional' Language: 'pt' Physical Memory: 14020 MB
[Licensing::IpcConnector] Successfully connected to: "LicenseClient-Elenilson" at "2026-05-30T22:29:32.5897538Z"
BatchMode: 1, IsHumanControllingUs: 0, StartBugReporterOnCrash: 0, Is64bit: 1
System  architecture: x64
Process architecture: x64
Date: 2026-05-30T22:29:32Z

COMMAND LINE ARGUMENTS:
C:\Program Files\Unity\Hub\Editor\6000.3.9f1\Editor\Unity.exe
-adb2
-batchMode
-noUpm
-name
AssetImportWorker0
-projectPath
C:/Users/Elenilson/Downloads/A-Extraordinaria-Mente-de-Arthur--main/A-Extraordinaria-Mente-de-Arthur--main
-logFile
Logs/AssetImportWorker0.log
-srvPort
49675
-licensingIpc
LicenseClient-Elenilson
-job-worker-count
7
-background-job-worker-count
8
-gc-helper-count
1
-name
AssetImport
Successfully changed project path to: C:/Users/Elenilson/Downloads/A-Extraordinaria-Mente-de-Arthur--main/A-Extraordinaria-Mente-de-Arthur--main
C:/Users/Elenilson/Downloads/A-Extraordinaria-Mente-de-Arthur--main/A-Extraordinaria-Mente-de-Arthur--main
[UnityMemory] Configuration Parameters - Can be set up in boot.config
    "memorysetup-temp-allocator-size-nav-mesh-worker=65536"
    "memorysetup-temp-allocator-size-audio-worker=65536"
    "memorysetup-temp-allocator-size-gfx=262144"
    "memorysetup-allocator-temp-initial-block-size-main=262144"
    "memorysetup-allocator-temp-initial-block-size-worker=262144"
    "memorysetup-temp-allocator-size-background-worker=32768"
    "memorysetup-temp-allocator-size-job-worker=262144"
    "memorysetup-temp-allocator-size-preload-manager=33554432"
    "memorysetup-temp-allocator-size-gi-baking-worker=262144"
    "memorysetup-temp-allocator-size-gi-baking-worker=262144"
    "memorysetup-temp-allocator-size-gi-baking-worker=262144"
    "memorysetup-temp-allocator-size-gi-baking-worker=262144"
    "memorysetup-temp-allocator-size-gi-baking-worker=262144"
    "memorysetup-bucket-allocator-granularity=16"
    "memorysetup-bucket-allocator-bucket-count=8"
    "memorysetup-bucket-allocator-block-size=33554432"
    "memorysetup-bucket-allocator-block-count=8"
    "memorysetup-main-allocator-block-size=16777216"
    "memorysetup-thread-allocator-block-size=16777216"
    "memorysetup-gfx-main-allocator-block-size=16777216"
    "memorysetup-gfx-thread-allocator-block-size=16777216"
    "memorysetup-cache-allocator-block-size=4194304"
    "memorysetup-typetree-allocator-block-size=2097152"
    "memorysetup-profiler-bucket-allocator-granularity=16"
    "memorysetup-profiler-bucket-allocator-bucket-count=8"
    "memorysetup-profiler-bucket-allocator-block-size=33554432"
    "memorysetup-profiler-bucket-allocator-block-count=8"
    "memorysetup-profiler-allocator-block-size=16777216"
    "memorysetup-profiler-editor-allocator-block-size=1048576"
    "memorysetup-temp-allocator-size-main=16777216"
    "memorysetup-job-temp-allocator-block-size=2097152"
    "memorysetup-job-temp-allocator-block-size-background=1048576"
    "memorysetup-job-temp-allocator-reduction-small-platforms=262144"
    "memorysetup-temp-allocator-size-cloud-worker=32768"
Player connection [28776]  Target information:

Player connection [28776]  * "[IP] 26.253.171.247 [Port] 0 [Flags] 2 [Guid] 2875165980 [EditorId] 2875165980 [Version] 1048832 [Id] WindowsEditor(7,NLN-NINO) [Debug] 1 [PackageName] WindowsEditor [ProjectName] Editor" 

Player connection [28776]  * "[IP] 172.16.5.25 [Port] 0 [Flags] 2 [Guid] 2875165980 [EditorId] 2875165980 [Version] 1048832 [Id] WindowsEditor(7,NLN-NINO) [Debug] 1 [PackageName] WindowsEditor [ProjectName] Editor" 

Player connection [28776] Host joined multi-casting on [225.0.0.222:54997]...
Player connection [28776] Host joined alternative multi-casting on [225.0.0.222:34997]...
JobSystem: Creating JobQueue using job-worker-count value 7
Input System module state changed to: Initialized.
[Physics::Module] Initialized fallback backend.
[Physics::Module] Id: 0xdecafbad
Library Redirect Path: Library/
[Physics::Module] Selected backend.
[Physics::Module] Name: PhysX
[Physics::Module] Id: 0xf2b8ea05
[Physics::Module] SDK Version: 4.1.2
[Physics::Module] Integration Version: 1.0.0
[Physics::Module] Threading Mode: Multi-Threaded
Refreshing native plugins compatible for Editor in 194.32 ms, found 4 plugins.
Preloading 0 native plugins for Editor in 0.00 ms.
Initialize engine version: 6000.3.9f1 (7a9955a4f2fa)
[Subsystems] Discovering subsystems at path C:/Program Files/Unity/Hub/Editor/6000.3.9f1/Editor/Data/Resources/UnitySubsystems
[Subsystems] Discovering subsystems at path C:/Users/Elenilson/Downloads/A-Extraordinaria-Mente-de-Arthur--main/A-Extraordinaria-Mente-de-Arthur--main/Assets
GfxDevice: creating device client; kGfxThreadingModeNonThreaded
Direct3D:
    Version:  Direct3D 11.0 [level 11.1]
    Renderer: AMD Radeon(TM) Graphics (ID=0x1681)
    Vendor:   ATI
    VRAM:     7010 MB
    Driver:   32.0.21030.5005
[Licensing::Client] Handshaking with LicensingClient:
  Version:                 1.17.4+4293ba1
  Session Id:              ceb44ff587fe448e8a03f3d1294b4eb2
  Correlation Id:          bdbb7ed2c962dfdc5ecff7c04c75e030
  External correlation Id: 4904059761301220578
  Machine Id:              YLoIGDo08lMF7N9gpbHRNNrDE4o=
[Licensing::Module] Successfully connected to LicensingClient on channel: "LicenseClient-Elenilson" (connect: 0.00s, validation: 0.00s, handshake: 1.50s)
[Licensing::IpcConnector] Successfully connected to: "LicenseClient-Elenilson-notifications" at "2026-05-30T22:29:34.0873113Z"
[Licensing::Module] Licensing Background thread has ended after 1.50s
Initialize mono
Mono path[0] = 'C:/Program Files/Unity/Hub/Editor/6000.3.9f1/Editor/Data/Managed'
Mono path[1] = 'C:/Program Files/Unity/Hub/Editor/6000.3.9f1/Editor/Data/MonoBleedingEdge/lib/mono/unityjit-win32'
Mono config path = 'C:/Program Files/Unity/Hub/Editor/6000.3.9f1/Editor/Data/MonoBleedingEdge/etc'
Using monoOptions --debugger-agent=transport=dt_socket,embedding=1,server=y,suspend=n,address=127.0.0.1:56344
Begin MonoManager ReloadAssembly
Registering precompiled unity dll's ...
Register platform support module: C:/Program Files/Unity/Hub/Editor/6000.3.9f1/Editor/Data/PlaybackEngines/WindowsStandaloneSupport/UnityEditor.WindowsStandalone.Extensions.dll
Registered in 0.002316 seconds.
- Loaded All Assemblies, in 14.296 seconds
Native extension for WindowsStandalone target not found
ScheduleIndexationOnStartup MainProcess:False IndexOnStartup:True
Mono: successfully reloaded assembly
- Finished resetting the current domain, in  0.537 seconds
Domain Reload Profiling: 14830ms
	BeginReloadAssembly (10694ms)
		ExecutionOrderSort (0ms)
		DisableScriptedObjects (0ms)
		BackupInstance (0ms)
		ReleaseScriptingObjects (0ms)
		CreateAndSetChildDomain (1ms)
	RebuildCommonClasses (897ms)
	RebuildNativeTypeToScriptingClass (12ms)
	initialDomainReloadingComplete (57ms)
	LoadAllAssembliesAndSetupDomain (2633ms)
		LoadAssemblies (10690ms)
		RebuildTransferFunctionScriptingTraits (0ms)
		AnalyzeDomain (2629ms)
			TypeCache.Refresh (2626ms)
				TypeCache.ScanAssembly (1787ms)
			BuildScriptInfoCaches (0ms)
			ResolveRequiredComponents (1ms)
	FinalizeReload (538ms)
		ReleaseScriptCaches (0ms)
		RebuildScriptCaches (0ms)
		SetupLoadedEditorAssemblies (477ms)
			LogAssemblyErrors (0ms)
			InitializePlatformSupportModulesInManaged (62ms)
			SetLoadedEditorAssemblies (4ms)
			BeforeProcessingInitializeOnLoad (98ms)
			ProcessInitializeOnLoadAttributes (200ms)
			ProcessInitializeOnLoadMethodAttributes (112ms)
			AfterProcessingInitializeOnLoad (0ms)
			EditorAssembliesLoaded (0ms)
		ExecutionOrderSort2 (0ms)
		AwakeInstancesAfterBackupRestoration (0ms)
========================================================================
Worker process is ready to serve import requests
Import Worker Mode flag is 0x00
Begin MonoManager ReloadAssembly
[Licensing::Client] Successfully resolved entitlement details
[Licensing::Module] License group:
  Id: 4672957550731-UnityPersXXXX
  Product: Unity Personal
  Type: Assigned
  Expiration: Unlimited
DirectoryNotFoundException: Could not find a part of the path "C:\Users\Elenilson\Downloads\A-Extraordinaria-Mente-de-Arthur--main\A-Extraordinaria-Mente-de-Arthur--main\Library\PackageCache\com.unity.collections@aea9d3bd5e19\Unity.Collections.Tests\System.Runtime.CompilerServices.Unsafe\System.Runtime.CompilerServices.Unsafe.dll"
  at System.IO.FileStream..ctor (System.String path, System.IO.FileMode mode, System.IO.FileAccess access, System.IO.FileShare share, System.Int32 bufferSize, System.Boolean anonymous, System.IO.FileOptions options) [0x0019e] in <1eb9db207454431c84a47bcd81e79c37>:0 
  at System.IO.FileStream..ctor (System.String path, System.IO.FileMode mode, System.IO.FileAccess access, System.IO.FileShare share) [0x00000] in <1eb9db207454431c84a47bcd81e79c37>:0 
  at (wrapper remoting-invoke-with-check) System.IO.FileStream..ctor(string,System.IO.FileMode,System.IO.FileAccess,System.IO.FileShare)
  at Mono.Cecil.ModuleDefinition.GetFileStream (System.String fileName, System.IO.FileMode mode, System.IO.FileAccess access, System.IO.FileShare share) [0x00006] in <4e339395f8074c75847e518298d9c5fd>:0 
  at Mono.Cecil.ModuleDefinition.ReadModule (System.String fileName, Mono.Cecil.ReaderParameters parameters) [0x00008] in <4e339395f8074c75847e518298d9c5fd>:0 
  at Mono.Cecil.AssemblyDefinition.ReadAssembly (System.String fileName, Mono.Cecil.ReaderParameters parameters) [0x00000] in <4e339395f8074c75847e518298d9c5fd>:0 
  at UnityEditor.AssemblyValidation.LoadAssemblyDefinitions (System.String[] assemblyPaths, System.String[] searchPaths) [0x00048] in <5016c3a47c2a4a0cbfa8e12eb592279b>:0 
  at UnityEditor.AssemblyValidation.ValidateAssemblies (System.String[] assemblyPaths, System.Boolean enableLogging) [0x00007] in <5016c3a47c2a4a0cbfa8e12eb592279b>:0 

- Loaded All Assemblies, in  7.288 seconds
Refreshing native plugins compatible for Editor in 2.26 ms, found 4 plugins.
Native extension for WindowsStandalone target not found
Package Manager log level set to [2]
[Package Manager] Failed to launch server process. Reason: Unity was launched with the -noUpm command-line argument
[Package Manager] Unable to send message (not connected to server process).
[Package Manager] Cannot connect to Unity Package Manager local server
ScheduleIndexationOnStartup MainProcess:False IndexOnStartup:True
Mono: successfully reloaded assembly
- Finished resetting the current domain, in  2.191 seconds
Domain Reload Profiling: 9470ms
	BeginReloadAssembly (198ms)
		ExecutionOrderSort (0ms)
		DisableScriptedObjects (6ms)
		BackupInstance (0ms)
		ReleaseScriptingObjects (0ms)
		CreateAndSetChildDomain (36ms)
	RebuildCommonClasses (38ms)
	RebuildNativeTypeToScriptingClass (12ms)
	initialDomainReloadingComplete (44ms)
	LoadAllAssembliesAndSetupDomain (6986ms)
		LoadAssemblies (6070ms)
		RebuildTransferFunctionScriptingTraits (0ms)
		AnalyzeDomain (1024ms)
			TypeCache.Refresh (913ms)
				TypeCache.ScanAssembly (899ms)
			BuildScriptInfoCaches (98ms)
			ResolveRequiredComponents (9ms)
	FinalizeReload (2191ms)
		ReleaseScriptCaches (0ms)
		RebuildScriptCaches (0ms)
		SetupLoadedEditorAssemblies (1580ms)
			LogAssemblyErrors (0ms)
			InitializePlatformSupportModulesInManaged (2ms)
			SetLoadedEditorAssemblies (6ms)
			BeforeProcessingInitializeOnLoad (186ms)
			ProcessInitializeOnLoadAttributes (668ms)
			ProcessInitializeOnLoadMethodAttributes (701ms)
			AfterProcessingInitializeOnLoad (16ms)
			EditorAssembliesLoaded (0ms)
		ExecutionOrderSort2 (0ms)
		AwakeInstancesAfterBackupRestoration (10ms)
Launched and connected shader compiler UnityShaderCompiler.exe after 0.05 seconds
Refreshing native plugins compatible for Editor in 2.69 ms, found 4 plugins.
Preloading 0 native plugins for Editor in 0.00 ms.
Unloading 16 Unused Serialized files (Serialized files now loaded: 0)
Unloading 6924 unused Assets / (4.4 MB). Loaded Objects now: 7758.
Memory consumption went from 153.8 MB to 149.3 MB.
Total: 10.545500 ms (FindLiveObjects: 0.779300 ms CreateObjectMapping: 0.997800 ms MarkObjects: 6.503700 ms  DeleteObjects: 2.263100 ms)

========================================================================
Received Prepare
Begin MonoManager ReloadAssembly
DirectoryNotFoundException: Could not find a part of the path "C:\Users\Elenilson\Downloads\A-Extraordinaria-Mente-de-Arthur--main\A-Extraordinaria-Mente-de-Arthur--main\Library\PackageCache\com.unity.collections@aea9d3bd5e19\Unity.Collections.Tests\System.Runtime.CompilerServices.Unsafe\System.Runtime.CompilerServices.Unsafe.dll"
  at System.IO.FileStream..ctor (System.String path, System.IO.FileMode mode, System.IO.FileAccess access, System.IO.FileShare share, System.Int32 bufferSize, System.Boolean anonymous, System.IO.FileOptions options) [0x0019e] in <1eb9db207454431c84a47bcd81e79c37>:0 
  at System.IO.FileStream..ctor (System.String path, System.IO.FileMode mode, System.IO.FileAccess access, System.IO.FileShare share) [0x00000] in <1eb9db207454431c84a47bcd81e79c37>:0 
  at (wrapper remoting-invoke-with-check) System.IO.FileStream..ctor(string,System.IO.FileMode,System.IO.FileAccess,System.IO.FileShare)
  at Mono.Cecil.ModuleDefinition.GetFileStream (System.String fileName, System.IO.FileMode mode, System.IO.FileAccess access, System.IO.FileShare share) [0x00006] in <4e339395f8074c75847e518298d9c5fd>:0 
  at Mono.Cecil.ModuleDefinition.ReadModule (System.String fileName, Mono.Cecil.ReaderParameters parameters) [0x00008] in <4e339395f8074c75847e518298d9c5fd>:0 
  at Mono.Cecil.AssemblyDefinition.ReadAssembly (System.String fileName, Mono.Cecil.ReaderParameters parameters) [0x00000] in <4e339395f8074c75847e518298d9c5fd>:0 
  at UnityEditor.AssemblyValidation.LoadAssemblyDefinitions (System.String[] assemblyPaths, System.String[] searchPaths) [0x00048] in <5016c3a47c2a4a0cbfa8e12eb592279b>:0 
  at UnityEditor.AssemblyValidation.ValidateAssemblies (System.String[] assemblyPaths, System.Boolean enableLogging) [0x00007] in <5016c3a47c2a4a0cbfa8e12eb592279b>:0 

- Loaded All Assemblies, in  0.677 seconds
Refreshing native plugins compatible for Editor in 2.14 ms, found 4 plugins.
Native extension for WindowsStandalone target not found
[Package Manager] Failed to launch server process. Reason: Unity was launched with the -noUpm command-line argument
[Package Manager] Unable to send message (not connected to server process).
[Package Manager] Cannot connect to Unity Package Manager local server
ScheduleIndexationOnStartup MainProcess:False IndexOnStartup:True
Mono: successfully reloaded assembly
- Finished resetting the current domain, in  0.901 seconds
Domain Reload Profiling: 1575ms
	BeginReloadAssembly (232ms)
		ExecutionOrderSort (0ms)
		DisableScriptedObjects (13ms)
		BackupInstance (0ms)
		ReleaseScriptingObjects (0ms)
		CreateAndSetChildDomain (61ms)
	RebuildCommonClasses (33ms)
	RebuildNativeTypeToScriptingClass (12ms)
	initialDomainReloadingComplete (33ms)
	LoadAllAssembliesAndSetupDomain (364ms)
		LoadAssemblies (255ms)
		RebuildTransferFunctionScriptingTraits (0ms)
		AnalyzeDomain (212ms)
			TypeCache.Refresh (6ms)
				TypeCache.ScanAssembly (0ms)
			BuildScriptInfoCaches (193ms)
			ResolveRequiredComponents (8ms)
	FinalizeReload (901ms)
		ReleaseScriptCaches (0ms)
		RebuildScriptCaches (0ms)
		SetupLoadedEditorAssemblies (752ms)
			LogAssemblyErrors (0ms)
			InitializePlatformSupportModulesInManaged (2ms)
			SetLoadedEditorAssemblies (6ms)
			BeforeProcessingInitializeOnLoad (178ms)
			ProcessInitializeOnLoadAttributes (483ms)
			ProcessInitializeOnLoadMethodAttributes (74ms)
			AfterProcessingInitializeOnLoad (8ms)
			EditorAssembliesLoaded (0ms)
		ExecutionOrderSort2 (0ms)
		AwakeInstancesAfterBackupRestoration (14ms)
Refreshing native plugins compatible for Editor in 2.27 ms, found 4 plugins.
Preloading 0 native plugins for Editor in 0.00 ms.
Unloading 16 Unused Serialized files (Serialized files now loaded: 0)
Unloading 6922 unused Assets / (4.3 MB). Loaded Objects now: 7762.
Memory consumption went from 156.5 MB to 152.2 MB.
Total: 10.125100 ms (FindLiveObjects: 0.850600 ms CreateObjectMapping: 0.607700 ms MarkObjects: 6.321700 ms  DeleteObjects: 2.344000 ms)

Prepare: number of updated asset objects reloaded= 0
========================================================================
Received Prepare
Refreshing native plugins compatible for Editor in 4.09 ms, found 4 plugins.
Preloading 0 native plugins for Editor in 0.00 ms.
Unloading 16 Unused Serialized files (Serialized files now loaded: 0)
Unloading 6912 unused Assets / (4.6 MB). Loaded Objects now: 7762.
Memory consumption went from 156.7 MB to 152.1 MB.
Total: 16.926500 ms (FindLiveObjects: 1.478100 ms CreateObjectMapping: 1.501800 ms MarkObjects: 10.049300 ms  DeleteObjects: 3.895400 ms)

Prepare: number of updated asset objects reloaded= 0
========================================================================
Received Prepare
Begin MonoManager ReloadAssembly
[Licensing::Client] Successfully resolved entitlement details
DirectoryNotFoundException: Could not find a part of the path "C:\Users\Elenilson\Downloads\A-Extraordinaria-Mente-de-Arthur--main\A-Extraordinaria-Mente-de-Arthur--main\Library\PackageCache\com.unity.collections@aea9d3bd5e19\Unity.Collections.Tests\System.Runtime.CompilerServices.Unsafe\System.Runtime.CompilerServices.Unsafe.dll"
  at System.IO.FileStream..ctor (System.String path, System.IO.FileMode mode, System.IO.FileAccess access, System.IO.FileShare share, System.Int32 bufferSize, System.Boolean anonymous, System.IO.FileOptions options) [0x0019e] in <1eb9db207454431c84a47bcd81e79c37>:0 
  at System.IO.FileStream..ctor (System.String path, System.IO.FileMode mode, System.IO.FileAccess access, System.IO.FileShare share) [0x00000] in <1eb9db207454431c84a47bcd81e79c37>:0 
  at (wrapper remoting-invoke-with-check) System.IO.FileStream..ctor(string,System.IO.FileMode,System.IO.FileAccess,System.IO.FileShare)
  at Mono.Cecil.ModuleDefinition.GetFileStream (System.String fileName, System.IO.FileMode mode, System.IO.FileAccess access, System.IO.FileShare share) [0x00006] in <4e339395f8074c75847e518298d9c5fd>:0 
  at Mono.Cecil.ModuleDefinition.ReadModule (System.String fileName, Mono.Cecil.ReaderParameters parameters) [0x00008] in <4e339395f8074c75847e518298d9c5fd>:0 
  at Mono.Cecil.AssemblyDefinition.ReadAssembly (System.String fileName, Mono.Cecil.ReaderParameters parameters) [0x00000] in <4e339395f8074c75847e518298d9c5fd>:0 
  at UnityEditor.AssemblyValidation.LoadAssemblyDefinitions (System.String[] assemblyPaths, System.String[] searchPaths) [0x00048] in <5016c3a47c2a4a0cbfa8e12eb592279b>:0 
  at UnityEditor.AssemblyValidation.ValidateAssemblies (System.String[] assemblyPaths, System.Boolean enableLogging) [0x00007] in <5016c3a47c2a4a0cbfa8e12eb592279b>:0 

- Loaded All Assemblies, in  1.101 seconds
Refreshing native plugins compatible for Editor in 3.08 ms, found 4 plugins.
Native extension for WindowsStandalone target not found
[Package Manager] Failed to launch server process. Reason: Unity was launched with the -noUpm command-line argument
[Package Manager] Unable to send message (not connected to server process).
[Package Manager] Cannot connect to Unity Package Manager local server
ScheduleIndexationOnStartup MainProcess:False IndexOnStartup:True
Mono: successfully reloaded assembly
- Finished resetting the current domain, in  1.223 seconds
Domain Reload Profiling: 2318ms
	BeginReloadAssembly (349ms)
		ExecutionOrderSort (0ms)
		DisableScriptedObjects (24ms)
		BackupInstance (0ms)
		ReleaseScriptingObjects (0ms)
		CreateAndSetChildDomain (63ms)
	RebuildCommonClasses (59ms)
	RebuildNativeTypeToScriptingClass (25ms)
	initialDomainReloadingComplete (53ms)
	LoadAllAssembliesAndSetupDomain (608ms)
		LoadAssemblies (395ms)
		RebuildTransferFunctionScriptingTraits (0ms)
		AnalyzeDomain (381ms)
			TypeCache.Refresh (11ms)
				TypeCache.ScanAssembly (1ms)
			BuildScriptInfoCaches (347ms)
			ResolveRequiredComponents (16ms)
	FinalizeReload (1224ms)
		ReleaseScriptCaches (0ms)
		RebuildScriptCaches (0ms)
		SetupLoadedEditorAssemblies (977ms)
			LogAssemblyErrors (0ms)
			InitializePlatformSupportModulesInManaged (2ms)
			SetLoadedEditorAssemblies (9ms)
			BeforeProcessingInitializeOnLoad (235ms)
			ProcessInitializeOnLoadAttributes (626ms)
			ProcessInitializeOnLoadMethodAttributes (95ms)
			AfterProcessingInitializeOnLoad (10ms)
			EditorAssembliesLoaded (0ms)
		ExecutionOrderSort2 (0ms)
		AwakeInstancesAfterBackupRestoration (26ms)
Refreshing native plugins compatible for Editor in 4.48 ms, found 4 plugins.
Preloading 0 native plugins for Editor in 0.00 ms.
Unloading 16 Unused Serialized files (Serialized files now loaded: 0)
Unloading 6922 unused Assets / (4.9 MB). Loaded Objects now: 7765.
Memory consumption went from 156.5 MB to 151.7 MB.
Total: 11.188100 ms (FindLiveObjects: 1.193000 ms CreateObjectMapping: 0.757600 ms MarkObjects: 6.261800 ms  DeleteObjects: 2.974600 ms)

Prepare: number of updated asset objects reloaded= 0
========================================================================
Received Prepare
Refreshing native plugins compatible for Editor in 3.39 ms, found 4 plugins.
Preloading 0 native plugins for Editor in 0.00 ms.
Unloading 16 Unused Serialized files (Serialized files now loaded: 0)
Unloading 6912 unused Assets / (4.3 MB). Loaded Objects now: 7765.
Memory consumption went from 156.7 MB to 152.4 MB.
Total: 14.338300 ms (FindLiveObjects: 1.331900 ms CreateObjectMapping: 1.349700 ms MarkObjects: 8.558000 ms  DeleteObjects: 3.097200 ms)

Prepare: number of updated asset objects reloaded= 0
========================================================================
Received Prepare
Begin MonoManager ReloadAssembly
DirectoryNotFoundException: Could not find a part of the path "C:\Users\Elenilson\Downloads\A-Extraordinaria-Mente-de-Arthur--main\A-Extraordinaria-Mente-de-Arthur--main\Library\PackageCache\com.unity.collections@aea9d3bd5e19\Unity.Collections.Tests\System.Runtime.CompilerServices.Unsafe\System.Runtime.CompilerServices.Unsafe.dll"
  at System.IO.FileStream..ctor (System.String path, System.IO.FileMode mode, System.IO.FileAccess access, System.IO.FileShare share, System.Int32 bufferSize, System.Boolean anonymous, System.IO.FileOptions options) [0x0019e] in <1eb9db207454431c84a47bcd81e79c37>:0 
  at System.IO.FileStream..ctor (System.String path, System.IO.FileMode mode, System.IO.FileAccess access, System.IO.FileShare share) [0x00000] in <1eb9db207454431c84a47bcd81e79c37>:0 
  at (wrapper remoting-invoke-with-check) System.IO.FileStream..ctor(string,System.IO.FileMode,System.IO.FileAccess,System.IO.FileShare)
  at Mono.Cecil.ModuleDefinition.GetFileStream (System.String fileName, System.IO.FileMode mode, System.IO.FileAccess access, System.IO.FileShare share) [0x00006] in <4e339395f8074c75847e518298d9c5fd>:0 
  at Mono.Cecil.ModuleDefinition.ReadModule (System.String fileName, Mono.Cecil.ReaderParameters parameters) [0x00008] in <4e339395f8074c75847e518298d9c5fd>:0 
  at Mono.Cecil.AssemblyDefinition.ReadAssembly (System.String fileName, Mono.Cecil.ReaderParameters parameters) [0x00000] in <4e339395f8074c75847e518298d9c5fd>:0 
  at UnityEditor.AssemblyValidation.LoadAssemblyDefinitions (System.String[] assemblyPaths, System.String[] searchPaths) [0x00048] in <5016c3a47c2a4a0cbfa8e12eb592279b>:0 
  at UnityEditor.AssemblyValidation.ValidateAssemblies (System.String[] assemblyPaths, System.Boolean enableLogging) [0x00007] in <5016c3a47c2a4a0cbfa8e12eb592279b>:0 

- Loaded All Assemblies, in  0.958 seconds
Refreshing native plugins compatible for Editor in 2.64 ms, found 4 plugins.
Native extension for WindowsStandalone target not found
[Package Manager] Failed to launch server process. Reason: Unity was launched with the -noUpm command-line argument
[Package Manager] Unable to send message (not connected to server process).
[Package Manager] Cannot connect to Unity Package Manager local server
ScheduleIndexationOnStartup MainProcess:False IndexOnStartup:True
Mono: successfully reloaded assembly
- Finished resetting the current domain, in  1.024 seconds
Domain Reload Profiling: 1978ms
	BeginReloadAssembly (301ms)
		ExecutionOrderSort (0ms)
		DisableScriptedObjects (24ms)
		BackupInstance (0ms)
		ReleaseScriptingObjects (0ms)
		CreateAndSetChildDomain (62ms)
	RebuildCommonClasses (59ms)
	RebuildNativeTypeToScriptingClass (23ms)
	initialDomainReloadingComplete (48ms)
	LoadAllAssembliesAndSetupDomain (523ms)
		LoadAssemblies (345ms)
		RebuildTransferFunctionScriptingTraits (0ms)
		AnalyzeDomain (314ms)
			TypeCache.Refresh (12ms)
				TypeCache.ScanAssembly (1ms)
			BuildScriptInfoCaches (280ms)
			ResolveRequiredComponents (16ms)
	FinalizeReload (1024ms)
		ReleaseScriptCaches (0ms)
		RebuildScriptCaches (0ms)
		SetupLoadedEditorAssemblies (846ms)
			LogAssemblyErrors (0ms)
			InitializePlatformSupportModulesInManaged (2ms)
			SetLoadedEditorAssemblies (6ms)
			BeforeProcessingInitializeOnLoad (208ms)
			ProcessInitializeOnLoadAttributes (510ms)
			ProcessInitializeOnLoadMethodAttributes (109ms)
			AfterProcessingInitializeOnLoad (11ms)
			EditorAssembliesLoaded (0ms)
		ExecutionOrderSort2 (0ms)
		AwakeInstancesAfterBackupRestoration (16ms)
Refreshing native plugins compatible for Editor in 2.73 ms, found 4 plugins.
Preloading 0 native plugins for Editor in 0.00 ms.
Unloading 16 Unused Serialized files (Serialized files now loaded: 0)
Unloading 6922 unused Assets / (4.6 MB). Loaded Objects now: 7768.
Memory consumption went from 156.6 MB to 152.0 MB.
Total: 13.392200 ms (FindLiveObjects: 0.837900 ms CreateObjectMapping: 0.949200 ms MarkObjects: 8.563800 ms  DeleteObjects: 3.039700 ms)

Prepare: number of updated asset objects reloaded= 0
========================================================================
Received Import Request.
  Time since last request: 1549118.492204 seconds.
  path: Assets/Sprites/Mochila/Borracha.png
  artifactKey: Guid(9e8e780e60827634783674996fd5ecf1) Importer(815301076,1909f56bfc062723c751e8b465ee728b)
Start importing Assets/Sprites/Mochila/Borracha.png using Guid(9e8e780e60827634783674996fd5ecf1) Importer(815301076,1909f56bfc062723c751e8b465ee728b) (PreviewImporter) -> (artifact id: '0ea065b07f52350923d0f1642aa4cbcc') in 0.1551463 seconds
Number of updated asset objects reloaded before import = 0Number of asset objects unloaded after import = 3

========================================================================
Received Import Request.
  Time since last request: 0.000034 seconds.
  path: Assets/Sprites/Mochila/lapis.png
  artifactKey: Guid(1f73efa669d831f41975db9f7f7ab3da) Importer(815301076,1909f56bfc062723c751e8b465ee728b)
Start importing Assets/Sprites/Mochila/lapis.png using Guid(1f73efa669d831f41975db9f7f7ab3da) Importer(815301076,1909f56bfc062723c751e8b465ee728b) (PreviewImporter) -> (artifact id: 'da9a25f7200d192503387359c53e791f') in 0.0486647 seconds
Number of updated asset objects reloaded before import = 0Number of asset objects unloaded after import = 3

========================================================================
Received Import Request.
  Time since last request: 0.000036 seconds.
  path: Assets/Sprites/Mochila/regua.png
  artifactKey: Guid(daed0c15c21fc2e4e89816e0c9472a96) Importer(815301076,1909f56bfc062723c751e8b465ee728b)
Start importing Assets/Sprites/Mochila/regua.png using Guid(daed0c15c21fc2e4e89816e0c9472a96) Importer(815301076,1909f56bfc062723c751e8b465ee728b) (PreviewImporter) -> (artifact id: '437472e6ed50174bba961fd98b7e596e') in 0.0554426 seconds
Number of updated asset objects reloaded before import = 0Number of asset objects unloaded after import = 3

========================================================================
Received Prepare
Begin MonoManager ReloadAssembly
[Licensing::Client] Successfully resolved entitlement details
DirectoryNotFoundException: Could not find a part of the path "C:\Users\Elenilson\Downloads\A-Extraordinaria-Mente-de-Arthur--main\A-Extraordinaria-Mente-de-Arthur--main\Library\PackageCache\com.unity.collections@aea9d3bd5e19\Unity.Collections.Tests\System.Runtime.CompilerServices.Unsafe\System.Runtime.CompilerServices.Unsafe.dll"
  at System.IO.FileStream..ctor (System.String path, System.IO.FileMode mode, System.IO.FileAccess access, System.IO.FileShare share, System.Int32 bufferSize, System.Boolean anonymous, System.IO.FileOptions options) [0x0019e] in <1eb9db207454431c84a47bcd81e79c37>:0 
  at System.IO.FileStream..ctor (System.String path, System.IO.FileMode mode, System.IO.FileAccess access, System.IO.FileShare share) [0x00000] in <1eb9db207454431c84a47bcd81e79c37>:0 
  at (wrapper remoting-invoke-with-check) System.IO.FileStream..ctor(string,System.IO.FileMode,System.IO.FileAccess,System.IO.FileShare)
  at Mono.Cecil.ModuleDefinition.GetFileStream (System.String fileName, System.IO.FileMode mode, System.IO.FileAccess access, System.IO.FileShare share) [0x00006] in <4e339395f8074c75847e518298d9c5fd>:0 
  at Mono.Cecil.ModuleDefinition.ReadModule (System.String fileName, Mono.Cecil.ReaderParameters parameters) [0x00008] in <4e339395f8074c75847e518298d9c5fd>:0 
  at Mono.Cecil.AssemblyDefinition.ReadAssembly (System.String fileName, Mono.Cecil.ReaderParameters parameters) [0x00000] in <4e339395f8074c75847e518298d9c5fd>:0 
  at UnityEditor.AssemblyValidation.LoadAssemblyDefinitions (System.String[] assemblyPaths, System.String[] searchPaths) [0x00048] in <5016c3a47c2a4a0cbfa8e12eb592279b>:0 
  at UnityEditor.AssemblyValidation.ValidateAssemblies (System.String[] assemblyPaths, System.Boolean enableLogging) [0x00007] in <5016c3a47c2a4a0cbfa8e12eb592279b>:0 

- Loaded All Assemblies, in  0.805 seconds
Refreshing native plugins compatible for Editor in 2.37 ms, found 4 plugins.
Native extension for WindowsStandalone target not found
[Package Manager] Failed to launch server process. Reason: Unity was launched with the -noUpm command-line argument
[Package Manager] Unable to send message (not connected to server process).
[Package Manager] Cannot connect to Unity Package Manager local server
ScheduleIndexationOnStartup MainProcess:False IndexOnStartup:True
Mono: successfully reloaded assembly
- Finished resetting the current domain, in  1.174 seconds
Domain Reload Profiling: 1974ms
	BeginReloadAssembly (255ms)
		ExecutionOrderSort (0ms)
		DisableScriptedObjects (17ms)
		BackupInstance (0ms)
		ReleaseScriptingObjects (0ms)
		CreateAndSetChildDomain (58ms)
	RebuildCommonClasses (41ms)
	RebuildNativeTypeToScriptingClass (15ms)
	initialDomainReloadingComplete (40ms)
	LoadAllAssembliesAndSetupDomain (448ms)
		LoadAssemblies (300ms)
		RebuildTransferFunctionScriptingTraits (0ms)
		AnalyzeDomain (259ms)
			TypeCache.Refresh (7ms)
				TypeCache.ScanAssembly (0ms)
			BuildScriptInfoCaches (238ms)
			ResolveRequiredComponents (10ms)
	FinalizeReload (1175ms)
		ReleaseScriptCaches (0ms)
		RebuildScriptCaches (0ms)
		SetupLoadedEditorAssemblies (993ms)
			LogAssemblyErrors (0ms)
			InitializePlatformSupportModulesInManaged (2ms)
			SetLoadedEditorAssemblies (6ms)
			BeforeProcessingInitializeOnLoad (221ms)
			ProcessInitializeOnLoadAttributes (635ms)
			ProcessInitializeOnLoadMethodAttributes (117ms)
			AfterProcessingInitializeOnLoad (12ms)
			EditorAssembliesLoaded (1ms)
		ExecutionOrderSort2 (0ms)
		AwakeInstancesAfterBackupRestoration (22ms)
Refreshing native plugins compatible for Editor in 3.36 ms, found 4 plugins.
Preloading 0 native plugins for Editor in 0.00 ms.
Unloading 16 Unused Serialized files (Serialized files now loaded: 0)
Unloading 6922 unused Assets / (4.6 MB). Loaded Objects now: 7785.
Memory consumption went from 157.8 MB to 153.2 MB.
Total: 16.543900 ms (FindLiveObjects: 1.370400 ms CreateObjectMapping: 1.300700 ms MarkObjects: 9.622200 ms  DeleteObjects: 4.248700 ms)

Prepare: number of updated asset objects reloaded= 0
========================================================================
Received Prepare
Begin MonoManager ReloadAssembly
DirectoryNotFoundException: Could not find a part of the path "C:\Users\Elenilson\Downloads\A-Extraordinaria-Mente-de-Arthur--main\A-Extraordinaria-Mente-de-Arthur--main\Library\PackageCache\com.unity.collections@aea9d3bd5e19\Unity.Collections.Tests\System.Runtime.CompilerServices.Unsafe\System.Runtime.CompilerServices.Unsafe.dll"
  at System.IO.FileStream..ctor (System.String path, System.IO.FileMode mode, System.IO.FileAccess access, System.IO.FileShare share, System.Int32 bufferSize, System.Boolean anonymous, System.IO.FileOptions options) [0x0019e] in <1eb9db207454431c84a47bcd81e79c37>:0 
  at System.IO.FileStream..ctor (System.String path, System.IO.FileMode mode, System.IO.FileAccess access, System.IO.FileShare share) [0x00000] in <1eb9db207454431c84a47bcd81e79c37>:0 
  at (wrapper remoting-invoke-with-check) System.IO.FileStream..ctor(string,System.IO.FileMode,System.IO.FileAccess,System.IO.FileShare)
  at Mono.Cecil.ModuleDefinition.GetFileStream (System.String fileName, System.IO.FileMode mode, System.IO.FileAccess access, System.IO.FileShare share) [0x00006] in <4e339395f8074c75847e518298d9c5fd>:0 
  at Mono.Cecil.ModuleDefinition.ReadModule (System.String fileName, Mono.Cecil.ReaderParameters parameters) [0x00008] in <4e339395f8074c75847e518298d9c5fd>:0 
  at Mono.Cecil.AssemblyDefinition.ReadAssembly (System.String fileName, Mono.Cecil.ReaderParameters parameters) [0x00000] in <4e339395f8074c75847e518298d9c5fd>:0 
  at UnityEditor.AssemblyValidation.LoadAssemblyDefinitions (System.String[] assemblyPaths, System.String[] searchPaths) [0x00048] in <5016c3a47c2a4a0cbfa8e12eb592279b>:0 
  at UnityEditor.AssemblyValidation.ValidateAssemblies (System.String[] assemblyPaths, System.Boolean enableLogging) [0x00007] in <5016c3a47c2a4a0cbfa8e12eb592279b>:0 

- Loaded All Assemblies, in  0.721 seconds
Refreshing native plugins compatible for Editor in 2.26 ms, found 4 plugins.
Native extension for WindowsStandalone target not found
[Package Manager] Failed to launch server process. Reason: Unity was launched with the -noUpm command-line argument
[Package Manager] Unable to send message (not connected to server process).
[Package Manager] Cannot connect to Unity Package Manager local server
ScheduleIndexationOnStartup MainProcess:False IndexOnStartup:True
Mono: successfully reloaded assembly
- Finished resetting the current domain, in  1.111 seconds
Domain Reload Profiling: 1828ms
	BeginReloadAssembly (231ms)
		ExecutionOrderSort (0ms)
		DisableScriptedObjects (14ms)
		BackupInstance (0ms)
		ReleaseScriptingObjects (0ms)
		CreateAndSetChildDomain (60ms)
	RebuildCommonClasses (39ms)
	RebuildNativeTypeToScriptingClass (12ms)
	initialDomainReloadingComplete (34ms)
	LoadAllAssembliesAndSetupDomain (401ms)
		LoadAssemblies (269ms)
		RebuildTransferFunctionScriptingTraits (0ms)
		AnalyzeDomain (226ms)
			TypeCache.Refresh (6ms)
				TypeCache.ScanAssembly (0ms)
			BuildScriptInfoCaches (206ms)
			ResolveRequiredComponents (9ms)
	FinalizeReload (1112ms)
		ReleaseScriptCaches (0ms)
		RebuildScriptCaches (0ms)
		SetupLoadedEditorAssemblies (927ms)
			LogAssemblyErrors (0ms)
			InitializePlatformSupportModulesInManaged (2ms)
			SetLoadedEditorAssemblies (6ms)
			BeforeProcessingInitializeOnLoad (209ms)
			ProcessInitializeOnLoadAttributes (604ms)
			ProcessInitializeOnLoadMethodAttributes (95ms)
			AfterProcessingInitializeOnLoad (10ms)
			EditorAssembliesLoaded (1ms)
		ExecutionOrderSort2 (0ms)
		AwakeInstancesAfterBackupRestoration (20ms)
Refreshing native plugins compatible for Editor in 2.78 ms, found 4 plugins.
Preloading 0 native plugins for Editor in 0.00 ms.
Unloading 16 Unused Serialized files (Serialized files now loaded: 0)
Unloading 6922 unused Assets / (4.9 MB). Loaded Objects now: 7788.
Memory consumption went from 157.8 MB to 152.9 MB.
Total: 15.293900 ms (FindLiveObjects: 0.825900 ms CreateObjectMapping: 1.098300 ms MarkObjects: 9.395900 ms  DeleteObjects: 3.972000 ms)

Prepare: number of updated asset objects reloaded= 0
========================================================================
Received Prepare
Begin MonoManager ReloadAssembly
[Licensing::Client] Successfully resolved entitlement details
DirectoryNotFoundException: Could not find a part of the path "C:\Users\Elenilson\Downloads\A-Extraordinaria-Mente-de-Arthur--main\A-Extraordinaria-Mente-de-Arthur--main\Library\PackageCache\com.unity.collections@aea9d3bd5e19\Unity.Collections.Tests\System.Runtime.CompilerServices.Unsafe\System.Runtime.CompilerServices.Unsafe.dll"
  at System.IO.FileStream..ctor (System.String path, System.IO.FileMode mode, System.IO.FileAccess access, System.IO.FileShare share, System.Int32 bufferSize, System.Boolean anonymous, System.IO.FileOptions options) [0x0019e] in <1eb9db207454431c84a47bcd81e79c37>:0 
  at System.IO.FileStream..ctor (System.String path, System.IO.FileMode mode, System.IO.FileAccess access, System.IO.FileShare share) [0x00000] in <1eb9db207454431c84a47bcd81e79c37>:0 
  at (wrapper remoting-invoke-with-check) System.IO.FileStream..ctor(string,System.IO.FileMode,System.IO.FileAccess,System.IO.FileShare)
  at Mono.Cecil.ModuleDefinition.GetFileStream (System.String fileName, System.IO.FileMode mode, System.IO.FileAccess access, System.IO.FileShare share) [0x00006] in <4e339395f8074c75847e518298d9c5fd>:0 
  at Mono.Cecil.ModuleDefinition.ReadModule (System.String fileName, Mono.Cecil.ReaderParameters parameters) [0x00008] in <4e339395f8074c75847e518298d9c5fd>:0 
  at Mono.Cecil.AssemblyDefinition.ReadAssembly (System.String fileName, Mono.Cecil.ReaderParameters parameters) [0x00000] in <4e339395f8074c75847e518298d9c5fd>:0 
  at UnityEditor.AssemblyValidation.LoadAssemblyDefinitions (System.String[] assemblyPaths, System.String[] searchPaths) [0x00048] in <5016c3a47c2a4a0cbfa8e12eb592279b>:0 
  at UnityEditor.AssemblyValidation.ValidateAssemblies (System.String[] assemblyPaths, System.Boolean enableLogging) [0x00007] in <5016c3a47c2a4a0cbfa8e12eb592279b>:0 

- Loaded All Assemblies, in  0.740 seconds
Refreshing native plugins compatible for Editor in 2.23 ms, found 4 plugins.
Native extension for WindowsStandalone target not found
[Package Manager] Failed to launch server process. Reason: Unity was launched with the -noUpm command-line argument
[Package Manager] Unable to send message (not connected to server process).
[Package Manager] Cannot connect to Unity Package Manager local server
ScheduleIndexationOnStartup MainProcess:False IndexOnStartup:True
Mono: successfully reloaded assembly
- Finished resetting the current domain, in  1.139 seconds
Domain Reload Profiling: 1875ms
	BeginReloadAssembly (241ms)
		ExecutionOrderSort (0ms)
		DisableScriptedObjects (16ms)
		BackupInstance (0ms)
		ReleaseScriptingObjects (0ms)
		CreateAndSetChildDomain (55ms)
	RebuildCommonClasses (37ms)
	RebuildNativeTypeToScriptingClass (13ms)
	initialDomainReloadingComplete (33ms)
	LoadAllAssembliesAndSetupDomain (410ms)
		LoadAssemblies (269ms)
		RebuildTransferFunctionScriptingTraits (0ms)
		AnalyzeDomain (245ms)
			TypeCache.Refresh (6ms)
				TypeCache.ScanAssembly (0ms)
			BuildScriptInfoCaches (226ms)
			ResolveRequiredComponents (9ms)
	FinalizeReload (1139ms)
		ReleaseScriptCaches (0ms)
		RebuildScriptCaches (0ms)
		SetupLoadedEditorAssemblies (963ms)
			LogAssemblyErrors (0ms)
			InitializePlatformSupportModulesInManaged (2ms)
			SetLoadedEditorAssemblies (7ms)
			BeforeProcessingInitializeOnLoad (209ms)
			ProcessInitializeOnLoadAttributes (619ms)
			ProcessInitializeOnLoadMethodAttributes (115ms)
			AfterProcessingInitializeOnLoad (11ms)
			EditorAssembliesLoaded (1ms)
		ExecutionOrderSort2 (0ms)
		AwakeInstancesAfterBackupRestoration (19ms)
Refreshing native plugins compatible for Editor in 2.92 ms, found 4 plugins.
Preloading 0 native plugins for Editor in 0.00 ms.
Unloading 16 Unused Serialized files (Serialized files now loaded: 0)
Unloading 6922 unused Assets / (4.7 MB). Loaded Objects now: 7791.
Memory consumption went from 157.9 MB to 153.2 MB.
Total: 14.405400 ms (FindLiveObjects: 0.918300 ms CreateObjectMapping: 1.076600 ms MarkObjects: 8.788000 ms  DeleteObjects: 3.621200 ms)

Prepare: number of updated asset objects reloaded= 0
========================================================================
Received Prepare
Refreshing native plugins compatible for Editor in 4.02 ms, found 4 plugins.
Preloading 0 native plugins for Editor in 0.00 ms.
Unloading 16 Unused Serialized files (Serialized files now loaded: 0)
Unloading 6912 unused Assets / (4.4 MB). Loaded Objects now: 7791.
Memory consumption went from 158.0 MB to 153.6 MB.
Total: 14.206300 ms (FindLiveObjects: 0.833200 ms CreateObjectMapping: 0.970000 ms MarkObjects: 8.901500 ms  DeleteObjects: 3.500000 ms)

Prepare: number of updated asset objects reloaded= 0
========================================================================
Received Prepare
Begin MonoManager ReloadAssembly
[Licensing::Client] Successfully resolved entitlement details
DirectoryNotFoundException: Could not find a part of the path "C:\Users\Elenilson\Downloads\A-Extraordinaria-Mente-de-Arthur--main\A-Extraordinaria-Mente-de-Arthur--main\Library\PackageCache\com.unity.collections@aea9d3bd5e19\Unity.Collections.Tests\System.Runtime.CompilerServices.Unsafe\System.Runtime.CompilerServices.Unsafe.dll"
  at System.IO.FileStream..ctor (System.String path, System.IO.FileMode mode, System.IO.FileAccess access, System.IO.FileShare share, System.Int32 bufferSize, System.Boolean anonymous, System.IO.FileOptions options) [0x0019e] in <1eb9db207454431c84a47bcd81e79c37>:0 
  at System.IO.FileStream..ctor (System.String path, System.IO.FileMode mode, System.IO.FileAccess access, System.IO.FileShare share) [0x00000] in <1eb9db207454431c84a47bcd81e79c37>:0 
  at (wrapper remoting-invoke-with-check) System.IO.FileStream..ctor(string,System.IO.FileMode,System.IO.FileAccess,System.IO.FileShare)
  at Mono.Cecil.ModuleDefinition.GetFileStream (System.String fileName, System.IO.FileMode mode, System.IO.FileAccess access, System.IO.FileShare share) [0x00006] in <4e339395f8074c75847e518298d9c5fd>:0 
  at Mono.Cecil.ModuleDefinition.ReadModule (System.String fileName, Mono.Cecil.ReaderParameters parameters) [0x00008] in <4e339395f8074c75847e518298d9c5fd>:0 
  at Mono.Cecil.AssemblyDefinition.ReadAssembly (System.String fileName, Mono.Cecil.ReaderParameters parameters) [0x00000] in <4e339395f8074c75847e518298d9c5fd>:0 
  at UnityEditor.AssemblyValidation.LoadAssemblyDefinitions (System.String[] assemblyPaths, System.String[] searchPaths) [0x00048] in <5016c3a47c2a4a0cbfa8e12eb592279b>:0 
  at UnityEditor.AssemblyValidation.ValidateAssemblies (System.String[] assemblyPaths, System.Boolean enableLogging) [0x00007] in <5016c3a47c2a4a0cbfa8e12eb592279b>:0 

- Loaded All Assemblies, in  0.891 seconds
Refreshing native plugins compatible for Editor in 2.68 ms, found 4 plugins.
Native extension for WindowsStandalone target not found
[Package Manager] Failed to launch server process. Reason: Unity was launched with the -noUpm command-line argument
[Package Manager] Unable to send message (not connected to server process).
[Package Manager] Cannot connect to Unity Package Manager local server
ScheduleIndexationOnStartup MainProcess:False IndexOnStartup:True
Mono: successfully reloaded assembly
- Finished resetting the current domain, in  0.880 seconds
Domain Reload Profiling: 1765ms
	BeginReloadAssembly (273ms)
		ExecutionOrderSort (0ms)
		DisableScriptedObjects (20ms)
		BackupInstance (0ms)
		ReleaseScriptingObjects (0ms)
		CreateAndSetChildDomain (62ms)
	RebuildCommonClasses (49ms)
	RebuildNativeTypeToScriptingClass (16ms)
	initialDomainReloadingComplete (34ms)
	LoadAllAssembliesAndSetupDomain (513ms)
		LoadAssemblies (315ms)
		RebuildTransferFunctionScriptingTraits (0ms)
		AnalyzeDomain (309ms)
			TypeCache.Refresh (13ms)
				TypeCache.ScanAssembly (1ms)
			BuildScriptInfoCaches (282ms)
			ResolveRequiredComponents (10ms)
	FinalizeReload (881ms)
		ReleaseScriptCaches (0ms)
		RebuildScriptCaches (0ms)
		SetupLoadedEditorAssemblies (700ms)
			LogAssemblyErrors (0ms)
			InitializePlatformSupportModulesInManaged (2ms)
			SetLoadedEditorAssemblies (6ms)
			BeforeProcessingInitializeOnLoad (173ms)
			ProcessInitializeOnLoadAttributes (433ms)
			ProcessInitializeOnLoadMethodAttributes (75ms)
			AfterProcessingInitializeOnLoad (10ms)
			EditorAssembliesLoaded (0ms)
		ExecutionOrderSort2 (0ms)
		AwakeInstancesAfterBackupRestoration (14ms)
Refreshing native plugins compatible for Editor in 2.05 ms, found 4 plugins.
Preloading 0 native plugins for Editor in 0.00 ms.
Unloading 16 Unused Serialized files (Serialized files now loaded: 0)
Unloading 6922 unused Assets / (4.6 MB). Loaded Objects now: 7794.
Memory consumption went from 157.9 MB to 153.3 MB.
Total: 10.220900 ms (FindLiveObjects: 0.876500 ms CreateObjectMapping: 0.583700 ms MarkObjects: 5.907600 ms  DeleteObjects: 2.851500 ms)

Prepare: number of updated asset objects reloaded= 0
========================================================================
Received Prepare
Begin MonoManager ReloadAssembly
DirectoryNotFoundException: Could not find a part of the path "C:\Users\Elenilson\Downloads\A-Extraordinaria-Mente-de-Arthur--main\A-Extraordinaria-Mente-de-Arthur--main\Library\PackageCache\com.unity.collections@aea9d3bd5e19\Unity.Collections.Tests\System.Runtime.CompilerServices.Unsafe\System.Runtime.CompilerServices.Unsafe.dll"
  at System.IO.FileStream..ctor (System.String path, System.IO.FileMode mode, System.IO.FileAccess access, System.IO.FileShare share, System.Int32 bufferSize, System.Boolean anonymous, System.IO.FileOptions options) [0x0019e] in <1eb9db207454431c84a47bcd81e79c37>:0 
  at System.IO.FileStream..ctor (System.String path, System.IO.FileMode mode, System.IO.FileAccess access, System.IO.FileShare share) [0x00000] in <1eb9db207454431c84a47bcd81e79c37>:0 
  at (wrapper remoting-invoke-with-check) System.IO.FileStream..ctor(string,System.IO.FileMode,System.IO.FileAccess,System.IO.FileShare)
  at Mono.Cecil.ModuleDefinition.GetFileStream (System.String fileName, System.IO.FileMode mode, System.IO.FileAccess access, System.IO.FileShare share) [0x00006] in <4e339395f8074c75847e518298d9c5fd>:0 
  at Mono.Cecil.ModuleDefinition.ReadModule (System.String fileName, Mono.Cecil.ReaderParameters parameters) [0x00008] in <4e339395f8074c75847e518298d9c5fd>:0 
  at Mono.Cecil.AssemblyDefinition.ReadAssembly (System.String fileName, Mono.Cecil.ReaderParameters parameters) [0x00000] in <4e339395f8074c75847e518298d9c5fd>:0 
  at UnityEditor.AssemblyValidation.LoadAssemblyDefinitions (System.String[] assemblyPaths, System.String[] searchPaths) [0x00048] in <5016c3a47c2a4a0cbfa8e12eb592279b>:0 
  at UnityEditor.AssemblyValidation.ValidateAssemblies (System.String[] assemblyPaths, System.Boolean enableLogging) [0x00007] in <5016c3a47c2a4a0cbfa8e12eb592279b>:0 

- Loaded All Assemblies, in  0.703 seconds
Refreshing native plugins compatible for Editor in 2.42 ms, found 4 plugins.
Native extension for WindowsStandalone target not found
[Package Manager] Failed to launch server process. Reason: Unity was launched with the -noUpm command-line argument
[Package Manager] Unable to send message (not connected to server process).
[Package Manager] Cannot connect to Unity Package Manager local server
ScheduleIndexationOnStartup MainProcess:False IndexOnStartup:True
Mono: successfully reloaded assembly
- Finished resetting the current domain, in  1.070 seconds
Domain Reload Profiling: 1770ms
	BeginReloadAssembly (213ms)
		ExecutionOrderSort (0ms)
		DisableScriptedObjects (13ms)
		BackupInstance (0ms)
		ReleaseScriptingObjects (0ms)
		CreateAndSetChildDomain (51ms)
	RebuildCommonClasses (37ms)
	RebuildNativeTypeToScriptingClass (12ms)
	initialDomainReloadingComplete (32ms)
	LoadAllAssembliesAndSetupDomain (406ms)
		LoadAssemblies (259ms)
		RebuildTransferFunctionScriptingTraits (0ms)
		AnalyzeDomain (241ms)
			TypeCache.Refresh (7ms)
				TypeCache.ScanAssembly (0ms)
			BuildScriptInfoCaches (220ms)
			ResolveRequiredComponents (9ms)
	FinalizeReload (1071ms)
		ReleaseScriptCaches (0ms)
		RebuildScriptCaches (0ms)
		SetupLoadedEditorAssemblies (904ms)
			LogAssemblyErrors (0ms)
			InitializePlatformSupportModulesInManaged (2ms)
			SetLoadedEditorAssemblies (5ms)
			BeforeProcessingInitializeOnLoad (209ms)
			ProcessInitializeOnLoadAttributes (573ms)
			ProcessInitializeOnLoadMethodAttributes (105ms)
			AfterProcessingInitializeOnLoad (10ms)
			EditorAssembliesLoaded (0ms)
		ExecutionOrderSort2 (0ms)
		AwakeInstancesAfterBackupRestoration (19ms)
Refreshing native plugins compatible for Editor in 2.64 ms, found 4 plugins.
Preloading 0 native plugins for Editor in 0.00 ms.
Unloading 16 Unused Serialized files (Serialized files now loaded: 0)
Unloading 6922 unused Assets / (4.4 MB). Loaded Objects now: 7797.
Memory consumption went from 158.0 MB to 153.6 MB.
Total: 14.904100 ms (FindLiveObjects: 0.825600 ms CreateObjectMapping: 0.860800 ms MarkObjects: 9.266400 ms  DeleteObjects: 3.949500 ms)

Prepare: number of updated asset objects reloaded= 0
========================================================================
Received Import Request.
  Time since last request: 349.511120 seconds.
  path: Assets/Scenes/Corredor.unity
  artifactKey: Guid(8c9cfa26abfee488c85f1582747f6a02) Importer(815301076,1909f56bfc062723c751e8b465ee728b)
Start importing Assets/Scenes/Corredor.unity using Guid(8c9cfa26abfee488c85f1582747f6a02) Importer(815301076,1909f56bfc062723c751e8b465ee728b) (PreviewImporter) -> (artifact id: '04aed1761c8fe72edbbb7c4286cd31c0') in 0.0042582 seconds
Number of updated asset objects reloaded before import = 0Number of asset objects unloaded after import = 0

========================================================================
Received Import Request.
  Time since last request: 70.533574 seconds.
  path: Assets/Scenes/Sala de aula.unity
  artifactKey: Guid(ec69105b60a4a3f419b5054fbbf0df4b) Importer(815301076,1909f56bfc062723c751e8b465ee728b)
Start importing Assets/Scenes/Sala de aula.unity using Guid(ec69105b60a4a3f419b5054fbbf0df4b) Importer(815301076,1909f56bfc062723c751e8b465ee728b) (PreviewImporter) -> (artifact id: '21198ca973f88ad81ef8f8cdaac9206f') in 0.0008924 seconds
Number of updated asset objects reloaded before import = 0Number of asset objects unloaded after import = 0

========================================================================
Received Prepare
Begin MonoManager ReloadAssembly
[Licensing::Client] Successfully resolved entitlement details
DirectoryNotFoundException: Could not find a part of the path "C:\Users\Elenilson\Downloads\A-Extraordinaria-Mente-de-Arthur--main\A-Extraordinaria-Mente-de-Arthur--main\Library\PackageCache\com.unity.collections@aea9d3bd5e19\Unity.Collections.Tests\System.Runtime.CompilerServices.Unsafe\System.Runtime.CompilerServices.Unsafe.dll"
  at System.IO.FileStream..ctor (System.String path, System.IO.FileMode mode, System.IO.FileAccess access, System.IO.FileShare share, System.Int32 bufferSize, System.Boolean anonymous, System.IO.FileOptions options) [0x0019e] in <1eb9db207454431c84a47bcd81e79c37>:0 
  at System.IO.FileStream..ctor (System.String path, System.IO.FileMode mode, System.IO.FileAccess access, System.IO.FileShare share) [0x00000] in <1eb9db207454431c84a47bcd81e79c37>:0 
  at (wrapper remoting-invoke-with-check) System.IO.FileStream..ctor(string,System.IO.FileMode,System.IO.FileAccess,System.IO.FileShare)
  at Mono.Cecil.ModuleDefinition.GetFileStream (System.String fileName, System.IO.FileMode mode, System.IO.FileAccess access, System.IO.FileShare share) [0x00006] in <4e339395f8074c75847e518298d9c5fd>:0 
  at Mono.Cecil.ModuleDefinition.ReadModule (System.String fileName, Mono.Cecil.ReaderParameters parameters) [0x00008] in <4e339395f8074c75847e518298d9c5fd>:0 
  at Mono.Cecil.AssemblyDefinition.ReadAssembly (System.String fileName, Mono.Cecil.ReaderParameters parameters) [0x00000] in <4e339395f8074c75847e518298d9c5fd>:0 
  at UnityEditor.AssemblyValidation.LoadAssemblyDefinitions (System.String[] assemblyPaths, System.String[] searchPaths) [0x00048] in <5016c3a47c2a4a0cbfa8e12eb592279b>:0 
  at UnityEditor.AssemblyValidation.ValidateAssemblies (System.String[] assemblyPaths, System.Boolean enableLogging) [0x00007] in <5016c3a47c2a4a0cbfa8e12eb592279b>:0 

- Loaded All Assemblies, in  0.752 seconds
Refreshing native plugins compatible for Editor in 2.35 ms, found 4 plugins.
Native extension for WindowsStandalone target not found
[Package Manager] Failed to launch server process. Reason: Unity was launched with the -noUpm command-line argument
[Package Manager] Unable to send message (not connected to server process).
[Package Manager] Cannot connect to Unity Package Manager local server
ScheduleIndexationOnStartup MainProcess:False IndexOnStartup:True
Mono: successfully reloaded assembly
- Finished resetting the current domain, in  1.199 seconds
Domain Reload Profiling: 1948ms
	BeginReloadAssembly (242ms)
		ExecutionOrderSort (0ms)
		DisableScriptedObjects (16ms)
		BackupInstance (0ms)
		ReleaseScriptingObjects (0ms)
		CreateAndSetChildDomain (59ms)
	RebuildCommonClasses (42ms)
	RebuildNativeTypeToScriptingClass (13ms)
	initialDomainReloadingComplete (34ms)
	LoadAllAssembliesAndSetupDomain (416ms)
		LoadAssemblies (276ms)
		RebuildTransferFunctionScriptingTraits (0ms)
		AnalyzeDomain (244ms)
			TypeCache.Refresh (7ms)
				TypeCache.ScanAssembly (0ms)
			BuildScriptInfoCaches (223ms)
			ResolveRequiredComponents (9ms)
	FinalizeReload (1200ms)
		ReleaseScriptCaches (0ms)
		RebuildScriptCaches (0ms)
		SetupLoadedEditorAssemblies (1006ms)
			LogAssemblyErrors (0ms)
			InitializePlatformSupportModulesInManaged (2ms)
			SetLoadedEditorAssemblies (6ms)
			BeforeProcessingInitializeOnLoad (207ms)
			ProcessInitializeOnLoadAttributes (669ms)
			ProcessInitializeOnLoadMethodAttributes (109ms)
			AfterProcessingInitializeOnLoad (12ms)
			EditorAssembliesLoaded (1ms)
		ExecutionOrderSort2 (0ms)
		AwakeInstancesAfterBackupRestoration (28ms)
Refreshing native plugins compatible for Editor in 2.92 ms, found 4 plugins.
Preloading 0 native plugins for Editor in 0.00 ms.
Unloading 16 Unused Serialized files (Serialized files now loaded: 0)
Unloading 6922 unused Assets / (4.7 MB). Loaded Objects now: 7800.
Memory consumption went from 158.0 MB to 153.3 MB.
Total: 16.168900 ms (FindLiveObjects: 1.018100 ms CreateObjectMapping: 1.615300 ms MarkObjects: 9.120700 ms  DeleteObjects: 4.412900 ms)

Prepare: number of updated asset objects reloaded= 0
========================================================================
Received Import Request.
  Time since last request: 472.056304 seconds.
  path: Assets/Scenes/Cantina.unity
  artifactKey: Guid(e0581253bbf57224b8ec6f4b804eaa5d) Importer(815301076,1909f56bfc062723c751e8b465ee728b)
Start importing Assets/Scenes/Cantina.unity using Guid(e0581253bbf57224b8ec6f4b804eaa5d) Importer(815301076,1909f56bfc062723c751e8b465ee728b) (PreviewImporter) -> (artifact id: '82b8196e8c0b30e9e3b0d8f7dd732d6d') in 0.028233 seconds
Number of updated asset objects reloaded before import = 0Number of asset objects unloaded after import = 0

========================================================================
Received Prepare
Begin MonoManager ReloadAssembly
[Licensing::Client] Successfully resolved entitlement details
DirectoryNotFoundException: Could not find a part of the path "C:\Users\Elenilson\Downloads\A-Extraordinaria-Mente-de-Arthur--main\A-Extraordinaria-Mente-de-Arthur--main\Library\PackageCache\com.unity.collections@aea9d3bd5e19\Unity.Collections.Tests\System.Runtime.CompilerServices.Unsafe\System.Runtime.CompilerServices.Unsafe.dll"
  at System.IO.FileStream..ctor (System.String path, System.IO.FileMode mode, System.IO.FileAccess access, System.IO.FileShare share, System.Int32 bufferSize, System.Boolean anonymous, System.IO.FileOptions options) [0x0019e] in <1eb9db207454431c84a47bcd81e79c37>:0 
  at System.IO.FileStream..ctor (System.String path, System.IO.FileMode mode, System.IO.FileAccess access, System.IO.FileShare share) [0x00000] in <1eb9db207454431c84a47bcd81e79c37>:0 
  at (wrapper remoting-invoke-with-check) System.IO.FileStream..ctor(string,System.IO.FileMode,System.IO.FileAccess,System.IO.FileShare)
  at Mono.Cecil.ModuleDefinition.GetFileStream (System.String fileName, System.IO.FileMode mode, System.IO.FileAccess access, System.IO.FileShare share) [0x00006] in <4e339395f8074c75847e518298d9c5fd>:0 
  at Mono.Cecil.ModuleDefinition.ReadModule (System.String fileName, Mono.Cecil.ReaderParameters parameters) [0x00008] in <4e339395f8074c75847e518298d9c5fd>:0 
  at Mono.Cecil.AssemblyDefinition.ReadAssembly (System.String fileName, Mono.Cecil.ReaderParameters parameters) [0x00000] in <4e339395f8074c75847e518298d9c5fd>:0 
  at UnityEditor.AssemblyValidation.LoadAssemblyDefinitions (System.String[] assemblyPaths, System.String[] searchPaths) [0x00048] in <5016c3a47c2a4a0cbfa8e12eb592279b>:0 
  at UnityEditor.AssemblyValidation.ValidateAssemblies (System.String[] assemblyPaths, System.Boolean enableLogging) [0x00007] in <5016c3a47c2a4a0cbfa8e12eb592279b>:0 

- Loaded All Assemblies, in  0.732 seconds
Refreshing native plugins compatible for Editor in 2.16 ms, found 4 plugins.
Native extension for WindowsStandalone target not found
[Package Manager] Failed to launch server process. Reason: Unity was launched with the -noUpm command-line argument
[Package Manager] Unable to send message (not connected to server process).
[Package Manager] Cannot connect to Unity Package Manager local server
ScheduleIndexationOnStartup MainProcess:False IndexOnStartup:True
Mono: successfully reloaded assembly
- Finished resetting the current domain, in  1.082 seconds
Domain Reload Profiling: 1809ms
	BeginReloadAssembly (242ms)
		ExecutionOrderSort (0ms)
		DisableScriptedObjects (15ms)
		BackupInstance (0ms)
		ReleaseScriptingObjects (0ms)
		CreateAndSetChildDomain (59ms)
	RebuildCommonClasses (37ms)
	RebuildNativeTypeToScriptingClass (12ms)
	initialDomainReloadingComplete (35ms)
	LoadAllAssembliesAndSetupDomain (400ms)
		LoadAssemblies (272ms)
		RebuildTransferFunctionScriptingTraits (0ms)
		AnalyzeDomain (230ms)
			TypeCache.Refresh (6ms)
				TypeCache.ScanAssembly (0ms)
			BuildScriptInfoCaches (211ms)
			ResolveRequiredComponents (9ms)
	FinalizeReload (1083ms)
		ReleaseScriptCaches (0ms)
		RebuildScriptCaches (0ms)
		SetupLoadedEditorAssemblies (903ms)
			LogAssemblyErrors (0ms)
			InitializePlatformSupportModulesInManaged (2ms)
			SetLoadedEditorAssemblies (5ms)
			BeforeProcessingInitializeOnLoad (207ms)
			ProcessInitializeOnLoadAttributes (570ms)
			ProcessInitializeOnLoadMethodAttributes (107ms)
			AfterProcessingInitializeOnLoad (12ms)
			EditorAssembliesLoaded (1ms)
		ExecutionOrderSort2 (0ms)
		AwakeInstancesAfterBackupRestoration (19ms)
Refreshing native plugins compatible for Editor in 2.12 ms, found 4 plugins.
Preloading 0 native plugins for Editor in 0.00 ms.
Unloading 16 Unused Serialized files (Serialized files now loaded: 0)
Unloading 6922 unused Assets / (4.2 MB). Loaded Objects now: 7803.
Memory consumption went from 158.1 MB to 153.9 MB.
Total: 10.950800 ms (FindLiveObjects: 0.840100 ms CreateObjectMapping: 0.982800 ms MarkObjects: 6.724200 ms  DeleteObjects: 2.402400 ms)

Prepare: number of updated asset objects reloaded= 0
========================================================================
Received Prepare
Begin MonoManager ReloadAssembly
DirectoryNotFoundException: Could not find a part of the path "C:\Users\Elenilson\Downloads\A-Extraordinaria-Mente-de-Arthur--main\A-Extraordinaria-Mente-de-Arthur--main\Library\PackageCache\com.unity.collections@aea9d3bd5e19\Unity.Collections.Tests\System.Runtime.CompilerServices.Unsafe\System.Runtime.CompilerServices.Unsafe.dll"
  at System.IO.FileStream..ctor (System.String path, System.IO.FileMode mode, System.IO.FileAccess access, System.IO.FileShare share, System.Int32 bufferSize, System.Boolean anonymous, System.IO.FileOptions options) [0x0019e] in <1eb9db207454431c84a47bcd81e79c37>:0 
  at System.IO.FileStream..ctor (System.String path, System.IO.FileMode mode, System.IO.FileAccess access, System.IO.FileShare share) [0x00000] in <1eb9db207454431c84a47bcd81e79c37>:0 
  at (wrapper remoting-invoke-with-check) System.IO.FileStream..ctor(string,System.IO.FileMode,System.IO.FileAccess,System.IO.FileShare)
  at Mono.Cecil.ModuleDefinition.GetFileStream (System.String fileName, System.IO.FileMode mode, System.IO.FileAccess access, System.IO.FileShare share) [0x00006] in <4e339395f8074c75847e518298d9c5fd>:0 
  at Mono.Cecil.ModuleDefinition.ReadModule (System.String fileName, Mono.Cecil.ReaderParameters parameters) [0x00008] in <4e339395f8074c75847e518298d9c5fd>:0 
  at Mono.Cecil.AssemblyDefinition.ReadAssembly (System.String fileName, Mono.Cecil.ReaderParameters parameters) [0x00000] in <4e339395f8074c75847e518298d9c5fd>:0 
  at UnityEditor.AssemblyValidation.LoadAssemblyDefinitions (System.String[] assemblyPaths, System.String[] searchPaths) [0x00048] in <5016c3a47c2a4a0cbfa8e12eb592279b>:0 
  at UnityEditor.AssemblyValidation.ValidateAssemblies (System.String[] assemblyPaths, System.Boolean enableLogging) [0x00007] in <5016c3a47c2a4a0cbfa8e12eb592279b>:0 

- Loaded All Assemblies, in  0.714 seconds
Refreshing native plugins compatible for Editor in 2.10 ms, found 4 plugins.
Native extension for WindowsStandalone target not found
[Package Manager] Failed to launch server process. Reason: Unity was launched with the -noUpm command-line argument
[Package Manager] Unable to send message (not connected to server process).
[Package Manager] Cannot connect to Unity Package Manager local server
ScheduleIndexationOnStartup MainProcess:False IndexOnStartup:True
Mono: successfully reloaded assembly
- Finished resetting the current domain, in  1.136 seconds
Domain Reload Profiling: 1847ms
	BeginReloadAssembly (227ms)
		ExecutionOrderSort (0ms)
		DisableScriptedObjects (14ms)
		BackupInstance (0ms)
		ReleaseScriptingObjects (0ms)
		CreateAndSetChildDomain (55ms)
	RebuildCommonClasses (37ms)
	RebuildNativeTypeToScriptingClass (13ms)
	initialDomainReloadingComplete (32ms)
	LoadAllAssembliesAndSetupDomain (402ms)
		LoadAssemblies (271ms)
		RebuildTransferFunctionScriptingTraits (0ms)
		AnalyzeDomain (226ms)
			TypeCache.Refresh (6ms)
				TypeCache.ScanAssembly (0ms)
			BuildScriptInfoCaches (207ms)
			ResolveRequiredComponents (9ms)
	FinalizeReload (1136ms)
		ReleaseScriptCaches (0ms)
		RebuildScriptCaches (0ms)
		SetupLoadedEditorAssemblies (955ms)
			LogAssemblyErrors (0ms)
			InitializePlatformSupportModulesInManaged (2ms)
			SetLoadedEditorAssemblies (7ms)
			BeforeProcessingInitializeOnLoad (219ms)
			ProcessInitializeOnLoadAttributes (607ms)
			ProcessInitializeOnLoadMethodAttributes (107ms)
			AfterProcessingInitializeOnLoad (13ms)
			EditorAssembliesLoaded (0ms)
		ExecutionOrderSort2 (0ms)
		AwakeInstancesAfterBackupRestoration (22ms)
Refreshing native plugins compatible for Editor in 2.56 ms, found 4 plugins.
Preloading 0 native plugins for Editor in 0.00 ms.
Unloading 16 Unused Serialized files (Serialized files now loaded: 0)
Unloading 6922 unused Assets / (4.9 MB). Loaded Objects now: 7806.
Memory consumption went from 158.1 MB to 153.2 MB.
Total: 16.049300 ms (FindLiveObjects: 1.291900 ms CreateObjectMapping: 1.065600 ms MarkObjects: 9.840300 ms  DeleteObjects: 3.850200 ms)

Prepare: number of updated asset objects reloaded= 0
========================================================================
Received Prepare
Begin MonoManager ReloadAssembly
[Licensing::Client] Successfully resolved entitlement details
DirectoryNotFoundException: Could not find a part of the path "C:\Users\Elenilson\Downloads\A-Extraordinaria-Mente-de-Arthur--main\A-Extraordinaria-Mente-de-Arthur--main\Library\PackageCache\com.unity.collections@aea9d3bd5e19\Unity.Collections.Tests\System.Runtime.CompilerServices.Unsafe\System.Runtime.CompilerServices.Unsafe.dll"
  at System.IO.FileStream..ctor (System.String path, System.IO.FileMode mode, System.IO.FileAccess access, System.IO.FileShare share, System.Int32 bufferSize, System.Boolean anonymous, System.IO.FileOptions options) [0x0019e] in <1eb9db207454431c84a47bcd81e79c37>:0 
  at System.IO.FileStream..ctor (System.String path, System.IO.FileMode mode, System.IO.FileAccess access, System.IO.FileShare share) [0x00000] in <1eb9db207454431c84a47bcd81e79c37>:0 
  at (wrapper remoting-invoke-with-check) System.IO.FileStream..ctor(string,System.IO.FileMode,System.IO.FileAccess,System.IO.FileShare)
  at Mono.Cecil.ModuleDefinition.GetFileStream (System.String fileName, System.IO.FileMode mode, System.IO.FileAccess access, System.IO.FileShare share) [0x00006] in <4e339395f8074c75847e518298d9c5fd>:0 
  at Mono.Cecil.ModuleDefinition.ReadModule (System.String fileName, Mono.Cecil.ReaderParameters parameters) [0x00008] in <4e339395f8074c75847e518298d9c5fd>:0 
  at Mono.Cecil.AssemblyDefinition.ReadAssembly (System.String fileName, Mono.Cecil.ReaderParameters parameters) [0x00000] in <4e339395f8074c75847e518298d9c5fd>:0 
  at UnityEditor.AssemblyValidation.LoadAssemblyDefinitions (System.String[] assemblyPaths, System.String[] searchPaths) [0x00048] in <5016c3a47c2a4a0cbfa8e12eb592279b>:0 
  at UnityEditor.AssemblyValidation.ValidateAssemblies (System.String[] assemblyPaths, System.Boolean enableLogging) [0x00007] in <5016c3a47c2a4a0cbfa8e12eb592279b>:0 

- Loaded All Assemblies, in  0.727 seconds
Refreshing native plugins compatible for Editor in 2.13 ms, found 4 plugins.
Native extension for WindowsStandalone target not found
[Package Manager] Failed to launch server process. Reason: Unity was launched with the -noUpm command-line argument
[Package Manager] Unable to send message (not connected to server process).
[Package Manager] Cannot connect to Unity Package Manager local server
ScheduleIndexationOnStartup MainProcess:False IndexOnStartup:True
Mono: successfully reloaded assembly
- Finished resetting the current domain, in  1.027 seconds
Domain Reload Profiling: 1750ms
	BeginReloadAssembly (233ms)
		ExecutionOrderSort (0ms)
		DisableScriptedObjects (15ms)
		BackupInstance (0ms)
		ReleaseScriptingObjects (0ms)
		CreateAndSetChildDomain (53ms)
	RebuildCommonClasses (37ms)
	RebuildNativeTypeToScriptingClass (13ms)
	initialDomainReloadingComplete (34ms)
	LoadAllAssembliesAndSetupDomain (406ms)
		LoadAssemblies (271ms)
		RebuildTransferFunctionScriptingTraits (0ms)
		AnalyzeDomain (238ms)
			TypeCache.Refresh (6ms)
				TypeCache.ScanAssembly (0ms)
			BuildScriptInfoCaches (219ms)
			ResolveRequiredComponents (9ms)
	FinalizeReload (1027ms)
		ReleaseScriptCaches (0ms)
		RebuildScriptCaches (0ms)
		SetupLoadedEditorAssemblies (851ms)
			LogAssemblyErrors (0ms)
			InitializePlatformSupportModulesInManaged (2ms)
			SetLoadedEditorAssemblies (6ms)
			BeforeProcessingInitializeOnLoad (185ms)
			ProcessInitializeOnLoadAttributes (547ms)
			ProcessInitializeOnLoadMethodAttributes (97ms)
			AfterProcessingInitializeOnLoad (13ms)
			EditorAssembliesLoaded (1ms)
		ExecutionOrderSort2 (0ms)
		AwakeInstancesAfterBackupRestoration (18ms)
Refreshing native plugins compatible for Editor in 2.34 ms, found 4 plugins.
Preloading 0 native plugins for Editor in 0.00 ms.
Unloading 16 Unused Serialized files (Serialized files now loaded: 0)
Unloading 6922 unused Assets / (4.9 MB). Loaded Objects now: 7809.
Memory consumption went from 158.2 MB to 153.3 MB.
Total: 15.173600 ms (FindLiveObjects: 0.951000 ms CreateObjectMapping: 1.529900 ms MarkObjects: 8.620400 ms  DeleteObjects: 4.070800 ms)

Prepare: number of updated asset objects reloaded= 0
========================================================================
Received Prepare
Refreshing native plugins compatible for Editor in 3.63 ms, found 4 plugins.
Preloading 0 native plugins for Editor in 0.00 ms.
Unloading 16 Unused Serialized files (Serialized files now loaded: 0)
Unloading 6912 unused Assets / (4.4 MB). Loaded Objects now: 7809.
Memory consumption went from 158.3 MB to 154.0 MB.
Total: 22.933100 ms (FindLiveObjects: 1.286300 ms CreateObjectMapping: 1.467400 ms MarkObjects: 16.636800 ms  DeleteObjects: 3.541500 ms)

Prepare: number of updated asset objects reloaded= 0
========================================================================
Received Prepare
Begin MonoManager ReloadAssembly
[Licensing::Client] Successfully resolved entitlement details
DirectoryNotFoundException: Could not find a part of the path "C:\Users\Elenilson\Downloads\A-Extraordinaria-Mente-de-Arthur--main\A-Extraordinaria-Mente-de-Arthur--main\Library\PackageCache\com.unity.collections@aea9d3bd5e19\Unity.Collections.Tests\System.Runtime.CompilerServices.Unsafe\System.Runtime.CompilerServices.Unsafe.dll"
  at System.IO.FileStream..ctor (System.String path, System.IO.FileMode mode, System.IO.FileAccess access, System.IO.FileShare share, System.Int32 bufferSize, System.Boolean anonymous, System.IO.FileOptions options) [0x0019e] in <1eb9db207454431c84a47bcd81e79c37>:0 
  at System.IO.FileStream..ctor (System.String path, System.IO.FileMode mode, System.IO.FileAccess access, System.IO.FileShare share) [0x00000] in <1eb9db207454431c84a47bcd81e79c37>:0 
  at (wrapper remoting-invoke-with-check) System.IO.FileStream..ctor(string,System.IO.FileMode,System.IO.FileAccess,System.IO.FileShare)
  at Mono.Cecil.ModuleDefinition.GetFileStream (System.String fileName, System.IO.FileMode mode, System.IO.FileAccess access, System.IO.FileShare share) [0x00006] in <4e339395f8074c75847e518298d9c5fd>:0 
  at Mono.Cecil.ModuleDefinition.ReadModule (System.String fileName, Mono.Cecil.ReaderParameters parameters) [0x00008] in <4e339395f8074c75847e518298d9c5fd>:0 
  at Mono.Cecil.AssemblyDefinition.ReadAssembly (System.String fileName, Mono.Cecil.ReaderParameters parameters) [0x00000] in <4e339395f8074c75847e518298d9c5fd>:0 
  at UnityEditor.AssemblyValidation.LoadAssemblyDefinitions (System.String[] assemblyPaths, System.String[] searchPaths) [0x00048] in <5016c3a47c2a4a0cbfa8e12eb592279b>:0 
  at UnityEditor.AssemblyValidation.ValidateAssemblies (System.String[] assemblyPaths, System.Boolean enableLogging) [0x00007] in <5016c3a47c2a4a0cbfa8e12eb592279b>:0 

- Loaded All Assemblies, in  0.965 seconds
Refreshing native plugins compatible for Editor in 2.82 ms, found 4 plugins.
Native extension for WindowsStandalone target not found
[Package Manager] Failed to launch server process. Reason: Unity was launched with the -noUpm command-line argument
[Package Manager] Unable to send message (not connected to server process).
[Package Manager] Cannot connect to Unity Package Manager local server
ScheduleIndexationOnStartup MainProcess:False IndexOnStartup:True
Mono: successfully reloaded assembly
- Finished resetting the current domain, in  1.154 seconds
Domain Reload Profiling: 2109ms
	BeginReloadAssembly (312ms)
		ExecutionOrderSort (0ms)
		DisableScriptedObjects (21ms)
		BackupInstance (0ms)
		ReleaseScriptingObjects (0ms)
		CreateAndSetChildDomain (72ms)
	RebuildCommonClasses (54ms)
	RebuildNativeTypeToScriptingClass (19ms)
	initialDomainReloadingComplete (41ms)
	LoadAllAssembliesAndSetupDomain (530ms)
		LoadAssemblies (334ms)
		RebuildTransferFunctionScriptingTraits (0ms)
		AnalyzeDomain (332ms)
			TypeCache.Refresh (13ms)
				TypeCache.ScanAssembly (1ms)
			BuildScriptInfoCaches (302ms)
			ResolveRequiredComponents (11ms)
	FinalizeReload (1154ms)
		ReleaseScriptCaches (0ms)
		RebuildScriptCaches (0ms)
		SetupLoadedEditorAssemblies (948ms)
			LogAssemblyErrors (0ms)
			InitializePlatformSupportModulesInManaged (2ms)
			SetLoadedEditorAssemblies (6ms)
			BeforeProcessingInitializeOnLoad (257ms)
			ProcessInitializeOnLoadAttributes (592ms)
			ProcessInitializeOnLoadMethodAttributes (78ms)
			AfterProcessingInitializeOnLoad (12ms)
			EditorAssembliesLoaded (0ms)
		ExecutionOrderSort2 (0ms)
		AwakeInstancesAfterBackupRestoration (19ms)
Refreshing native plugins compatible for Editor in 3.78 ms, found 4 plugins.
Preloading 0 native plugins for Editor in 0.00 ms.
Unloading 16 Unused Serialized files (Serialized files now loaded: 0)
Unloading 6922 unused Assets / (4.2 MB). Loaded Objects now: 7812.
Memory consumption went from 158.2 MB to 154.1 MB.
Total: 12.430900 ms (FindLiveObjects: 0.799800 ms CreateObjectMapping: 0.975400 ms MarkObjects: 7.857400 ms  DeleteObjects: 2.797100 ms)

Prepare: number of updated asset objects reloaded= 0
========================================================================
Received Import Request.
  Time since last request: 1071.939691 seconds.
  path: Assets/Scripts/Reality.cs
  artifactKey: Guid(8383e5e92c52e9a429818f05e60674fc) Importer(2089858483,b0f066a214c2f5e87bad3c948f4d605d)
Start importing Assets/Scripts/Reality.cs using Guid(8383e5e92c52e9a429818f05e60674fc) Importer(2089858483,b0f066a214c2f5e87bad3c948f4d605d) (ScriptedImporter) -> (artifact id: '993c295c7cc7ced8c2407ba4b6bae069') in 0.099028 seconds
Number of updated asset objects reloaded before import = 0Number of asset objects unloaded after import = 0

========================================================================
Received Import Request.
  Time since last request: 0.000032 seconds.
  path: Assets/Scenes/Cantina.unity
  artifactKey: Guid(e0581253bbf57224b8ec6f4b804eaa5d) Importer(2089858483,b0f066a214c2f5e87bad3c948f4d605d)
Start importing Assets/Scenes/Cantina.unity using Guid(e0581253bbf57224b8ec6f4b804eaa5d) Importer(2089858483,b0f066a214c2f5e87bad3c948f4d605d) (ScriptedImporter) -> (artifact id: 'aef73d2f2776602f992b9bcad84005c9') in 0.0248636 seconds
Number of updated asset objects reloaded before import = 0Number of asset objects unloaded after import = 1

========================================================================
Received Prepare
Refreshing native plugins compatible for Editor in 2.25 ms, found 4 plugins.
Preloading 0 native plugins for Editor in 0.00 ms.
Unloading 16 Unused Serialized files (Serialized files now loaded: 0)
Unloading 6913 unused Assets / (5.1 MB). Loaded Objects now: 7813.
Memory consumption went from 158.4 MB to 153.3 MB.
Total: 11.487200 ms (FindLiveObjects: 0.790800 ms CreateObjectMapping: 0.695100 ms MarkObjects: 6.625900 ms  DeleteObjects: 3.374400 ms)

Prepare: number of updated asset objects reloaded= 0
========================================================================
Received Import Request.
  Time since last request: 19.804667 seconds.
  path: Assets/Scripts/MineGameMemory.cs
  artifactKey: Guid(6a8a30b205ca73c4eb11977105ef85ff) Importer(815301076,1909f56bfc062723c751e8b465ee728b)
Start importing Assets/Scripts/MineGameMemory.cs using Guid(6a8a30b205ca73c4eb11977105ef85ff) Importer(815301076,1909f56bfc062723c751e8b465ee728b) (PreviewImporter) -> (artifact id: '916ee7a545cba59003a430ebc75ff98d') in 0.0016368 seconds
Number of updated asset objects reloaded before import = 0Number of asset objects unloaded after import = 0

========================================================================
Received Import Request.
  Time since last request: 0.225881 seconds.
  path: Assets/Scripts/MineGameMemory.cs
  artifactKey: Guid(6a8a30b205ca73c4eb11977105ef85ff) Importer(2089858483,b0f066a214c2f5e87bad3c948f4d605d)
Start importing Assets/Scripts/MineGameMemory.cs using Guid(6a8a30b205ca73c4eb11977105ef85ff) Importer(2089858483,b0f066a214c2f5e87bad3c948f4d605d) (ScriptedImporter) -> (artifact id: 'ceed692ed70616b1c5978511391577f6') in 0.0157446 seconds
Number of updated asset objects reloaded before import = 0Number of asset objects unloaded after import = 0

========================================================================
Received Prepare
Refreshing native plugins compatible for Editor in 3.78 ms, found 4 plugins.
Preloading 0 native plugins for Editor in 0.00 ms.
Unloading 16 Unused Serialized files (Serialized files now loaded: 0)
Unloading 6913 unused Assets / (4.2 MB). Loaded Objects now: 7813.
Memory consumption went from 158.4 MB to 154.3 MB.
Total: 15.057800 ms (FindLiveObjects: 1.492400 ms CreateObjectMapping: 2.206700 ms MarkObjects: 8.062300 ms  DeleteObjects: 3.294300 ms)

Prepare: number of updated asset objects reloaded= 0
========================================================================
Received Import Request.
  Time since last request: 1.613698 seconds.
  path: Assets/Scripts/Card.cs
  artifactKey: Guid(403fdfbe5a9690f44adf8f0a395e7a70) Importer(2089858483,b0f066a214c2f5e87bad3c948f4d605d)
Start importing Assets/Scripts/Card.cs using Guid(403fdfbe5a9690f44adf8f0a395e7a70) Importer(2089858483,b0f066a214c2f5e87bad3c948f4d605d) (ScriptedImporter) -> (artifact id: '1a6f3b486109f2b077356003cc0f7686') in 0.0166859 seconds
Number of updated asset objects reloaded before import = 0Number of asset objects unloaded after import = 0

========================================================================
Received Prepare
Begin MonoManager ReloadAssembly
[Licensing::Client] Successfully resolved entitlement details
DirectoryNotFoundException: Could not find a part of the path "C:\Users\Elenilson\Downloads\A-Extraordinaria-Mente-de-Arthur--main\A-Extraordinaria-Mente-de-Arthur--main\Library\PackageCache\com.unity.collections@aea9d3bd5e19\Unity.Collections.Tests\System.Runtime.CompilerServices.Unsafe\System.Runtime.CompilerServices.Unsafe.dll"
  at System.IO.FileStream..ctor (System.String path, System.IO.FileMode mode, System.IO.FileAccess access, System.IO.FileShare share, System.Int32 bufferSize, System.Boolean anonymous, System.IO.FileOptions options) [0x0019e] in <1eb9db207454431c84a47bcd81e79c37>:0 
  at System.IO.FileStream..ctor (System.String path, System.IO.FileMode mode, System.IO.FileAccess access, System.IO.FileShare share) [0x00000] in <1eb9db207454431c84a47bcd81e79c37>:0 
  at (wrapper remoting-invoke-with-check) System.IO.FileStream..ctor(string,System.IO.FileMode,System.IO.FileAccess,System.IO.FileShare)
  at Mono.Cecil.ModuleDefinition.GetFileStream (System.String fileName, System.IO.FileMode mode, System.IO.FileAccess access, System.IO.FileShare share) [0x00006] in <4e339395f8074c75847e518298d9c5fd>:0 
  at Mono.Cecil.ModuleDefinition.ReadModule (System.String fileName, Mono.Cecil.ReaderParameters parameters) [0x00008] in <4e339395f8074c75847e518298d9c5fd>:0 
  at Mono.Cecil.AssemblyDefinition.ReadAssembly (System.String fileName, Mono.Cecil.ReaderParameters parameters) [0x00000] in <4e339395f8074c75847e518298d9c5fd>:0 
  at UnityEditor.AssemblyValidation.LoadAssemblyDefinitions (System.String[] assemblyPaths, System.String[] searchPaths) [0x00048] in <5016c3a47c2a4a0cbfa8e12eb592279b>:0 
  at UnityEditor.AssemblyValidation.ValidateAssemblies (System.String[] assemblyPaths, System.Boolean enableLogging) [0x00007] in <5016c3a47c2a4a0cbfa8e12eb592279b>:0 

- Loaded All Assemblies, in  1.044 seconds
Refreshing native plugins compatible for Editor in 2.59 ms, found 4 plugins.
Native extension for WindowsStandalone target not found
[Package Manager] Failed to launch server process. Reason: Unity was launched with the -noUpm command-line argument
[Package Manager] Unable to send message (not connected to server process).
[Package Manager] Cannot connect to Unity Package Manager local server
ScheduleIndexationOnStartup MainProcess:False IndexOnStartup:True
Mono: successfully reloaded assembly
- Finished resetting the current domain, in  1.300 seconds
Domain Reload Profiling: 2337ms
	BeginReloadAssembly (318ms)
		ExecutionOrderSort (0ms)
		DisableScriptedObjects (23ms)
		BackupInstance (0ms)
		ReleaseScriptingObjects (0ms)
		CreateAndSetChildDomain (68ms)
	RebuildCommonClasses (64ms)
	RebuildNativeTypeToScriptingClass (22ms)
	initialDomainReloadingComplete (51ms)
	LoadAllAssembliesAndSetupDomain (582ms)
		LoadAssemblies (365ms)
		RebuildTransferFunctionScriptingTraits (0ms)
		AnalyzeDomain (365ms)
			TypeCache.Refresh (10ms)
				TypeCache.ScanAssembly (1ms)
			BuildScriptInfoCaches (332ms)
			ResolveRequiredComponents (15ms)
	FinalizeReload (1301ms)
		ReleaseScriptCaches (0ms)
		RebuildScriptCaches (0ms)
		SetupLoadedEditorAssemblies (1064ms)
			LogAssemblyErrors (0ms)
			InitializePlatformSupportModulesInManaged (2ms)
			SetLoadedEditorAssemblies (8ms)
			BeforeProcessingInitializeOnLoad (271ms)
			ProcessInitializeOnLoadAttributes (669ms)
			ProcessInitializeOnLoadMethodAttributes (102ms)
			AfterProcessingInitializeOnLoad (11ms)
			EditorAssembliesLoaded (0ms)
		ExecutionOrderSort2 (0ms)
		AwakeInstancesAfterBackupRestoration (19ms)
Refreshing native plugins compatible for Editor in 3.31 ms, found 4 plugins.
Preloading 0 native plugins for Editor in 0.00 ms.
Unloading 16 Unused Serialized files (Serialized files now loaded: 0)
Unloading 6923 unused Assets / (4.6 MB). Loaded Objects now: 7816.
Memory consumption went from 158.3 MB to 153.8 MB.
Total: 16.197700 ms (FindLiveObjects: 1.350800 ms CreateObjectMapping: 1.231100 ms MarkObjects: 9.503500 ms  DeleteObjects: 4.110500 ms)

Prepare: number of updated asset objects reloaded= 0
========================================================================
Received Import Request.
  Time since last request: 10.499849 seconds.
  path: Assets/Scripts/MineGameMemory.cs
  artifactKey: Guid(6a8a30b205ca73c4eb11977105ef85ff) Importer(815301076,1909f56bfc062723c751e8b465ee728b)
Start importing Assets/Scripts/MineGameMemory.cs using Guid(6a8a30b205ca73c4eb11977105ef85ff) Importer(815301076,1909f56bfc062723c751e8b465ee728b) (PreviewImporter) -> (artifact id: '00000000000000000000000000000000') in 0.0025734 seconds
Import Error Code:(4)
Message: Build asset version error: assets/scripts/minegamememory.cs in SourceAssetDB has modification time of '2026-05-30T23:06:50.9232584Z' while content on disk has modification time of '2026-05-30T23:06:52.7498911Z'
  ERROR: Build asset version error: assets/scripts/minegamememory.cs in SourceAssetDB has modification time of '2026-05-30T23:06:50.9232584Z' while content on disk has modification time of '2026-05-30T23:06:52.7498911Z'
Number of updated asset objects reloaded before import = 0Number of asset objects unloaded after import = 0

========================================================================
Received Import Request.
  Time since last request: 0.000018 seconds.
  path: Assets/Scripts/MineGameMemory.cs
  artifactKey: Guid(6a8a30b205ca73c4eb11977105ef85ff) Importer(815301076,1909f56bfc062723c751e8b465ee728b)
Start importing Assets/Scripts/MineGameMemory.cs using Guid(6a8a30b205ca73c4eb11977105ef85ff) Importer(815301076,1909f56bfc062723c751e8b465ee728b) (PreviewImporter) -> (artifact id: '00000000000000000000000000000000') in 0.0006738 seconds
Import Error Code:(4)
Message: Build asset version error: assets/scripts/minegamememory.cs in SourceAssetDB has modification time of '2026-05-30T23:06:50.9232584Z' while content on disk has modification time of '2026-05-30T23:06:52.7498911Z'
  ERROR: Build asset version error: assets/scripts/minegamememory.cs in SourceAssetDB has modification time of '2026-05-30T23:06:50.9232584Z' while content on disk has modification time of '2026-05-30T23:06:52.7498911Z'
Number of updated asset objects reloaded before import = 0Number of asset objects unloaded after import = 0

========================================================================
Received Import Request.
  Time since last request: 0.000020 seconds.
  path: Assets/Scripts/MineGameMemory.cs
  artifactKey: Guid(6a8a30b205ca73c4eb11977105ef85ff) Importer(815301076,1909f56bfc062723c751e8b465ee728b)
Start importing Assets/Scripts/MineGameMemory.cs using Guid(6a8a30b205ca73c4eb11977105ef85ff) Importer(815301076,1909f56bfc062723c751e8b465ee728b) (PreviewImporter) -> (artifact id: '00000000000000000000000000000000') in 0.0008296 seconds
Import Error Code:(4)
Message: Build asset version error: assets/scripts/minegamememory.cs in SourceAssetDB has modification time of '2026-05-30T23:06:50.9232584Z' while content on disk has modification time of '2026-05-30T23:06:52.7498911Z'
  ERROR: Build asset version error: assets/scripts/minegamememory.cs in SourceAssetDB has modification time of '2026-05-30T23:06:50.9232584Z' while content on disk has modification time of '2026-05-30T23:06:52.7498911Z'
Number of updated asset objects reloaded before import = 0Number of asset objects unloaded after import = 0

========================================================================
Received Import Request.
  Time since last request: 0.000026 seconds.
  path: Assets/Scripts/MineGameMemory.cs
  artifactKey: Guid(6a8a30b205ca73c4eb11977105ef85ff) Importer(815301076,1909f56bfc062723c751e8b465ee728b)
Start importing Assets/Scripts/MineGameMemory.cs using Guid(6a8a30b205ca73c4eb11977105ef85ff) Importer(815301076,1909f56bfc062723c751e8b465ee728b) (PreviewImporter) -> (artifact id: '00000000000000000000000000000000') in 0.0006654 seconds
Import Error Code:(4)
Message: Build asset version error: assets/scripts/minegamememory.cs in SourceAssetDB has modification time of '2026-05-30T23:06:50.9232584Z' while content on disk has modification time of '2026-05-30T23:06:52.7498911Z'
  ERROR: Build asset version error: assets/scripts/minegamememory.cs in SourceAssetDB has modification time of '2026-05-30T23:06:50.9232584Z' while content on disk has modification time of '2026-05-30T23:06:52.7498911Z'
Number of updated asset objects reloaded before import = 0Number of asset objects unloaded after import = 0

========================================================================
Received Import Request.
  Time since last request: 0.000028 seconds.
  path: Assets/Scripts/MineGameMemory.cs
  artifactKey: Guid(6a8a30b205ca73c4eb11977105ef85ff) Importer(815301076,1909f56bfc062723c751e8b465ee728b)
Start importing Assets/Scripts/MineGameMemory.cs using Guid(6a8a30b205ca73c4eb11977105ef85ff) Importer(815301076,1909f56bfc062723c751e8b465ee728b) (PreviewImporter) -> (artifact id: '00000000000000000000000000000000') in 0.0005871 seconds
Import Error Code:(4)
Message: Build asset version error: assets/scripts/minegamememory.cs in SourceAssetDB has modification time of '2026-05-30T23:06:50.9232584Z' while content on disk has modification time of '2026-05-30T23:06:52.7498911Z'
  ERROR: Build asset version error: assets/scripts/minegamememory.cs in SourceAssetDB has modification time of '2026-05-30T23:06:50.9232584Z' while content on disk has modification time of '2026-05-30T23:06:52.7498911Z'
Number of updated asset objects reloaded before import = 0Number of asset objects unloaded after import = 0

========================================================================
Received Import Request.
  Time since last request: 0.000017 seconds.
  path: Assets/Scripts/MineGameMemory.cs
  artifactKey: Guid(6a8a30b205ca73c4eb11977105ef85ff) Importer(815301076,1909f56bfc062723c751e8b465ee728b)
Start importing Assets/Scripts/MineGameMemory.cs using Guid(6a8a30b205ca73c4eb11977105ef85ff) Importer(815301076,1909f56bfc062723c751e8b465ee728b) (PreviewImporter) -> (artifact id: '00000000000000000000000000000000') in 0.0005942 seconds
Import Error Code:(4)
Message: Build asset version error: assets/scripts/minegamememory.cs in SourceAssetDB has modification time of '2026-05-30T23:06:50.9232584Z' while content on disk has modification time of '2026-05-30T23:06:52.7498911Z'
  ERROR: Build asset version error: assets/scripts/minegamememory.cs in SourceAssetDB has modification time of '2026-05-30T23:06:50.9232584Z' while content on disk has modification time of '2026-05-30T23:06:52.7498911Z'
Number of updated asset objects reloaded before import = 0Number of asset objects unloaded after import = 0

========================================================================
Received Import Request.
  Time since last request: 0.000023 seconds.
  path: Assets/Scripts/MineGameMemory.cs
  artifactKey: Guid(6a8a30b205ca73c4eb11977105ef85ff) Importer(815301076,1909f56bfc062723c751e8b465ee728b)
Start importing Assets/Scripts/MineGameMemory.cs using Guid(6a8a30b205ca73c4eb11977105ef85ff) Importer(815301076,1909f56bfc062723c751e8b465ee728b) (PreviewImporter) -> (artifact id: '00000000000000000000000000000000') in 0.0007028 seconds
Import Error Code:(4)
Message: Build asset version error: assets/scripts/minegamememory.cs in SourceAssetDB has modification time of '2026-05-30T23:06:50.9232584Z' while content on disk has modification time of '2026-05-30T23:06:52.7498911Z'
  ERROR: Build asset version error: assets/scripts/minegamememory.cs in SourceAssetDB has modification time of '2026-05-30T23:06:50.9232584Z' while content on disk has modification time of '2026-05-30T23:06:52.7498911Z'
Number of updated asset objects reloaded before import = 0Number of asset objects unloaded after import = 0

========================================================================
Received Import Request.
  Time since last request: 0.000015 seconds.
  path: Assets/Scripts/MineGameMemory.cs
  artifactKey: Guid(6a8a30b205ca73c4eb11977105ef85ff) Importer(815301076,1909f56bfc062723c751e8b465ee728b)
Start importing Assets/Scripts/MineGameMemory.cs using Guid(6a8a30b205ca73c4eb11977105ef85ff) Importer(815301076,1909f56bfc062723c751e8b465ee728b) (PreviewImporter) -> (artifact id: '00000000000000000000000000000000') in 0.0006422 seconds
Import Error Code:(4)
Message: Build asset version error: assets/scripts/minegamememory.cs in SourceAssetDB has modification time of '2026-05-30T23:06:50.9232584Z' while content on disk has modification time of '2026-05-30T23:06:52.7498911Z'
  ERROR: Build asset version error: assets/scripts/minegamememory.cs in SourceAssetDB has modification time of '2026-05-30T23:06:50.9232584Z' while content on disk has modification time of '2026-05-30T23:06:52.7498911Z'
Number of updated asset objects reloaded before import = 0Number of asset objects unloaded after import = 0

========================================================================
Received Import Request.
  Time since last request: 0.000024 seconds.
  path: Assets/Scripts/MineGameMemory.cs
  artifactKey: Guid(6a8a30b205ca73c4eb11977105ef85ff) Importer(815301076,1909f56bfc062723c751e8b465ee728b)
Start importing Assets/Scripts/MineGameMemory.cs using Guid(6a8a30b205ca73c4eb11977105ef85ff) Importer(815301076,1909f56bfc062723c751e8b465ee728b) (PreviewImporter) -> (artifact id: '00000000000000000000000000000000') in 0.0006636 seconds
Import Error Code:(4)
Message: Build asset version error: assets/scripts/minegamememory.cs in SourceAssetDB has modification time of '2026-05-30T23:06:50.9232584Z' while content on disk has modification time of '2026-05-30T23:06:52.7498911Z'
  ERROR: Build asset version error: assets/scripts/minegamememory.cs in SourceAssetDB has modification time of '2026-05-30T23:06:50.9232584Z' while content on disk has modification time of '2026-05-30T23:06:52.7498911Z'
Number of updated asset objects reloaded before import = 0Number of asset objects unloaded after import = 0

========================================================================
Received Import Request.
  Time since last request: 0.000030 seconds.
  path: Assets/Scripts/MineGameMemory.cs
  artifactKey: Guid(6a8a30b205ca73c4eb11977105ef85ff) Importer(815301076,1909f56bfc062723c751e8b465ee728b)
Start importing Assets/Scripts/MineGameMemory.cs using Guid(6a8a30b205ca73c4eb11977105ef85ff) Importer(815301076,1909f56bfc062723c751e8b465ee728b) (PreviewImporter) -> (artifact id: '00000000000000000000000000000000') in 0.0006531 seconds
Import Error Code:(4)
Message: Build asset version error: assets/scripts/minegamememory.cs in SourceAssetDB has modification time of '2026-05-30T23:06:50.9232584Z' while content on disk has modification time of '2026-05-30T23:06:52.7498911Z'
  ERROR: Build asset version error: assets/scripts/minegamememory.cs in SourceAssetDB has modification time of '2026-05-30T23:06:50.9232584Z' while content on disk has modification time of '2026-05-30T23:06:52.7498911Z'
Number of updated asset objects reloaded before import = 0Number of asset objects unloaded after import = 0

========================================================================
Received Import Request.
  Time since last request: 0.000020 seconds.
  path: Assets/Scripts/MineGameMemory.cs
  artifactKey: Guid(6a8a30b205ca73c4eb11977105ef85ff) Importer(815301076,1909f56bfc062723c751e8b465ee728b)
Start importing Assets/Scripts/MineGameMemory.cs using Guid(6a8a30b205ca73c4eb11977105ef85ff) Importer(815301076,1909f56bfc062723c751e8b465ee728b) (PreviewImporter) -> (artifact id: '00000000000000000000000000000000') in 0.0007337 seconds
Import Error Code:(4)
Message: Build asset version error: assets/scripts/minegamememory.cs in SourceAssetDB has modification time of '2026-05-30T23:06:50.9232584Z' while content on disk has modification time of '2026-05-30T23:06:52.7498911Z'
  ERROR: Build asset version error: assets/scripts/minegamememory.cs in SourceAssetDB has modification time of '2026-05-30T23:06:50.9232584Z' while content on disk has modification time of '2026-05-30T23:06:52.7498911Z'
Number of updated asset objects reloaded before import = 0Number of asset objects unloaded after import = 0

========================================================================
Received Import Request.
  Time since last request: 0.000019 seconds.
  path: Assets/Scripts/MineGameMemory.cs
  artifactKey: Guid(6a8a30b205ca73c4eb11977105ef85ff) Importer(815301076,1909f56bfc062723c751e8b465ee728b)
Start importing Assets/Scripts/MineGameMemory.cs using Guid(6a8a30b205ca73c4eb11977105ef85ff) Importer(815301076,1909f56bfc062723c751e8b465ee728b) (PreviewImporter) -> (artifact id: '00000000000000000000000000000000') in 0.0006248 seconds
Import Error Code:(4)
Message: Build asset version error: assets/scripts/minegamememory.cs in SourceAssetDB has modification time of '2026-05-30T23:06:50.9232584Z' while content on disk has modification time of '2026-05-30T23:06:52.7498911Z'
  ERROR: Build asset version error: assets/scripts/minegamememory.cs in SourceAssetDB has modification time of '2026-05-30T23:06:50.9232584Z' while content on disk has modification time of '2026-05-30T23:06:52.7498911Z'
Number of updated asset objects reloaded before import = 0Number of asset objects unloaded after import = 0

========================================================================
Received Import Request.
  Time since last request: 0.000021 seconds.
  path: Assets/Scripts/MineGameMemory.cs
  artifactKey: Guid(6a8a30b205ca73c4eb11977105ef85ff) Importer(815301076,1909f56bfc062723c751e8b465ee728b)
Start importing Assets/Scripts/MineGameMemory.cs using Guid(6a8a30b205ca73c4eb11977105ef85ff) Importer(815301076,1909f56bfc062723c751e8b465ee728b) (PreviewImporter) -> (artifact id: '00000000000000000000000000000000') in 0.0008075 seconds
Import Error Code:(4)
Message: Build asset version error: assets/scripts/minegamememory.cs in SourceAssetDB has modification time of '2026-05-30T23:06:50.9232584Z' while content on disk has modification time of '2026-05-30T23:06:52.7498911Z'
  ERROR: Build asset version error: assets/scripts/minegamememory.cs in SourceAssetDB has modification time of '2026-05-30T23:06:50.9232584Z' while content on disk has modification time of '2026-05-30T23:06:52.7498911Z'
Number of updated asset objects reloaded before import = 0Number of asset objects unloaded after import = 0

========================================================================
Received Import Request.
  Time since last request: 0.000022 seconds.
  path: Assets/Scripts/MineGameMemory.cs
  artifactKey: Guid(6a8a30b205ca73c4eb11977105ef85ff) Importer(815301076,1909f56bfc062723c751e8b465ee728b)
Start importing Assets/Scripts/MineGameMemory.cs using Guid(6a8a30b205ca73c4eb11977105ef85ff) Importer(815301076,1909f56bfc062723c751e8b465ee728b) (PreviewImporter) -> (artifact id: '00000000000000000000000000000000') in 0.000731 seconds
Import Error Code:(4)
Message: Build asset version error: assets/scripts/minegamememory.cs in SourceAssetDB has modification time of '2026-05-30T23:06:50.9232584Z' while content on disk has modification time of '2026-05-30T23:06:52.7498911Z'
  ERROR: Build asset version error: assets/scripts/minegamememory.cs in SourceAssetDB has modification time of '2026-05-30T23:06:50.9232584Z' while content on disk has modification time of '2026-05-30T23:06:52.7498911Z'
Number of updated asset objects reloaded before import = 0Number of asset objects unloaded after import = 0

========================================================================
Received Import Request.
  Time since last request: 0.000029 seconds.
  path: Assets/Scripts/MineGameMemory.cs
  artifactKey: Guid(6a8a30b205ca73c4eb11977105ef85ff) Importer(815301076,1909f56bfc062723c751e8b465ee728b)
Start importing Assets/Scripts/MineGameMemory.cs using Guid(6a8a30b205ca73c4eb11977105ef85ff) Importer(815301076,1909f56bfc062723c751e8b465ee728b) (PreviewImporter) -> (artifact id: '00000000000000000000000000000000') in 0.0006402 seconds
Import Error Code:(4)
Message: Build asset version error: assets/scripts/minegamememory.cs in SourceAssetDB has modification time of '2026-05-30T23:06:50.9232584Z' while content on disk has modification time of '2026-05-30T23:06:52.7498911Z'
  ERROR: Build asset version error: assets/scripts/minegamememory.cs in SourceAssetDB has modification time of '2026-05-30T23:06:50.9232584Z' while content on disk has modification time of '2026-05-30T23:06:52.7498911Z'
Number of updated asset objects reloaded before import = 0Number of asset objects unloaded after import = 0

========================================================================
Received Import Request.
  Time since last request: 0.000016 seconds.
  path: Assets/Scripts/MineGameMemory.cs
  artifactKey: Guid(6a8a30b205ca73c4eb11977105ef85ff) Importer(815301076,1909f56bfc062723c751e8b465ee728b)
Start importing Assets/Scripts/MineGameMemory.cs using Guid(6a8a30b205ca73c4eb11977105ef85ff) Importer(815301076,1909f56bfc062723c751e8b465ee728b) (PreviewImporter) -> (artifact id: '00000000000000000000000000000000') in 0.0007457 seconds
Import Error Code:(4)
Message: Build asset version error: assets/scripts/minegamememory.cs in SourceAssetDB has modification time of '2026-05-30T23:06:50.9232584Z' while content on disk has modification time of '2026-05-30T23:06:52.7498911Z'
  ERROR: Build asset version error: assets/scripts/minegamememory.cs in SourceAssetDB has modification time of '2026-05-30T23:06:50.9232584Z' while content on disk has modification time of '2026-05-30T23:06:52.7498911Z'
Number of updated asset objects reloaded before import = 0Number of asset objects unloaded after import = 0

========================================================================
Received Import Request.
  Time since last request: 0.000018 seconds.
  path: Assets/Scripts/MineGameMemory.cs
  artifactKey: Guid(6a8a30b205ca73c4eb11977105ef85ff) Importer(815301076,1909f56bfc062723c751e8b465ee728b)
Start importing Assets/Scripts/MineGameMemory.cs using Guid(6a8a30b205ca73c4eb11977105ef85ff) Importer(815301076,1909f56bfc062723c751e8b465ee728b) (PreviewImporter) -> (artifact id: '00000000000000000000000000000000') in 0.0008467 seconds
Import Error Code:(4)
Message: Build asset version error: assets/scripts/minegamememory.cs in SourceAssetDB has modification time of '2026-05-30T23:06:50.9232584Z' while content on disk has modification time of '2026-05-30T23:06:52.7498911Z'
  ERROR: Build asset version error: assets/scripts/minegamememory.cs in SourceAssetDB has modification time of '2026-05-30T23:06:50.9232584Z' while content on disk has modification time of '2026-05-30T23:06:52.7498911Z'
Number of updated asset objects reloaded before import = 0Number of asset objects unloaded after import = 0

========================================================================
Received Import Request.
  Time since last request: 0.000017 seconds.
  path: Assets/Scripts/MineGameMemory.cs
  artifactKey: Guid(6a8a30b205ca73c4eb11977105ef85ff) Importer(815301076,1909f56bfc062723c751e8b465ee728b)
Start importing Assets/Scripts/MineGameMemory.cs using Guid(6a8a30b205ca73c4eb11977105ef85ff) Importer(815301076,1909f56bfc062723c751e8b465ee728b) (PreviewImporter) -> (artifact id: '00000000000000000000000000000000') in 0.0006991 seconds
Import Error Code:(4)
Message: Build asset version error: assets/scripts/minegamememory.cs in SourceAssetDB has modification time of '2026-05-30T23:06:50.9232584Z' while content on disk has modification time of '2026-05-30T23:06:52.7498911Z'
  ERROR: Build asset version error: assets/scripts/minegamememory.cs in SourceAssetDB has modification time of '2026-05-30T23:06:50.9232584Z' while content on disk has modification time of '2026-05-30T23:06:52.7498911Z'
Number of updated asset objects reloaded before import = 0Number of asset objects unloaded after import = 0

========================================================================
Received Import Request.
  Time since last request: 0.000025 seconds.
  path: Assets/Scripts/MineGameMemory.cs
  artifactKey: Guid(6a8a30b205ca73c4eb11977105ef85ff) Importer(815301076,1909f56bfc062723c751e8b465ee728b)
Start importing Assets/Scripts/MineGameMemory.cs using Guid(6a8a30b205ca73c4eb11977105ef85ff) Importer(815301076,1909f56bfc062723c751e8b465ee728b) (PreviewImporter) -> (artifact id: '00000000000000000000000000000000') in 0.0006683 seconds
Import Error Code:(4)
Message: Build asset version error: assets/scripts/minegamememory.cs in SourceAssetDB has modification time of '2026-05-30T23:06:50.9232584Z' while content on disk has modification time of '2026-05-30T23:06:52.7498911Z'
  ERROR: Build asset version error: assets/scripts/minegamememory.cs in SourceAssetDB has modification time of '2026-05-30T23:06:50.9232584Z' while content on disk has modification time of '2026-05-30T23:06:52.7498911Z'
Number of updated asset objects reloaded before import = 0Number of asset objects unloaded after import = 0

========================================================================
Received Import Request.
  Time since last request: 0.000035 seconds.
  path: Assets/Scripts/MineGameMemory.cs
  artifactKey: Guid(6a8a30b205ca73c4eb11977105ef85ff) Importer(815301076,1909f56bfc062723c751e8b465ee728b)
Start importing Assets/Scripts/MineGameMemory.cs using Guid(6a8a30b205ca73c4eb11977105ef85ff) Importer(815301076,1909f56bfc062723c751e8b465ee728b) (PreviewImporter) -> (artifact id: '00000000000000000000000000000000') in 0.0005785 seconds
Import Error Code:(4)
Message: Build asset version error: assets/scripts/minegamememory.cs in SourceAssetDB has modification time of '2026-05-30T23:06:50.9232584Z' while content on disk has modification time of '2026-05-30T23:06:52.7498911Z'
  ERROR: Build asset version error: assets/scripts/minegamememory.cs in SourceAssetDB has modification time of '2026-05-30T23:06:50.9232584Z' while content on disk has modification time of '2026-05-30T23:06:52.7498911Z'
Number of updated asset objects reloaded before import = 0Number of asset objects unloaded after import = 0

========================================================================
Received Import Request.
  Time since last request: 0.000023 seconds.
  path: Assets/Scripts/MineGameMemory.cs
  artifactKey: Guid(6a8a30b205ca73c4eb11977105ef85ff) Importer(815301076,1909f56bfc062723c751e8b465ee728b)
Start importing Assets/Scripts/MineGameMemory.cs using Guid(6a8a30b205ca73c4eb11977105ef85ff) Importer(815301076,1909f56bfc062723c751e8b465ee728b) (PreviewImporter) -> (artifact id: '00000000000000000000000000000000') in 0.000833 seconds
Import Error Code:(4)
Message: Build asset version error: assets/scripts/minegamememory.cs in SourceAssetDB has modification time of '2026-05-30T23:06:50.9232584Z' while content on disk has modification time of '2026-05-30T23:06:52.7498911Z'
  ERROR: Build asset version error: assets/scripts/minegamememory.cs in SourceAssetDB has modification time of '2026-05-30T23:06:50.9232584Z' while content on disk has modification time of '2026-05-30T23:06:52.7498911Z'
Number of updated asset objects reloaded before import = 0Number of asset objects unloaded after import = 0

========================================================================
Received Import Request.
  Time since last request: 0.000021 seconds.
  path: Assets/Scripts/MineGameMemory.cs
  artifactKey: Guid(6a8a30b205ca73c4eb11977105ef85ff) Importer(815301076,1909f56bfc062723c751e8b465ee728b)
Start importing Assets/Scripts/MineGameMemory.cs using Guid(6a8a30b205ca73c4eb11977105ef85ff) Importer(815301076,1909f56bfc062723c751e8b465ee728b) (PreviewImporter) -> (artifact id: '00000000000000000000000000000000') in 0.000705 seconds
Import Error Code:(4)
Message: Build asset version error: assets/scripts/minegamememory.cs in SourceAssetDB has modification time of '2026-05-30T23:06:50.9232584Z' while content on disk has modification time of '2026-05-30T23:06:52.7498911Z'
  ERROR: Build asset version error: assets/scripts/minegamememory.cs in SourceAssetDB has modification time of '2026-05-30T23:06:50.9232584Z' while content on disk has modification time of '2026-05-30T23:06:52.7498911Z'
Number of updated asset objects reloaded before import = 0Number of asset objects unloaded after import = 0

========================================================================
Received Import Request.
  Time since last request: 0.000018 seconds.
  path: Assets/Scripts/MineGameMemory.cs
  artifactKey: Guid(6a8a30b205ca73c4eb11977105ef85ff) Importer(815301076,1909f56bfc062723c751e8b465ee728b)
Start importing Assets/Scripts/MineGameMemory.cs using Guid(6a8a30b205ca73c4eb11977105ef85ff) Importer(815301076,1909f56bfc062723c751e8b465ee728b) (PreviewImporter) -> (artifact id: '00000000000000000000000000000000') in 0.0007142 seconds
Import Error Code:(4)
Message: Build asset version error: assets/scripts/minegamememory.cs in SourceAssetDB has modification time of '2026-05-30T23:06:50.9232584Z' while content on disk has modification time of '2026-05-30T23:06:52.7498911Z'
  ERROR: Build asset version error: assets/scripts/minegamememory.cs in SourceAssetDB has modification time of '2026-05-30T23:06:50.9232584Z' while content on disk has modification time of '2026-05-30T23:06:52.7498911Z'
Number of updated asset objects reloaded before import = 0Number of asset objects unloaded after import = 0

========================================================================
Received Import Request.
  Time since last request: 0.000025 seconds.
  path: Assets/Scripts/MineGameMemory.cs
  artifactKey: Guid(6a8a30b205ca73c4eb11977105ef85ff) Importer(815301076,1909f56bfc062723c751e8b465ee728b)
Start importing Assets/Scripts/MineGameMemory.cs using Guid(6a8a30b205ca73c4eb11977105ef85ff) Importer(815301076,1909f56bfc062723c751e8b465ee728b) (PreviewImporter) -> (artifact id: '00000000000000000000000000000000') in 0.0006796 seconds
Import Error Code:(4)
Message: Build asset version error: assets/scripts/minegamememory.cs in SourceAssetDB has modification time of '2026-05-30T23:06:50.9232584Z' while content on disk has modification time of '2026-05-30T23:06:52.7498911Z'
  ERROR: Build asset version error: assets/scripts/minegamememory.cs in SourceAssetDB has modification time of '2026-05-30T23:06:50.9232584Z' while content on disk has modification time of '2026-05-30T23:06:52.7498911Z'
Number of updated asset objects reloaded before import = 0Number of asset objects unloaded after import = 0

========================================================================
Received Import Request.
  Time since last request: 0.000032 seconds.
  path: Assets/Scripts/MineGameMemory.cs
  artifactKey: Guid(6a8a30b205ca73c4eb11977105ef85ff) Importer(815301076,1909f56bfc062723c751e8b465ee728b)
Start importing Assets/Scripts/MineGameMemory.cs using Guid(6a8a30b205ca73c4eb11977105ef85ff) Importer(815301076,1909f56bfc062723c751e8b465ee728b) (PreviewImporter) -> (artifact id: '00000000000000000000000000000000') in 0.000758 seconds
Import Error Code:(4)
Message: Build asset version error: assets/scripts/minegamememory.cs in SourceAssetDB has modification time of '2026-05-30T23:06:50.9232584Z' while content on disk has modification time of '2026-05-30T23:06:52.7498911Z'
  ERROR: Build asset version error: assets/scripts/minegamememory.cs in SourceAssetDB has modification time of '2026-05-30T23:06:50.9232584Z' while content on disk has modification time of '2026-05-30T23:06:52.7498911Z'
Number of updated asset objects reloaded before import = 0Number of asset objects unloaded after import = 0

========================================================================
Received Import Request.
  Time since last request: 0.000019 seconds.
  path: Assets/Scripts/MineGameMemory.cs
  artifactKey: Guid(6a8a30b205ca73c4eb11977105ef85ff) Importer(815301076,1909f56bfc062723c751e8b465ee728b)
Start importing Assets/Scripts/MineGameMemory.cs using Guid(6a8a30b205ca73c4eb11977105ef85ff) Importer(815301076,1909f56bfc062723c751e8b465ee728b) (PreviewImporter) -> (artifact id: '00000000000000000000000000000000') in 0.0008516 seconds
Import Error Code:(4)
Message: Build asset version error: assets/scripts/minegamememory.cs in SourceAssetDB has modification time of '2026-05-30T23:06:50.9232584Z' while content on disk has modification time of '2026-05-30T23:06:52.7498911Z'
  ERROR: Build asset version error: assets/scripts/minegamememory.cs in SourceAssetDB has modification time of '2026-05-30T23:06:50.9232584Z' while content on disk has modification time of '2026-05-30T23:06:52.7498911Z'
Number of updated asset objects reloaded before import = 0Number of asset objects unloaded after import = 0

========================================================================
Received Import Request.
  Time since last request: 0.000021 seconds.
  path: Assets/Scripts/MineGameMemory.cs
  artifactKey: Guid(6a8a30b205ca73c4eb11977105ef85ff) Importer(815301076,1909f56bfc062723c751e8b465ee728b)
Start importing Assets/Scripts/MineGameMemory.cs using Guid(6a8a30b205ca73c4eb11977105ef85ff) Importer(815301076,1909f56bfc062723c751e8b465ee728b) (PreviewImporter) -> (artifact id: '00000000000000000000000000000000') in 0.0006814 seconds
Import Error Code:(4)
Message: Build asset version error: assets/scripts/minegamememory.cs in SourceAssetDB has modification time of '2026-05-30T23:06:50.9232584Z' while content on disk has modification time of '2026-05-30T23:06:52.7498911Z'
  ERROR: Build asset version error: assets/scripts/minegamememory.cs in SourceAssetDB has modification time of '2026-05-30T23:06:50.9232584Z' while content on disk has modification time of '2026-05-30T23:06:52.7498911Z'
Number of updated asset objects reloaded before import = 0Number of asset objects unloaded after import = 0

========================================================================
Received Import Request.
  Time since last request: 0.000019 seconds.
  path: Assets/Scripts/MineGameMemory.cs
  artifactKey: Guid(6a8a30b205ca73c4eb11977105ef85ff) Importer(815301076,1909f56bfc062723c751e8b465ee728b)
Start importing Assets/Scripts/MineGameMemory.cs using Guid(6a8a30b205ca73c4eb11977105ef85ff) Importer(815301076,1909f56bfc062723c751e8b465ee728b) (PreviewImporter) -> (artifact id: '00000000000000000000000000000000') in 0.0006477 seconds
Import Error Code:(4)
Message: Build asset version error: assets/scripts/minegamememory.cs in SourceAssetDB has modification time of '2026-05-30T23:06:50.9232584Z' while content on disk has modification time of '2026-05-30T23:06:52.7498911Z'
  ERROR: Build asset version error: assets/scripts/minegamememory.cs in SourceAssetDB has modification time of '2026-05-30T23:06:50.9232584Z' while content on disk has modification time of '2026-05-30T23:06:52.7498911Z'
Number of updated asset objects reloaded before import = 0Number of asset objects unloaded after import = 0

========================================================================
Received Import Request.
  Time since last request: 0.000025 seconds.
  path: Assets/Scripts/MineGameMemory.cs
  artifactKey: Guid(6a8a30b205ca73c4eb11977105ef85ff) Importer(815301076,1909f56bfc062723c751e8b465ee728b)
Start importing Assets/Scripts/MineGameMemory.cs using Guid(6a8a30b205ca73c4eb11977105ef85ff) Importer(815301076,1909f56bfc062723c751e8b465ee728b) (PreviewImporter) -> (artifact id: '00000000000000000000000000000000') in 0.0006642 seconds
Import Error Code:(4)
Message: Build asset version error: assets/scripts/minegamememory.cs in SourceAssetDB has modification time of '2026-05-30T23:06:50.9232584Z' while content on disk has modification time of '2026-05-30T23:06:52.7498911Z'
  ERROR: Build asset version error: assets/scripts/minegamememory.cs in SourceAssetDB has modification time of '2026-05-30T23:06:50.9232584Z' while content on disk has modification time of '2026-05-30T23:06:52.7498911Z'
Number of updated asset objects reloaded before import = 0Number of asset objects unloaded after import = 0

========================================================================
Received Import Request.
  Time since last request: 0.000027 seconds.
  path: Assets/Scripts/MineGameMemory.cs
  artifactKey: Guid(6a8a30b205ca73c4eb11977105ef85ff) Importer(815301076,1909f56bfc062723c751e8b465ee728b)
Start importing Assets/Scripts/MineGameMemory.cs using Guid(6a8a30b205ca73c4eb11977105ef85ff) Importer(815301076,1909f56bfc062723c751e8b465ee728b) (PreviewImporter) -> (artifact id: '00000000000000000000000000000000') in 0.0007387 seconds
Import Error Code:(4)
Message: Build asset version error: assets/scripts/minegamememory.cs in SourceAssetDB has modification time of '2026-05-30T23:06:50.9232584Z' while content on disk has modification time of '2026-05-30T23:06:52.7498911Z'
  ERROR: Build asset version error: assets/scripts/minegamememory.cs in SourceAssetDB has modification time of '2026-05-30T23:06:50.9232584Z' while content on disk has modification time of '2026-05-30T23:06:52.7498911Z'
Number of updated asset objects reloaded before import = 0Number of asset objects unloaded after import = 0

========================================================================
Received Import Request.
  Time since last request: 0.000017 seconds.
  path: Assets/Scripts/MineGameMemory.cs
  artifactKey: Guid(6a8a30b205ca73c4eb11977105ef85ff) Importer(815301076,1909f56bfc062723c751e8b465ee728b)
Start importing Assets/Scripts/MineGameMemory.cs using Guid(6a8a30b205ca73c4eb11977105ef85ff) Importer(815301076,1909f56bfc062723c751e8b465ee728b) (PreviewImporter) -> (artifact id: '00000000000000000000000000000000') in 0.0006856 seconds
Import Error Code:(4)
Message: Build asset version error: assets/scripts/minegamememory.cs in SourceAssetDB has modification time of '2026-05-30T23:06:50.9232584Z' while content on disk has modification time of '2026-05-30T23:06:52.7498911Z'
  ERROR: Build asset version error: assets/scripts/minegamememory.cs in SourceAssetDB has modification time of '2026-05-30T23:06:50.9232584Z' while content on disk has modification time of '2026-05-30T23:06:52.7498911Z'
Number of updated asset objects reloaded before import = 0Number of asset objects unloaded after import = 0

========================================================================
Received Import Request.
  Time since last request: 0.000018 seconds.
  path: Assets/Scripts/MineGameMemory.cs
  artifactKey: Guid(6a8a30b205ca73c4eb11977105ef85ff) Importer(815301076,1909f56bfc062723c751e8b465ee728b)
Start importing Assets/Scripts/MineGameMemory.cs using Guid(6a8a30b205ca73c4eb11977105ef85ff) Importer(815301076,1909f56bfc062723c751e8b465ee728b) (PreviewImporter) -> (artifact id: '00000000000000000000000000000000') in 0.0006926 seconds
Import Error Code:(4)
Message: Build asset version error: assets/scripts/minegamememory.cs in SourceAssetDB has modification time of '2026-05-30T23:06:50.9232584Z' while content on disk has modification time of '2026-05-30T23:06:52.7498911Z'
  ERROR: Build asset version error: assets/scripts/minegamememory.cs in SourceAssetDB has modification time of '2026-05-30T23:06:50.9232584Z' while content on disk has modification time of '2026-05-30T23:06:52.7498911Z'
Number of updated asset objects reloaded before import = 0Number of asset objects unloaded after import = 0

========================================================================
Received Import Request.
  Time since last request: 0.000017 seconds.
  path: Assets/Scripts/MineGameMemory.cs
  artifactKey: Guid(6a8a30b205ca73c4eb11977105ef85ff) Importer(815301076,1909f56bfc062723c751e8b465ee728b)
Start importing Assets/Scripts/MineGameMemory.cs using Guid(6a8a30b205ca73c4eb11977105ef85ff) Importer(815301076,1909f56bfc062723c751e8b465ee728b) (PreviewImporter) -> (artifact id: '00000000000000000000000000000000') in 0.0006663 seconds
Import Error Code:(4)
Message: Build asset version error: assets/scripts/minegamememory.cs in SourceAssetDB has modification time of '2026-05-30T23:06:50.9232584Z' while content on disk has modification time of '2026-05-30T23:06:52.7498911Z'
  ERROR: Build asset version error: assets/scripts/minegamememory.cs in SourceAssetDB has modification time of '2026-05-30T23:06:50.9232584Z' while content on disk has modification time of '2026-05-30T23:06:52.7498911Z'
Number of updated asset objects reloaded before import = 0Number of asset objects unloaded after import = 0

========================================================================
Received Import Request.
  Time since last request: 0.000026 seconds.
  path: Assets/Scripts/MineGameMemory.cs
  artifactKey: Guid(6a8a30b205ca73c4eb11977105ef85ff) Importer(815301076,1909f56bfc062723c751e8b465ee728b)
Start importing Assets/Scripts/MineGameMemory.cs using Guid(6a8a30b205ca73c4eb11977105ef85ff) Importer(815301076,1909f56bfc062723c751e8b465ee728b) (PreviewImporter) -> (artifact id: '00000000000000000000000000000000') in 0.0006203 seconds
Import Error Code:(4)
Message: Build asset version error: assets/scripts/minegamememory.cs in SourceAssetDB has modification time of '2026-05-30T23:06:50.9232584Z' while content on disk has modification time of '2026-05-30T23:06:52.7498911Z'
  ERROR: Build asset version error: assets/scripts/minegamememory.cs in SourceAssetDB has modification time of '2026-05-30T23:06:50.9232584Z' while content on disk has modification time of '2026-05-30T23:06:52.7498911Z'
Number of updated asset objects reloaded before import = 0Number of asset objects unloaded after import = 0

========================================================================
Received Import Request.
  Time since last request: 0.000035 seconds.
  path: Assets/Scripts/MineGameMemory.cs
  artifactKey: Guid(6a8a30b205ca73c4eb11977105ef85ff) Importer(815301076,1909f56bfc062723c751e8b465ee728b)
Start importing Assets/Scripts/MineGameMemory.cs using Guid(6a8a30b205ca73c4eb11977105ef85ff) Importer(815301076,1909f56bfc062723c751e8b465ee728b) (PreviewImporter) -> (artifact id: '00000000000000000000000000000000') in 0.0007026 seconds
Import Error Code:(4)
Message: Build asset version error: assets/scripts/minegamememory.cs in SourceAssetDB has modification time of '2026-05-30T23:06:50.9232584Z' while content on disk has modification time of '2026-05-30T23:06:52.7498911Z'
  ERROR: Build asset version error: assets/scripts/minegamememory.cs in SourceAssetDB has modification time of '2026-05-30T23:06:50.9232584Z' while content on disk has modification time of '2026-05-30T23:06:52.7498911Z'
Number of updated asset objects reloaded before import = 0Number of asset objects unloaded after import = 0

========================================================================
Received Import Request.
  Time since last request: 0.000017 seconds.
  path: Assets/Scripts/MineGameMemory.cs
  artifactKey: Guid(6a8a30b205ca73c4eb11977105ef85ff) Importer(815301076,1909f56bfc062723c751e8b465ee728b)
Start importing Assets/Scripts/MineGameMemory.cs using Guid(6a8a30b205ca73c4eb11977105ef85ff) Importer(815301076,1909f56bfc062723c751e8b465ee728b) (PreviewImporter) -> (artifact id: '00000000000000000000000000000000') in 0.0007102 seconds
Import Error Code:(4)
Message: Build asset version error: assets/scripts/minegamememory.cs in SourceAssetDB has modification time of '2026-05-30T23:06:50.9232584Z' while content on disk has modification time of '2026-05-30T23:06:52.7498911Z'
  ERROR: Build asset version error: assets/scripts/minegamememory.cs in SourceAssetDB has modification time of '2026-05-30T23:06:50.9232584Z' while content on disk has modification time of '2026-05-30T23:06:52.7498911Z'
Number of updated asset objects reloaded before import = 0Number of asset objects unloaded after import = 0

========================================================================
Received Import Request.
  Time since last request: 0.000040 seconds.
  path: Assets/Scripts/MineGameMemory.cs
  artifactKey: Guid(6a8a30b205ca73c4eb11977105ef85ff) Importer(815301076,1909f56bfc062723c751e8b465ee728b)
Start importing Assets/Scripts/MineGameMemory.cs using Guid(6a8a30b205ca73c4eb11977105ef85ff) Importer(815301076,1909f56bfc062723c751e8b465ee728b) (PreviewImporter) -> (artifact id: '00000000000000000000000000000000') in 0.000718 seconds
Import Error Code:(4)
Message: Build asset version error: assets/scripts/minegamememory.cs in SourceAssetDB has modification time of '2026-05-30T23:06:50.9232584Z' while content on disk has modification time of '2026-05-30T23:06:52.7498911Z'
  ERROR: Build asset version error: assets/scripts/minegamememory.cs in SourceAssetDB has modification time of '2026-05-30T23:06:50.9232584Z' while content on disk has modification time of '2026-05-30T23:06:52.7498911Z'
Number of updated asset objects reloaded before import = 0Number of asset objects unloaded after import = 0

========================================================================
Received Import Request.
  Time since last request: 0.000020 seconds.
  path: Assets/Scripts/MineGameMemory.cs
  artifactKey: Guid(6a8a30b205ca73c4eb11977105ef85ff) Importer(815301076,1909f56bfc062723c751e8b465ee728b)
Start importing Assets/Scripts/MineGameMemory.cs using Guid(6a8a30b205ca73c4eb11977105ef85ff) Importer(815301076,1909f56bfc062723c751e8b465ee728b) (PreviewImporter) -> (artifact id: '00000000000000000000000000000000') in 0.0007219 seconds
Import Error Code:(4)
Message: Build asset version error: assets/scripts/minegamememory.cs in SourceAssetDB has modification time of '2026-05-30T23:06:50.9232584Z' while content on disk has modification time of '2026-05-30T23:06:52.7498911Z'
  ERROR: Build asset version error: assets/scripts/minegamememory.cs in SourceAssetDB has modification time of '2026-05-30T23:06:50.9232584Z' while content on disk has modification time of '2026-05-30T23:06:52.7498911Z'
Number of updated asset objects reloaded before import = 0Number of asset objects unloaded after import = 0

========================================================================
Received Import Request.
  Time since last request: 0.000020 seconds.
  path: Assets/Scripts/MineGameMemory.cs
  artifactKey: Guid(6a8a30b205ca73c4eb11977105ef85ff) Importer(815301076,1909f56bfc062723c751e8b465ee728b)
Start importing Assets/Scripts/MineGameMemory.cs using Guid(6a8a30b205ca73c4eb11977105ef85ff) Importer(815301076,1909f56bfc062723c751e8b465ee728b) (PreviewImporter) -> (artifact id: '00000000000000000000000000000000') in 0.0006359 seconds
Import Error Code:(4)
Message: Build asset version error: assets/scripts/minegamememory.cs in SourceAssetDB has modification time of '2026-05-30T23:06:50.9232584Z' while content on disk has modification time of '2026-05-30T23:06:52.7498911Z'
  ERROR: Build asset version error: assets/scripts/minegamememory.cs in SourceAssetDB has modification time of '2026-05-30T23:06:50.9232584Z' while content on disk has modification time of '2026-05-30T23:06:52.7498911Z'
Number of updated asset objects reloaded before import = 0Number of asset objects unloaded after import = 0

========================================================================
Received Import Request.
  Time since last request: 0.000026 seconds.
  path: Assets/Scripts/MineGameMemory.cs
  artifactKey: Guid(6a8a30b205ca73c4eb11977105ef85ff) Importer(815301076,1909f56bfc062723c751e8b465ee728b)
Start importing Assets/Scripts/MineGameMemory.cs using Guid(6a8a30b205ca73c4eb11977105ef85ff) Importer(815301076,1909f56bfc062723c751e8b465ee728b) (PreviewImporter) -> (artifact id: '00000000000000000000000000000000') in 0.0007371 seconds
Import Error Code:(4)
Message: Build asset version error: assets/scripts/minegamememory.cs in SourceAssetDB has modification time of '2026-05-30T23:06:50.9232584Z' while content on disk has modification time of '2026-05-30T23:06:52.7498911Z'
  ERROR: Build asset version error: assets/scripts/minegamememory.cs in SourceAssetDB has modification time of '2026-05-30T23:06:50.9232584Z' while content on disk has modification time of '2026-05-30T23:06:52.7498911Z'
Number of updated asset objects reloaded before import = 0Number of asset objects unloaded after import = 0

========================================================================
Received Import Request.
  Time since last request: 0.000021 seconds.
  path: Assets/Scripts/MineGameMemory.cs
  artifactKey: Guid(6a8a30b205ca73c4eb11977105ef85ff) Importer(815301076,1909f56bfc062723c751e8b465ee728b)
Start importing Assets/Scripts/MineGameMemory.cs using Guid(6a8a30b205ca73c4eb11977105ef85ff) Importer(815301076,1909f56bfc062723c751e8b465ee728b) (PreviewImporter) -> (artifact id: '00000000000000000000000000000000') in 0.0006469 seconds
Import Error Code:(4)
Message: Build asset version error: assets/scripts/minegamememory.cs in SourceAssetDB has modification time of '2026-05-30T23:06:50.9232584Z' while content on disk has modification time of '2026-05-30T23:06:52.7498911Z'
  ERROR: Build asset version error: assets/scripts/minegamememory.cs in SourceAssetDB has modification time of '2026-05-30T23:06:50.9232584Z' while content on disk has modification time of '2026-05-30T23:06:52.7498911Z'
Number of updated asset objects reloaded before import = 0Number of asset objects unloaded after import = 0

========================================================================
Received Import Request.
  Time since last request: 0.000021 seconds.
  path: Assets/Scripts/MineGameMemory.cs
  artifactKey: Guid(6a8a30b205ca73c4eb11977105ef85ff) Importer(815301076,1909f56bfc062723c751e8b465ee728b)
Start importing Assets/Scripts/MineGameMemory.cs using Guid(6a8a30b205ca73c4eb11977105ef85ff) Importer(815301076,1909f56bfc062723c751e8b465ee728b) (PreviewImporter) -> (artifact id: '00000000000000000000000000000000') in 0.0007082 seconds
Import Error Code:(4)
Message: Build asset version error: assets/scripts/minegamememory.cs in SourceAssetDB has modification time of '2026-05-30T23:06:50.9232584Z' while content on disk has modification time of '2026-05-30T23:06:52.7498911Z'
  ERROR: Build asset version error: assets/scripts/minegamememory.cs in SourceAssetDB has modification time of '2026-05-30T23:06:50.9232584Z' while content on disk has modification time of '2026-05-30T23:06:52.7498911Z'
Number of updated asset objects reloaded before import = 0Number of asset objects unloaded after import = 0

========================================================================
Received Import Request.
  Time since last request: 0.000019 seconds.
  path: Assets/Scripts/MineGameMemory.cs
  artifactKey: Guid(6a8a30b205ca73c4eb11977105ef85ff) Importer(815301076,1909f56bfc062723c751e8b465ee728b)
Start importing Assets/Scripts/MineGameMemory.cs using Guid(6a8a30b205ca73c4eb11977105ef85ff) Importer(815301076,1909f56bfc062723c751e8b465ee728b) (PreviewImporter) -> (artifact id: '00000000000000000000000000000000') in 0.0006397 seconds
Import Error Code:(4)
Message: Build asset version error: assets/scripts/minegamememory.cs in SourceAssetDB has modification time of '2026-05-30T23:06:50.9232584Z' while content on disk has modification time of '2026-05-30T23:06:52.7498911Z'
  ERROR: Build asset version error: assets/scripts/minegamememory.cs in SourceAssetDB has modification time of '2026-05-30T23:06:50.9232584Z' while content on disk has modification time of '2026-05-30T23:06:52.7498911Z'
Number of updated asset objects reloaded before import = 0Number of asset objects unloaded after import = 0

========================================================================
Received Import Request.
  Time since last request: 0.000019 seconds.
  path: Assets/Scripts/MineGameMemory.cs
  artifactKey: Guid(6a8a30b205ca73c4eb11977105ef85ff) Importer(815301076,1909f56bfc062723c751e8b465ee728b)
Start importing Assets/Scripts/MineGameMemory.cs using Guid(6a8a30b205ca73c4eb11977105ef85ff) Importer(815301076,1909f56bfc062723c751e8b465ee728b) (PreviewImporter) -> (artifact id: '00000000000000000000000000000000') in 0.0006858 seconds
Import Error Code:(4)
Message: Build asset version error: assets/scripts/minegamememory.cs in SourceAssetDB has modification time of '2026-05-30T23:06:50.9232584Z' while content on disk has modification time of '2026-05-30T23:06:52.7498911Z'
  ERROR: Build asset version error: assets/scripts/minegamememory.cs in SourceAssetDB has modification time of '2026-05-30T23:06:50.9232584Z' while content on disk has modification time of '2026-05-30T23:06:52.7498911Z'
Number of updated asset objects reloaded before import = 0Number of asset objects unloaded after import = 0

========================================================================
Received Import Request.
  Time since last request: 0.000029 seconds.
  path: Assets/Scripts/MineGameMemory.cs
  artifactKey: Guid(6a8a30b205ca73c4eb11977105ef85ff) Importer(815301076,1909f56bfc062723c751e8b465ee728b)
Start importing Assets/Scripts/MineGameMemory.cs using Guid(6a8a30b205ca73c4eb11977105ef85ff) Importer(815301076,1909f56bfc062723c751e8b465ee728b) (PreviewImporter) -> (artifact id: '00000000000000000000000000000000') in 0.0006969 seconds
Import Error Code:(4)
Message: Build asset version error: assets/scripts/minegamememory.cs in SourceAssetDB has modification time of '2026-05-30T23:06:50.9232584Z' while content on disk has modification time of '2026-05-30T23:06:52.7498911Z'
  ERROR: Build asset version error: assets/scripts/minegamememory.cs in SourceAssetDB has modification time of '2026-05-30T23:06:50.9232584Z' while content on disk has modification time of '2026-05-30T23:06:52.7498911Z'
Number of updated asset objects reloaded before import = 0Number of asset objects unloaded after import = 0

========================================================================
Received Import Request.
  Time since last request: 0.000020 seconds.
  path: Assets/Scripts/MineGameMemory.cs
  artifactKey: Guid(6a8a30b205ca73c4eb11977105ef85ff) Importer(815301076,1909f56bfc062723c751e8b465ee728b)
Start importing Assets/Scripts/MineGameMemory.cs using Guid(6a8a30b205ca73c4eb11977105ef85ff) Importer(815301076,1909f56bfc062723c751e8b465ee728b) (PreviewImporter) -> (artifact id: '00000000000000000000000000000000') in 0.0008618 seconds
Import Error Code:(4)
Message: Build asset version error: assets/scripts/minegamememory.cs in SourceAssetDB has modification time of '2026-05-30T23:06:50.9232584Z' while content on disk has modification time of '2026-05-30T23:06:52.7498911Z'
  ERROR: Build asset version error: assets/scripts/minegamememory.cs in SourceAssetDB has modification time of '2026-05-30T23:06:50.9232584Z' while content on disk has modification time of '2026-05-30T23:06:52.7498911Z'
Number of updated asset objects reloaded before import = 0Number of asset objects unloaded after import = 0

========================================================================
Received Import Request.
  Time since last request: 0.000015 seconds.
  path: Assets/Scripts/MineGameMemory.cs
  artifactKey: Guid(6a8a30b205ca73c4eb11977105ef85ff) Importer(815301076,1909f56bfc062723c751e8b465ee728b)
Start importing Assets/Scripts/MineGameMemory.cs using Guid(6a8a30b205ca73c4eb11977105ef85ff) Importer(815301076,1909f56bfc062723c751e8b465ee728b) (PreviewImporter) -> (artifact id: '00000000000000000000000000000000') in 0.0006398 seconds
Import Error Code:(4)
Message: Build asset version error: assets/scripts/minegamememory.cs in SourceAssetDB has modification time of '2026-05-30T23:06:50.9232584Z' while content on disk has modification time of '2026-05-30T23:06:52.7498911Z'
  ERROR: Build asset version error: assets/scripts/minegamememory.cs in SourceAssetDB has modification time of '2026-05-30T23:06:50.9232584Z' while content on disk has modification time of '2026-05-30T23:06:52.7498911Z'
Number of updated asset objects reloaded before import = 0Number of asset objects unloaded after import = 0

========================================================================
Received Import Request.
  Time since last request: 0.000018 seconds.
  path: Assets/Scripts/MineGameMemory.cs
  artifactKey: Guid(6a8a30b205ca73c4eb11977105ef85ff) Importer(815301076,1909f56bfc062723c751e8b465ee728b)
Start importing Assets/Scripts/MineGameMemory.cs using Guid(6a8a30b205ca73c4eb11977105ef85ff) Importer(815301076,1909f56bfc062723c751e8b465ee728b) (PreviewImporter) -> (artifact id: '00000000000000000000000000000000') in 0.0006951 seconds
Import Error Code:(4)
Message: Build asset version error: assets/scripts/minegamememory.cs in SourceAssetDB has modification time of '2026-05-30T23:06:50.9232584Z' while content on disk has modification time of '2026-05-30T23:06:52.7498911Z'
  ERROR: Build asset version error: assets/scripts/minegamememory.cs in SourceAssetDB has modification time of '2026-05-30T23:06:50.9232584Z' while content on disk has modification time of '2026-05-30T23:06:52.7498911Z'
Number of updated asset objects reloaded before import = 0Number of asset objects unloaded after import = 0

========================================================================
Received Import Request.
  Time since last request: 0.000025 seconds.
  path: Assets/Scripts/MineGameMemory.cs
  artifactKey: Guid(6a8a30b205ca73c4eb11977105ef85ff) Importer(815301076,1909f56bfc062723c751e8b465ee728b)
Start importing Assets/Scripts/MineGameMemory.cs using Guid(6a8a30b205ca73c4eb11977105ef85ff) Importer(815301076,1909f56bfc062723c751e8b465ee728b) (PreviewImporter) -> (artifact id: '00000000000000000000000000000000') in 0.0005848 seconds
Import Error Code:(4)
Message: Build asset version error: assets/scripts/minegamememory.cs in SourceAssetDB has modification time of '2026-05-30T23:06:50.9232584Z' while content on disk has modification time of '2026-05-30T23:06:52.7498911Z'
  ERROR: Build asset version error: assets/scripts/minegamememory.cs in SourceAssetDB has modification time of '2026-05-30T23:06:50.9232584Z' while content on disk has modification time of '2026-05-30T23:06:52.7498911Z'
Number of updated asset objects reloaded before import = 0Number of asset objects unloaded after import = 0

========================================================================
Received Import Request.
  Time since last request: 0.000057 seconds.
  path: Assets/Scripts/MineGameMemory.cs
  artifactKey: Guid(6a8a30b205ca73c4eb11977105ef85ff) Importer(815301076,1909f56bfc062723c751e8b465ee728b)
Start importing Assets/Scripts/MineGameMemory.cs using Guid(6a8a30b205ca73c4eb11977105ef85ff) Importer(815301076,1909f56bfc062723c751e8b465ee728b) (PreviewImporter) -> (artifact id: '00000000000000000000000000000000') in 0.0007233 seconds
Import Error Code:(4)
Message: Build asset version error: assets/scripts/minegamememory.cs in SourceAssetDB has modification time of '2026-05-30T23:06:50.9232584Z' while content on disk has modification time of '2026-05-30T23:06:52.7498911Z'
  ERROR: Build asset version error: assets/scripts/minegamememory.cs in SourceAssetDB has modification time of '2026-05-30T23:06:50.9232584Z' while content on disk has modification time of '2026-05-30T23:06:52.7498911Z'
Number of updated asset objects reloaded before import = 0Number of asset objects unloaded after import = 0

========================================================================
Received Import Request.
  Time since last request: 0.000021 seconds.
  path: Assets/Scripts/MineGameMemory.cs
  artifactKey: Guid(6a8a30b205ca73c4eb11977105ef85ff) Importer(815301076,1909f56bfc062723c751e8b465ee728b)
Start importing Assets/Scripts/MineGameMemory.cs using Guid(6a8a30b205ca73c4eb11977105ef85ff) Importer(815301076,1909f56bfc062723c751e8b465ee728b) (PreviewImporter) -> (artifact id: '00000000000000000000000000000000') in 0.000821 seconds
Import Error Code:(4)
Message: Build asset version error: assets/scripts/minegamememory.cs in SourceAssetDB has modification time of '2026-05-30T23:06:50.9232584Z' while content on disk has modification time of '2026-05-30T23:06:52.7498911Z'
  ERROR: Build asset version error: assets/scripts/minegamememory.cs in SourceAssetDB has modification time of '2026-05-30T23:06:50.9232584Z' while content on disk has modification time of '2026-05-30T23:06:52.7498911Z'
Number of updated asset objects reloaded before import = 0Number of asset objects unloaded after import = 0

========================================================================
Received Import Request.
  Time since last request: 0.000020 seconds.
  path: Assets/Scripts/MineGameMemory.cs
  artifactKey: Guid(6a8a30b205ca73c4eb11977105ef85ff) Importer(815301076,1909f56bfc062723c751e8b465ee728b)
Start importing Assets/Scripts/MineGameMemory.cs using Guid(6a8a30b205ca73c4eb11977105ef85ff) Importer(815301076,1909f56bfc062723c751e8b465ee728b) (PreviewImporter) -> (artifact id: '00000000000000000000000000000000') in 0.0007759 seconds
Import Error Code:(4)
Message: Build asset version error: assets/scripts/minegamememory.cs in SourceAssetDB has modification time of '2026-05-30T23:06:50.9232584Z' while content on disk has modification time of '2026-05-30T23:06:52.7498911Z'
  ERROR: Build asset version error: assets/scripts/minegamememory.cs in SourceAssetDB has modification time of '2026-05-30T23:06:50.9232584Z' while content on disk has modification time of '2026-05-30T23:06:52.7498911Z'
Number of updated asset objects reloaded before import = 0Number of asset objects unloaded after import = 0

========================================================================
Received Import Request.
  Time since last request: 0.000019 seconds.
  path: Assets/Scripts/MineGameMemory.cs
  artifactKey: Guid(6a8a30b205ca73c4eb11977105ef85ff) Importer(815301076,1909f56bfc062723c751e8b465ee728b)
Start importing Assets/Scripts/MineGameMemory.cs using Guid(6a8a30b205ca73c4eb11977105ef85ff) Importer(815301076,1909f56bfc062723c751e8b465ee728b) (PreviewImporter) -> (artifact id: '00000000000000000000000000000000') in 0.0006443 seconds
Import Error Code:(4)
Message: Build asset version error: assets/scripts/minegamememory.cs in SourceAssetDB has modification time of '2026-05-30T23:06:50.9232584Z' while content on disk has modification time of '2026-05-30T23:06:52.7498911Z'
  ERROR: Build asset version error: assets/scripts/minegamememory.cs in SourceAssetDB has modification time of '2026-05-30T23:06:50.9232584Z' while content on disk has modification time of '2026-05-30T23:06:52.7498911Z'
Number of updated asset objects reloaded before import = 0Number of asset objects unloaded after import = 0

========================================================================
Received Import Request.
  Time since last request: 0.000020 seconds.
  path: Assets/Scripts/MineGameMemory.cs
  artifactKey: Guid(6a8a30b205ca73c4eb11977105ef85ff) Importer(815301076,1909f56bfc062723c751e8b465ee728b)
Start importing Assets/Scripts/MineGameMemory.cs using Guid(6a8a30b205ca73c4eb11977105ef85ff) Importer(815301076,1909f56bfc062723c751e8b465ee728b) (PreviewImporter) -> (artifact id: '00000000000000000000000000000000') in 0.000853 seconds
Import Error Code:(4)
Message: Build asset version error: assets/scripts/minegamememory.cs in SourceAssetDB has modification time of '2026-05-30T23:06:50.9232584Z' while content on disk has modification time of '2026-05-30T23:06:52.7498911Z'
  ERROR: Build asset version error: assets/scripts/minegamememory.cs in SourceAssetDB has modification time of '2026-05-30T23:06:50.9232584Z' while content on disk has modification time of '2026-05-30T23:06:52.7498911Z'
Number of updated asset objects reloaded before import = 0Number of asset objects unloaded after import = 0

========================================================================
Received Import Request.
  Time since last request: 0.000034 seconds.
  path: Assets/Scripts/MineGameMemory.cs
  artifactKey: Guid(6a8a30b205ca73c4eb11977105ef85ff) Importer(815301076,1909f56bfc062723c751e8b465ee728b)
Start importing Assets/Scripts/MineGameMemory.cs using Guid(6a8a30b205ca73c4eb11977105ef85ff) Importer(815301076,1909f56bfc062723c751e8b465ee728b) (PreviewImporter) -> (artifact id: '00000000000000000000000000000000') in 0.0006367 seconds
Import Error Code:(4)
Message: Build asset version error: assets/scripts/minegamememory.cs in SourceAssetDB has modification time of '2026-05-30T23:06:50.9232584Z' while content on disk has modification time of '2026-05-30T23:06:52.7498911Z'
  ERROR: Build asset version error: assets/scripts/minegamememory.cs in SourceAssetDB has modification time of '2026-05-30T23:06:50.9232584Z' while content on disk has modification time of '2026-05-30T23:06:52.7498911Z'
Number of updated asset objects reloaded before import = 0Number of asset objects unloaded after import = 0

========================================================================
Received Import Request.
  Time since last request: 0.000019 seconds.
  path: Assets/Scripts/MineGameMemory.cs
  artifactKey: Guid(6a8a30b205ca73c4eb11977105ef85ff) Importer(815301076,1909f56bfc062723c751e8b465ee728b)
Start importing Assets/Scripts/MineGameMemory.cs using Guid(6a8a30b205ca73c4eb11977105ef85ff) Importer(815301076,1909f56bfc062723c751e8b465ee728b) (PreviewImporter) -> (artifact id: '00000000000000000000000000000000') in 0.000698 seconds
Import Error Code:(4)
Message: Build asset version error: assets/scripts/minegamememory.cs in SourceAssetDB has modification time of '2026-05-30T23:06:50.9232584Z' while content on disk has modification time of '2026-05-30T23:06:52.7498911Z'
  ERROR: Build asset version error: assets/scripts/minegamememory.cs in SourceAssetDB has modification time of '2026-05-30T23:06:50.9232584Z' while content on disk has modification time of '2026-05-30T23:06:52.7498911Z'
Number of updated asset objects reloaded before import = 0Number of asset objects unloaded after import = 0

========================================================================
Received Import Request.
  Time since last request: 0.000019 seconds.
  path: Assets/Scripts/MineGameMemory.cs
  artifactKey: Guid(6a8a30b205ca73c4eb11977105ef85ff) Importer(815301076,1909f56bfc062723c751e8b465ee728b)
Start importing Assets/Scripts/MineGameMemory.cs using Guid(6a8a30b205ca73c4eb11977105ef85ff) Importer(815301076,1909f56bfc062723c751e8b465ee728b) (PreviewImporter) -> (artifact id: '00000000000000000000000000000000') in 0.0006636 seconds
Import Error Code:(4)
Message: Build asset version error: assets/scripts/minegamememory.cs in SourceAssetDB has modification time of '2026-05-30T23:06:50.9232584Z' while content on disk has modification time of '2026-05-30T23:06:52.7498911Z'
  ERROR: Build asset version error: assets/scripts/minegamememory.cs in SourceAssetDB has modification time of '2026-05-30T23:06:50.9232584Z' while content on disk has modification time of '2026-05-30T23:06:52.7498911Z'
Number of updated asset objects reloaded before import = 0Number of asset objects unloaded after import = 0

========================================================================
Received Import Request.
  Time since last request: 0.000023 seconds.
  path: Assets/Scripts/MineGameMemory.cs
  artifactKey: Guid(6a8a30b205ca73c4eb11977105ef85ff) Importer(815301076,1909f56bfc062723c751e8b465ee728b)
Start importing Assets/Scripts/MineGameMemory.cs using Guid(6a8a30b205ca73c4eb11977105ef85ff) Importer(815301076,1909f56bfc062723c751e8b465ee728b) (PreviewImporter) -> (artifact id: '00000000000000000000000000000000') in 0.0007146 seconds
Import Error Code:(4)
Message: Build asset version error: assets/scripts/minegamememory.cs in SourceAssetDB has modification time of '2026-05-30T23:06:50.9232584Z' while content on disk has modification time of '2026-05-30T23:06:52.7498911Z'
  ERROR: Build asset version error: assets/scripts/minegamememory.cs in SourceAssetDB has modification time of '2026-05-30T23:06:50.9232584Z' while content on disk has modification time of '2026-05-30T23:06:52.7498911Z'
Number of updated asset objects reloaded before import = 0Number of asset objects unloaded after import = 0

========================================================================
Received Import Request.
  Time since last request: 0.000024 seconds.
  path: Assets/Scripts/MineGameMemory.cs
  artifactKey: Guid(6a8a30b205ca73c4eb11977105ef85ff) Importer(815301076,1909f56bfc062723c751e8b465ee728b)
Start importing Assets/Scripts/MineGameMemory.cs using Guid(6a8a30b205ca73c4eb11977105ef85ff) Importer(815301076,1909f56bfc062723c751e8b465ee728b) (PreviewImporter) -> (artifact id: '00000000000000000000000000000000') in 0.0007393 seconds
Import Error Code:(4)
Message: Build asset version error: assets/scripts/minegamememory.cs in SourceAssetDB has modification time of '2026-05-30T23:06:50.9232584Z' while content on disk has modification time of '2026-05-30T23:06:52.7498911Z'
  ERROR: Build asset version error: assets/scripts/minegamememory.cs in SourceAssetDB has modification time of '2026-05-30T23:06:50.9232584Z' while content on disk has modification time of '2026-05-30T23:06:52.7498911Z'
Number of updated asset objects reloaded before import = 0Number of asset objects unloaded after import = 0

========================================================================
Received Import Request.
  Time since last request: 0.000042 seconds.
  path: Assets/Scripts/MineGameMemory.cs
  artifactKey: Guid(6a8a30b205ca73c4eb11977105ef85ff) Importer(815301076,1909f56bfc062723c751e8b465ee728b)
Start importing Assets/Scripts/MineGameMemory.cs using Guid(6a8a30b205ca73c4eb11977105ef85ff) Importer(815301076,1909f56bfc062723c751e8b465ee728b) (PreviewImporter) -> (artifact id: '00000000000000000000000000000000') in 0.0007796 seconds
Import Error Code:(4)
Message: Build asset version error: assets/scripts/minegamememory.cs in SourceAssetDB has modification time of '2026-05-30T23:06:50.9232584Z' while content on disk has modification time of '2026-05-30T23:06:52.7498911Z'
  ERROR: Build asset version error: assets/scripts/minegamememory.cs in SourceAssetDB has modification time of '2026-05-30T23:06:50.9232584Z' while content on disk has modification time of '2026-05-30T23:06:52.7498911Z'
Number of updated asset objects reloaded before import = 0Number of asset objects unloaded after import = 0

========================================================================
Received Import Request.
  Time since last request: 0.000018 seconds.
  path: Assets/Scripts/MineGameMemory.cs
  artifactKey: Guid(6a8a30b205ca73c4eb11977105ef85ff) Importer(815301076,1909f56bfc062723c751e8b465ee728b)
Start importing Assets/Scripts/MineGameMemory.cs using Guid(6a8a30b205ca73c4eb11977105ef85ff) Importer(815301076,1909f56bfc062723c751e8b465ee728b) (PreviewImporter) -> (artifact id: '00000000000000000000000000000000') in 0.0008364 seconds
Import Error Code:(4)
Message: Build asset version error: assets/scripts/minegamememory.cs in SourceAssetDB has modification time of '2026-05-30T23:06:50.9232584Z' while content on disk has modification time of '2026-05-30T23:06:52.7498911Z'
  ERROR: Build asset version error: assets/scripts/minegamememory.cs in SourceAssetDB has modification time of '2026-05-30T23:06:50.9232584Z' while content on disk has modification time of '2026-05-30T23:06:52.7498911Z'
Number of updated asset objects reloaded before import = 0Number of asset objects unloaded after import = 0

========================================================================
Received Import Request.
  Time since last request: 0.000019 seconds.
  path: Assets/Scripts/MineGameMemory.cs
  artifactKey: Guid(6a8a30b205ca73c4eb11977105ef85ff) Importer(815301076,1909f56bfc062723c751e8b465ee728b)
Start importing Assets/Scripts/MineGameMemory.cs using Guid(6a8a30b205ca73c4eb11977105ef85ff) Importer(815301076,1909f56bfc062723c751e8b465ee728b) (PreviewImporter) -> (artifact id: '00000000000000000000000000000000') in 0.0007218 seconds
Import Error Code:(4)
Message: Build asset version error: assets/scripts/minegamememory.cs in SourceAssetDB has modification time of '2026-05-30T23:06:50.9232584Z' while content on disk has modification time of '2026-05-30T23:06:52.7498911Z'
  ERROR: Build asset version error: assets/scripts/minegamememory.cs in SourceAssetDB has modification time of '2026-05-30T23:06:50.9232584Z' while content on disk has modification time of '2026-05-30T23:06:52.7498911Z'
Number of updated asset objects reloaded before import = 0Number of asset objects unloaded after import = 0

========================================================================
Received Import Request.
  Time since last request: 0.000018 seconds.
  path: Assets/Scripts/MineGameMemory.cs
  artifactKey: Guid(6a8a30b205ca73c4eb11977105ef85ff) Importer(815301076,1909f56bfc062723c751e8b465ee728b)
Start importing Assets/Scripts/MineGameMemory.cs using Guid(6a8a30b205ca73c4eb11977105ef85ff) Importer(815301076,1909f56bfc062723c751e8b465ee728b) (PreviewImporter) -> (artifact id: '00000000000000000000000000000000') in 0.0007727 seconds
Import Error Code:(4)
Message: Build asset version error: assets/scripts/minegamememory.cs in SourceAssetDB has modification time of '2026-05-30T23:06:50.9232584Z' while content on disk has modification time of '2026-05-30T23:06:52.7498911Z'
  ERROR: Build asset version error: assets/scripts/minegamememory.cs in SourceAssetDB has modification time of '2026-05-30T23:06:50.9232584Z' while content on disk has modification time of '2026-05-30T23:06:52.7498911Z'
Number of updated asset objects reloaded before import = 0Number of asset objects unloaded after import = 0

========================================================================
Received Import Request.
  Time since last request: 0.000022 seconds.
  path: Assets/Scripts/MineGameMemory.cs
  artifactKey: Guid(6a8a30b205ca73c4eb11977105ef85ff) Importer(815301076,1909f56bfc062723c751e8b465ee728b)
Start importing Assets/Scripts/MineGameMemory.cs using Guid(6a8a30b205ca73c4eb11977105ef85ff) Importer(815301076,1909f56bfc062723c751e8b465ee728b) (PreviewImporter) -> (artifact id: '00000000000000000000000000000000') in 0.0007374 seconds
Import Error Code:(4)
Message: Build asset version error: assets/scripts/minegamememory.cs in SourceAssetDB has modification time of '2026-05-30T23:06:50.9232584Z' while content on disk has modification time of '2026-05-30T23:06:52.7498911Z'
  ERROR: Build asset version error: assets/scripts/minegamememory.cs in SourceAssetDB has modification time of '2026-05-30T23:06:50.9232584Z' while content on disk has modification time of '2026-05-30T23:06:52.7498911Z'
Number of updated asset objects reloaded before import = 0Number of asset objects unloaded after import = 0

========================================================================
Received Import Request.
  Time since last request: 0.000034 seconds.
  path: Assets/Scripts/MineGameMemory.cs
  artifactKey: Guid(6a8a30b205ca73c4eb11977105ef85ff) Importer(815301076,1909f56bfc062723c751e8b465ee728b)
Start importing Assets/Scripts/MineGameMemory.cs using Guid(6a8a30b205ca73c4eb11977105ef85ff) Importer(815301076,1909f56bfc062723c751e8b465ee728b) (PreviewImporter) -> (artifact id: '00000000000000000000000000000000') in 0.0007427 seconds
Import Error Code:(4)
Message: Build asset version error: assets/scripts/minegamememory.cs in SourceAssetDB has modification time of '2026-05-30T23:06:50.9232584Z' while content on disk has modification time of '2026-05-30T23:06:52.7498911Z'
  ERROR: Build asset version error: assets/scripts/minegamememory.cs in SourceAssetDB has modification time of '2026-05-30T23:06:50.9232584Z' while content on disk has modification time of '2026-05-30T23:06:52.7498911Z'
Number of updated asset objects reloaded before import = 0Number of asset objects unloaded after import = 0

========================================================================
Received Import Request.
  Time since last request: 0.000016 seconds.
  path: Assets/Scripts/MineGameMemory.cs
  artifactKey: Guid(6a8a30b205ca73c4eb11977105ef85ff) Importer(815301076,1909f56bfc062723c751e8b465ee728b)
Start importing Assets/Scripts/MineGameMemory.cs using Guid(6a8a30b205ca73c4eb11977105ef85ff) Importer(815301076,1909f56bfc062723c751e8b465ee728b) (PreviewImporter) -> (artifact id: '00000000000000000000000000000000') in 0.0008048 seconds
Import Error Code:(4)
Message: Build asset version error: assets/scripts/minegamememory.cs in SourceAssetDB has modification time of '2026-05-30T23:06:50.9232584Z' while content on disk has modification time of '2026-05-30T23:06:52.7498911Z'
  ERROR: Build asset version error: assets/scripts/minegamememory.cs in SourceAssetDB has modification time of '2026-05-30T23:06:50.9232584Z' while content on disk has modification time of '2026-05-30T23:06:52.7498911Z'
Number of updated asset objects reloaded before import = 0Number of asset objects unloaded after import = 0

========================================================================
Received Import Request.
  Time since last request: 0.000066 seconds.
  path: Assets/Scripts/MineGameMemory.cs
  artifactKey: Guid(6a8a30b205ca73c4eb11977105ef85ff) Importer(815301076,1909f56bfc062723c751e8b465ee728b)
Start importing Assets/Scripts/MineGameMemory.cs using Guid(6a8a30b205ca73c4eb11977105ef85ff) Importer(815301076,1909f56bfc062723c751e8b465ee728b) (PreviewImporter) -> (artifact id: '00000000000000000000000000000000') in 0.000861 seconds
Import Error Code:(4)
Message: Build asset version error: assets/scripts/minegamememory.cs in SourceAssetDB has modification time of '2026-05-30T23:06:50.9232584Z' while content on disk has modification time of '2026-05-30T23:06:52.7498911Z'
  ERROR: Build asset version error: assets/scripts/minegamememory.cs in SourceAssetDB has modification time of '2026-05-30T23:06:50.9232584Z' while content on disk has modification time of '2026-05-30T23:06:52.7498911Z'
Number of updated asset objects reloaded before import = 0Number of asset objects unloaded after import = 0

========================================================================
Received Import Request.
  Time since last request: 0.000026 seconds.
  path: Assets/Scripts/MineGameMemory.cs
  artifactKey: Guid(6a8a30b205ca73c4eb11977105ef85ff) Importer(815301076,1909f56bfc062723c751e8b465ee728b)
Start importing Assets/Scripts/MineGameMemory.cs using Guid(6a8a30b205ca73c4eb11977105ef85ff) Importer(815301076,1909f56bfc062723c751e8b465ee728b) (PreviewImporter) -> (artifact id: '00000000000000000000000000000000') in 0.0007133 seconds
Import Error Code:(4)
Message: Build asset version error: assets/scripts/minegamememory.cs in SourceAssetDB has modification time of '2026-05-30T23:06:50.9232584Z' while content on disk has modification time of '2026-05-30T23:06:52.7498911Z'
  ERROR: Build asset version error: assets/scripts/minegamememory.cs in SourceAssetDB has modification time of '2026-05-30T23:06:50.9232584Z' while content on disk has modification time of '2026-05-30T23:06:52.7498911Z'
Number of updated asset objects reloaded before import = 0Number of asset objects unloaded after import = 0

========================================================================
Received Import Request.
  Time since last request: 0.000024 seconds.
  path: Assets/Scripts/MineGameMemory.cs
  artifactKey: Guid(6a8a30b205ca73c4eb11977105ef85ff) Importer(815301076,1909f56bfc062723c751e8b465ee728b)
Start importing Assets/Scripts/MineGameMemory.cs using Guid(6a8a30b205ca73c4eb11977105ef85ff) Importer(815301076,1909f56bfc062723c751e8b465ee728b) (PreviewImporter) -> (artifact id: '00000000000000000000000000000000') in 0.0006991 seconds
Import Error Code:(4)
Message: Build asset version error: assets/scripts/minegamememory.cs in SourceAssetDB has modification time of '2026-05-30T23:06:50.9232584Z' while content on disk has modification time of '2026-05-30T23:06:52.7498911Z'
  ERROR: Build asset version error: assets/scripts/minegamememory.cs in SourceAssetDB has modification time of '2026-05-30T23:06:50.9232584Z' while content on disk has modification time of '2026-05-30T23:06:52.7498911Z'
Number of updated asset objects reloaded before import = 0Number of asset objects unloaded after import = 0

========================================================================
Received Import Request.
  Time since last request: 0.000037 seconds.
  path: Assets/Scripts/MineGameMemory.cs
  artifactKey: Guid(6a8a30b205ca73c4eb11977105ef85ff) Importer(815301076,1909f56bfc062723c751e8b465ee728b)
Start importing Assets/Scripts/MineGameMemory.cs using Guid(6a8a30b205ca73c4eb11977105ef85ff) Importer(815301076,1909f56bfc062723c751e8b465ee728b) (PreviewImporter) -> (artifact id: '00000000000000000000000000000000') in 0.0008202 seconds
Import Error Code:(4)
Message: Build asset version error: assets/scripts/minegamememory.cs in SourceAssetDB has modification time of '2026-05-30T23:06:50.9232584Z' while content on disk has modification time of '2026-05-30T23:06:52.7498911Z'
  ERROR: Build asset version error: assets/scripts/minegamememory.cs in SourceAssetDB has modification time of '2026-05-30T23:06:50.9232584Z' while content on disk has modification time of '2026-05-30T23:06:52.7498911Z'
Number of updated asset objects reloaded before import = 0Number of asset objects unloaded after import = 0

========================================================================
Received Import Request.
  Time since last request: 0.000017 seconds.
  path: Assets/Scripts/MineGameMemory.cs
  artifactKey: Guid(6a8a30b205ca73c4eb11977105ef85ff) Importer(815301076,1909f56bfc062723c751e8b465ee728b)
Start importing Assets/Scripts/MineGameMemory.cs using Guid(6a8a30b205ca73c4eb11977105ef85ff) Importer(815301076,1909f56bfc062723c751e8b465ee728b) (PreviewImporter) -> (artifact id: '00000000000000000000000000000000') in 0.000791 seconds
Import Error Code:(4)
Message: Build asset version error: assets/scripts/minegamememory.cs in SourceAssetDB has modification time of '2026-05-30T23:06:50.9232584Z' while content on disk has modification time of '2026-05-30T23:06:52.7498911Z'
  ERROR: Build asset version error: assets/scripts/minegamememory.cs in SourceAssetDB has modification time of '2026-05-30T23:06:50.9232584Z' while content on disk has modification time of '2026-05-30T23:06:52.7498911Z'
Number of updated asset objects reloaded before import = 0Number of asset objects unloaded after import = 0

========================================================================
Received Import Request.
  Time since last request: 0.000019 seconds.
  path: Assets/Scripts/MineGameMemory.cs
  artifactKey: Guid(6a8a30b205ca73c4eb11977105ef85ff) Importer(815301076,1909f56bfc062723c751e8b465ee728b)
Start importing Assets/Scripts/MineGameMemory.cs using Guid(6a8a30b205ca73c4eb11977105ef85ff) Importer(815301076,1909f56bfc062723c751e8b465ee728b) (PreviewImporter) -> (artifact id: '00000000000000000000000000000000') in 0.0006032 seconds
Import Error Code:(4)
Message: Build asset version error: assets/scripts/minegamememory.cs in SourceAssetDB has modification time of '2026-05-30T23:06:50.9232584Z' while content on disk has modification time of '2026-05-30T23:06:52.7498911Z'
  ERROR: Build asset version error: assets/scripts/minegamememory.cs in SourceAssetDB has modification time of '2026-05-30T23:06:50.9232584Z' while content on disk has modification time of '2026-05-30T23:06:52.7498911Z'
Number of updated asset objects reloaded before import = 0Number of asset objects unloaded after import = 0

========================================================================
Received Import Request.
  Time since last request: 0.000016 seconds.
  path: Assets/Scripts/MineGameMemory.cs
  artifactKey: Guid(6a8a30b205ca73c4eb11977105ef85ff) Importer(815301076,1909f56bfc062723c751e8b465ee728b)
Start importing Assets/Scripts/MineGameMemory.cs using Guid(6a8a30b205ca73c4eb11977105ef85ff) Importer(815301076,1909f56bfc062723c751e8b465ee728b) (PreviewImporter) -> (artifact id: '00000000000000000000000000000000') in 0.0007941 seconds
Import Error Code:(4)
Message: Build asset version error: assets/scripts/minegamememory.cs in SourceAssetDB has modification time of '2026-05-30T23:06:50.9232584Z' while content on disk has modification time of '2026-05-30T23:06:52.7498911Z'
  ERROR: Build asset version error: assets/scripts/minegamememory.cs in SourceAssetDB has modification time of '2026-05-30T23:06:50.9232584Z' while content on disk has modification time of '2026-05-30T23:06:52.7498911Z'
Number of updated asset objects reloaded before import = 0Number of asset objects unloaded after import = 0

========================================================================
Received Import Request.
  Time since last request: 0.000019 seconds.
  path: Assets/Scripts/MineGameMemory.cs
  artifactKey: Guid(6a8a30b205ca73c4eb11977105ef85ff) Importer(815301076,1909f56bfc062723c751e8b465ee728b)
Start importing Assets/Scripts/MineGameMemory.cs using Guid(6a8a30b205ca73c4eb11977105ef85ff) Importer(815301076,1909f56bfc062723c751e8b465ee728b) (PreviewImporter) -> (artifact id: '00000000000000000000000000000000') in 0.0007753 seconds
Import Error Code:(4)
Message: Build asset version error: assets/scripts/minegamememory.cs in SourceAssetDB has modification time of '2026-05-30T23:06:50.9232584Z' while content on disk has modification time of '2026-05-30T23:06:52.7498911Z'
  ERROR: Build asset version error: assets/scripts/minegamememory.cs in SourceAssetDB has modification time of '2026-05-30T23:06:50.9232584Z' while content on disk has modification time of '2026-05-30T23:06:52.7498911Z'
Number of updated asset objects reloaded before import = 0Number of asset objects unloaded after import = 0

========================================================================
Received Import Request.
  Time since last request: 0.000031 seconds.
  path: Assets/Scripts/MineGameMemory.cs
  artifactKey: Guid(6a8a30b205ca73c4eb11977105ef85ff) Importer(815301076,1909f56bfc062723c751e8b465ee728b)
Start importing Assets/Scripts/MineGameMemory.cs using Guid(6a8a30b205ca73c4eb11977105ef85ff) Importer(815301076,1909f56bfc062723c751e8b465ee728b) (PreviewImporter) -> (artifact id: '00000000000000000000000000000000') in 0.0007665 seconds
Import Error Code:(4)
Message: Build asset version error: assets/scripts/minegamememory.cs in SourceAssetDB has modification time of '2026-05-30T23:06:50.9232584Z' while content on disk has modification time of '2026-05-30T23:06:52.7498911Z'
  ERROR: Build asset version error: assets/scripts/minegamememory.cs in SourceAssetDB has modification time of '2026-05-30T23:06:50.9232584Z' while content on disk has modification time of '2026-05-30T23:06:52.7498911Z'
Number of updated asset objects reloaded before import = 0Number of asset objects unloaded after import = 0

========================================================================
Received Import Request.
  Time since last request: 0.000015 seconds.
  path: Assets/Scripts/MineGameMemory.cs
  artifactKey: Guid(6a8a30b205ca73c4eb11977105ef85ff) Importer(815301076,1909f56bfc062723c751e8b465ee728b)
Start importing Assets/Scripts/MineGameMemory.cs using Guid(6a8a30b205ca73c4eb11977105ef85ff) Importer(815301076,1909f56bfc062723c751e8b465ee728b) (PreviewImporter) -> (artifact id: '00000000000000000000000000000000') in 0.0007301 seconds
Import Error Code:(4)
Message: Build asset version error: assets/scripts/minegamememory.cs in SourceAssetDB has modification time of '2026-05-30T23:06:50.9232584Z' while content on disk has modification time of '2026-05-30T23:06:52.7498911Z'
  ERROR: Build asset version error: assets/scripts/minegamememory.cs in SourceAssetDB has modification time of '2026-05-30T23:06:50.9232584Z' while content on disk has modification time of '2026-05-30T23:06:52.7498911Z'
Number of updated asset objects reloaded before import = 0Number of asset objects unloaded after import = 0

========================================================================
Received Import Request.
  Time since last request: 0.000019 seconds.
  path: Assets/Scripts/MineGameMemory.cs
  artifactKey: Guid(6a8a30b205ca73c4eb11977105ef85ff) Importer(815301076,1909f56bfc062723c751e8b465ee728b)
Start importing Assets/Scripts/MineGameMemory.cs using Guid(6a8a30b205ca73c4eb11977105ef85ff) Importer(815301076,1909f56bfc062723c751e8b465ee728b) (PreviewImporter) -> (artifact id: '00000000000000000000000000000000') in 0.000624 seconds
Import Error Code:(4)
Message: Build asset version error: assets/scripts/minegamememory.cs in SourceAssetDB has modification time of '2026-05-30T23:06:50.9232584Z' while content on disk has modification time of '2026-05-30T23:06:52.7498911Z'
  ERROR: Build asset version error: assets/scripts/minegamememory.cs in SourceAssetDB has modification time of '2026-05-30T23:06:50.9232584Z' while content on disk has modification time of '2026-05-30T23:06:52.7498911Z'
Number of updated asset objects reloaded before import = 0Number of asset objects unloaded after import = 0

========================================================================
Received Import Request.
  Time since last request: 0.000024 seconds.
  path: Assets/Scripts/MineGameMemory.cs
  artifactKey: Guid(6a8a30b205ca73c4eb11977105ef85ff) Importer(815301076,1909f56bfc062723c751e8b465ee728b)
Start importing Assets/Scripts/MineGameMemory.cs using Guid(6a8a30b205ca73c4eb11977105ef85ff) Importer(815301076,1909f56bfc062723c751e8b465ee728b) (PreviewImporter) -> (artifact id: '00000000000000000000000000000000') in 0.0006017 seconds
Import Error Code:(4)
Message: Build asset version error: assets/scripts/minegamememory.cs in SourceAssetDB has modification time of '2026-05-30T23:06:50.9232584Z' while content on disk has modification time of '2026-05-30T23:06:52.7498911Z'
  ERROR: Build asset version error: assets/scripts/minegamememory.cs in SourceAssetDB has modification time of '2026-05-30T23:06:50.9232584Z' while content on disk has modification time of '2026-05-30T23:06:52.7498911Z'
Number of updated asset objects reloaded before import = 0Number of asset objects unloaded after import = 0

========================================================================
Received Import Request.
  Time since last request: 0.000021 seconds.
  path: Assets/Scripts/MineGameMemory.cs
  artifactKey: Guid(6a8a30b205ca73c4eb11977105ef85ff) Importer(815301076,1909f56bfc062723c751e8b465ee728b)
Start importing Assets/Scripts/MineGameMemory.cs using Guid(6a8a30b205ca73c4eb11977105ef85ff) Importer(815301076,1909f56bfc062723c751e8b465ee728b) (PreviewImporter) -> (artifact id: '00000000000000000000000000000000') in 0.0006395 seconds
Import Error Code:(4)
Message: Build asset version error: assets/scripts/minegamememory.cs in SourceAssetDB has modification time of '2026-05-30T23:06:50.9232584Z' while content on disk has modification time of '2026-05-30T23:06:52.7498911Z'
  ERROR: Build asset version error: assets/scripts/minegamememory.cs in SourceAssetDB has modification time of '2026-05-30T23:06:50.9232584Z' while content on disk has modification time of '2026-05-30T23:06:52.7498911Z'
Number of updated asset objects reloaded before import = 0Number of asset objects unloaded after import = 0

========================================================================
Received Import Request.
  Time since last request: 0.000029 seconds.
  path: Assets/Scripts/MineGameMemory.cs
  artifactKey: Guid(6a8a30b205ca73c4eb11977105ef85ff) Importer(815301076,1909f56bfc062723c751e8b465ee728b)
Start importing Assets/Scripts/MineGameMemory.cs using Guid(6a8a30b205ca73c4eb11977105ef85ff) Importer(815301076,1909f56bfc062723c751e8b465ee728b) (PreviewImporter) -> (artifact id: '00000000000000000000000000000000') in 0.0006949 seconds
Import Error Code:(4)
Message: Build asset version error: assets/scripts/minegamememory.cs in SourceAssetDB has modification time of '2026-05-30T23:06:50.9232584Z' while content on disk has modification time of '2026-05-30T23:06:52.7498911Z'
  ERROR: Build asset version error: assets/scripts/minegamememory.cs in SourceAssetDB has modification time of '2026-05-30T23:06:50.9232584Z' while content on disk has modification time of '2026-05-30T23:06:52.7498911Z'
Number of updated asset objects reloaded before import = 0Number of asset objects unloaded after import = 0

========================================================================
Received Import Request.
  Time since last request: 0.000016 seconds.
  path: Assets/Scripts/MineGameMemory.cs
  artifactKey: Guid(6a8a30b205ca73c4eb11977105ef85ff) Importer(815301076,1909f56bfc062723c751e8b465ee728b)
Start importing Assets/Scripts/MineGameMemory.cs using Guid(6a8a30b205ca73c4eb11977105ef85ff) Importer(815301076,1909f56bfc062723c751e8b465ee728b) (PreviewImporter) -> (artifact id: '00000000000000000000000000000000') in 0.000654 seconds
Import Error Code:(4)
Message: Build asset version error: assets/scripts/minegamememory.cs in SourceAssetDB has modification time of '2026-05-30T23:06:50.9232584Z' while content on disk has modification time of '2026-05-30T23:06:52.7498911Z'
  ERROR: Build asset version error: assets/scripts/minegamememory.cs in SourceAssetDB has modification time of '2026-05-30T23:06:50.9232584Z' while content on disk has modification time of '2026-05-30T23:06:52.7498911Z'
Number of updated asset objects reloaded before import = 0Number of asset objects unloaded after import = 0

========================================================================
Received Import Request.
  Time since last request: 0.000025 seconds.
  path: Assets/Scripts/MineGameMemory.cs
  artifactKey: Guid(6a8a30b205ca73c4eb11977105ef85ff) Importer(815301076,1909f56bfc062723c751e8b465ee728b)
Start importing Assets/Scripts/MineGameMemory.cs using Guid(6a8a30b205ca73c4eb11977105ef85ff) Importer(815301076,1909f56bfc062723c751e8b465ee728b) (PreviewImporter) -> (artifact id: '00000000000000000000000000000000') in 0.0007557 seconds
Import Error Code:(4)
Message: Build asset version error: assets/scripts/minegamememory.cs in SourceAssetDB has modification time of '2026-05-30T23:06:50.9232584Z' while content on disk has modification time of '2026-05-30T23:06:52.7498911Z'
  ERROR: Build asset version error: assets/scripts/minegamememory.cs in SourceAssetDB has modification time of '2026-05-30T23:06:50.9232584Z' while content on disk has modification time of '2026-05-30T23:06:52.7498911Z'
Number of updated asset objects reloaded before import = 0Number of asset objects unloaded after import = 0

========================================================================
Received Import Request.
  Time since last request: 0.000020 seconds.
  path: Assets/Scripts/MineGameMemory.cs
  artifactKey: Guid(6a8a30b205ca73c4eb11977105ef85ff) Importer(815301076,1909f56bfc062723c751e8b465ee728b)
Start importing Assets/Scripts/MineGameMemory.cs using Guid(6a8a30b205ca73c4eb11977105ef85ff) Importer(815301076,1909f56bfc062723c751e8b465ee728b) (PreviewImporter) -> (artifact id: '00000000000000000000000000000000') in 0.0006554 seconds
Import Error Code:(4)
Message: Build asset version error: assets/scripts/minegamememory.cs in SourceAssetDB has modification time of '2026-05-30T23:06:50.9232584Z' while content on disk has modification time of '2026-05-30T23:06:52.7498911Z'
  ERROR: Build asset version error: assets/scripts/minegamememory.cs in SourceAssetDB has modification time of '2026-05-30T23:06:50.9232584Z' while content on disk has modification time of '2026-05-30T23:06:52.7498911Z'
Number of updated asset objects reloaded before import = 0Number of asset objects unloaded after import = 0

========================================================================
Received Import Request.
  Time since last request: 0.000021 seconds.
  path: Assets/Scripts/MineGameMemory.cs
  artifactKey: Guid(6a8a30b205ca73c4eb11977105ef85ff) Importer(815301076,1909f56bfc062723c751e8b465ee728b)
Start importing Assets/Scripts/MineGameMemory.cs using Guid(6a8a30b205ca73c4eb11977105ef85ff) Importer(815301076,1909f56bfc062723c751e8b465ee728b) (PreviewImporter) -> (artifact id: '00000000000000000000000000000000') in 0.0006233 seconds
Import Error Code:(4)
Message: Build asset version error: assets/scripts/minegamememory.cs in SourceAssetDB has modification time of '2026-05-30T23:06:50.9232584Z' while content on disk has modification time of '2026-05-30T23:06:52.7498911Z'
  ERROR: Build asset version error: assets/scripts/minegamememory.cs in SourceAssetDB has modification time of '2026-05-30T23:06:50.9232584Z' while content on disk has modification time of '2026-05-30T23:06:52.7498911Z'
Number of updated asset objects reloaded before import = 0Number of asset objects unloaded after import = 0

========================================================================
Received Import Request.
  Time since last request: 0.000027 seconds.
  path: Assets/Scripts/MineGameMemory.cs
  artifactKey: Guid(6a8a30b205ca73c4eb11977105ef85ff) Importer(815301076,1909f56bfc062723c751e8b465ee728b)
Start importing Assets/Scripts/MineGameMemory.cs using Guid(6a8a30b205ca73c4eb11977105ef85ff) Importer(815301076,1909f56bfc062723c751e8b465ee728b) (PreviewImporter) -> (artifact id: '00000000000000000000000000000000') in 0.0006648 seconds
Import Error Code:(4)
Message: Build asset version error: assets/scripts/minegamememory.cs in SourceAssetDB has modification time of '2026-05-30T23:06:50.9232584Z' while content on disk has modification time of '2026-05-30T23:06:52.7498911Z'
  ERROR: Build asset version error: assets/scripts/minegamememory.cs in SourceAssetDB has modification time of '2026-05-30T23:06:50.9232584Z' while content on disk has modification time of '2026-05-30T23:06:52.7498911Z'
Number of updated asset objects reloaded before import = 0Number of asset objects unloaded after import = 0

========================================================================
Received Import Request.
  Time since last request: 0.000021 seconds.
  path: Assets/Scripts/MineGameMemory.cs
  artifactKey: Guid(6a8a30b205ca73c4eb11977105ef85ff) Importer(815301076,1909f56bfc062723c751e8b465ee728b)
Start importing Assets/Scripts/MineGameMemory.cs using Guid(6a8a30b205ca73c4eb11977105ef85ff) Importer(815301076,1909f56bfc062723c751e8b465ee728b) (PreviewImporter) -> (artifact id: '00000000000000000000000000000000') in 0.000613 seconds
Import Error Code:(4)
Message: Build asset version error: assets/scripts/minegamememory.cs in SourceAssetDB has modification time of '2026-05-30T23:06:50.9232584Z' while content on disk has modification time of '2026-05-30T23:06:52.7498911Z'
  ERROR: Build asset version error: assets/scripts/minegamememory.cs in SourceAssetDB has modification time of '2026-05-30T23:06:50.9232584Z' while content on disk has modification time of '2026-05-30T23:06:52.7498911Z'
Number of updated asset objects reloaded before import = 0Number of asset objects unloaded after import = 0

========================================================================
Received Import Request.
  Time since last request: 0.000016 seconds.
  path: Assets/Scripts/MineGameMemory.cs
  artifactKey: Guid(6a8a30b205ca73c4eb11977105ef85ff) Importer(815301076,1909f56bfc062723c751e8b465ee728b)
Start importing Assets/Scripts/MineGameMemory.cs using Guid(6a8a30b205ca73c4eb11977105ef85ff) Importer(815301076,1909f56bfc062723c751e8b465ee728b) (PreviewImporter) -> (artifact id: '00000000000000000000000000000000') in 0.000609 seconds
Import Error Code:(4)
Message: Build asset version error: assets/scripts/minegamememory.cs in SourceAssetDB has modification time of '2026-05-30T23:06:50.9232584Z' while content on disk has modification time of '2026-05-30T23:06:52.7498911Z'
  ERROR: Build asset version error: assets/scripts/minegamememory.cs in SourceAssetDB has modification time of '2026-05-30T23:06:50.9232584Z' while content on disk has modification time of '2026-05-30T23:06:52.7498911Z'
Number of updated asset objects reloaded before import = 0Number of asset objects unloaded after import = 0

========================================================================
Received Import Request.
  Time since last request: 0.000018 seconds.
  path: Assets/Scripts/MineGameMemory.cs
  artifactKey: Guid(6a8a30b205ca73c4eb11977105ef85ff) Importer(815301076,1909f56bfc062723c751e8b465ee728b)
Start importing Assets/Scripts/MineGameMemory.cs using Guid(6a8a30b205ca73c4eb11977105ef85ff) Importer(815301076,1909f56bfc062723c751e8b465ee728b) (PreviewImporter) -> (artifact id: '00000000000000000000000000000000') in 0.0007437 seconds
Import Error Code:(4)
Message: Build asset version error: assets/scripts/minegamememory.cs in SourceAssetDB has modification time of '2026-05-30T23:06:50.9232584Z' while content on disk has modification time of '2026-05-30T23:06:52.7498911Z'
  ERROR: Build asset version error: assets/scripts/minegamememory.cs in SourceAssetDB has modification time of '2026-05-30T23:06:50.9232584Z' while content on disk has modification time of '2026-05-30T23:06:52.7498911Z'
Number of updated asset objects reloaded before import = 0Number of asset objects unloaded after import = 0

========================================================================
Received Import Request.
  Time since last request: 0.000027 seconds.
  path: Assets/Scripts/MineGameMemory.cs
  artifactKey: Guid(6a8a30b205ca73c4eb11977105ef85ff) Importer(815301076,1909f56bfc062723c751e8b465ee728b)
Start importing Assets/Scripts/MineGameMemory.cs using Guid(6a8a30b205ca73c4eb11977105ef85ff) Importer(815301076,1909f56bfc062723c751e8b465ee728b) (PreviewImporter) -> (artifact id: '00000000000000000000000000000000') in 0.0007404 seconds
Import Error Code:(4)
Message: Build asset version error: assets/scripts/minegamememory.cs in SourceAssetDB has modification time of '2026-05-30T23:06:50.9232584Z' while content on disk has modification time of '2026-05-30T23:06:52.7498911Z'
  ERROR: Build asset version error: assets/scripts/minegamememory.cs in SourceAssetDB has modification time of '2026-05-30T23:06:50.9232584Z' while content on disk has modification time of '2026-05-30T23:06:52.7498911Z'
Number of updated asset objects reloaded before import = 0Number of asset objects unloaded after import = 0

========================================================================
Received Import Request.
  Time since last request: 0.000034 seconds.
  path: Assets/Scripts/MineGameMemory.cs
  artifactKey: Guid(6a8a30b205ca73c4eb11977105ef85ff) Importer(815301076,1909f56bfc062723c751e8b465ee728b)
Start importing Assets/Scripts/MineGameMemory.cs using Guid(6a8a30b205ca73c4eb11977105ef85ff) Importer(815301076,1909f56bfc062723c751e8b465ee728b) (PreviewImporter) -> (artifact id: '00000000000000000000000000000000') in 0.0007479 seconds
Import Error Code:(4)
Message: Build asset version error: assets/scripts/minegamememory.cs in SourceAssetDB has modification time of '2026-05-30T23:06:50.9232584Z' while content on disk has modification time of '2026-05-30T23:06:52.7498911Z'
  ERROR: Build asset version error: assets/scripts/minegamememory.cs in SourceAssetDB has modification time of '2026-05-30T23:06:50.9232584Z' while content on disk has modification time of '2026-05-30T23:06:52.7498911Z'
Number of updated asset objects reloaded before import = 0Number of asset objects unloaded after import = 0

========================================================================
Received Import Request.
  Time since last request: 0.000017 seconds.
  path: Assets/Scripts/MineGameMemory.cs
  artifactKey: Guid(6a8a30b205ca73c4eb11977105ef85ff) Importer(815301076,1909f56bfc062723c751e8b465ee728b)
Start importing Assets/Scripts/MineGameMemory.cs using Guid(6a8a30b205ca73c4eb11977105ef85ff) Importer(815301076,1909f56bfc062723c751e8b465ee728b) (PreviewImporter) -> (artifact id: '00000000000000000000000000000000') in 0.0008215 seconds
Import Error Code:(4)
Message: Build asset version error: assets/scripts/minegamememory.cs in SourceAssetDB has modification time of '2026-05-30T23:06:50.9232584Z' while content on disk has modification time of '2026-05-30T23:06:52.7498911Z'
  ERROR: Build asset version error: assets/scripts/minegamememory.cs in SourceAssetDB has modification time of '2026-05-30T23:06:50.9232584Z' while content on disk has modification time of '2026-05-30T23:06:52.7498911Z'
Number of updated asset objects reloaded before import = 0Number of asset objects unloaded after import = 0

========================================================================
Received Import Request.
  Time since last request: 0.000019 seconds.
  path: Assets/Scripts/MineGameMemory.cs
  artifactKey: Guid(6a8a30b205ca73c4eb11977105ef85ff) Importer(815301076,1909f56bfc062723c751e8b465ee728b)
Start importing Assets/Scripts/MineGameMemory.cs using Guid(6a8a30b205ca73c4eb11977105ef85ff) Importer(815301076,1909f56bfc062723c751e8b465ee728b) (PreviewImporter) -> (artifact id: '00000000000000000000000000000000') in 0.0006963 seconds
Import Error Code:(4)
Message: Build asset version error: assets/scripts/minegamememory.cs in SourceAssetDB has modification time of '2026-05-30T23:06:50.9232584Z' while content on disk has modification time of '2026-05-30T23:06:52.7498911Z'
  ERROR: Build asset version error: assets/scripts/minegamememory.cs in SourceAssetDB has modification time of '2026-05-30T23:06:50.9232584Z' while content on disk has modification time of '2026-05-30T23:06:52.7498911Z'
Number of updated asset objects reloaded before import = 0Number of asset objects unloaded after import = 0

========================================================================
Received Import Request.
  Time since last request: 0.000019 seconds.
  path: Assets/Scripts/MineGameMemory.cs
  artifactKey: Guid(6a8a30b205ca73c4eb11977105ef85ff) Importer(815301076,1909f56bfc062723c751e8b465ee728b)
Start importing Assets/Scripts/MineGameMemory.cs using Guid(6a8a30b205ca73c4eb11977105ef85ff) Importer(815301076,1909f56bfc062723c751e8b465ee728b) (PreviewImporter) -> (artifact id: '00000000000000000000000000000000') in 0.0010223 seconds
Import Error Code:(4)
Message: Build asset version error: assets/scripts/minegamememory.cs in SourceAssetDB has modification time of '2026-05-30T23:06:50.9232584Z' while content on disk has modification time of '2026-05-30T23:06:52.7498911Z'
  ERROR: Build asset version error: assets/scripts/minegamememory.cs in SourceAssetDB has modification time of '2026-05-30T23:06:50.9232584Z' while content on disk has modification time of '2026-05-30T23:06:52.7498911Z'
Number of updated asset objects reloaded before import = 0Number of asset objects unloaded after import = 0

========================================================================
Received Import Request.
  Time since last request: 0.000023 seconds.
  path: Assets/Scripts/MineGameMemory.cs
  artifactKey: Guid(6a8a30b205ca73c4eb11977105ef85ff) Importer(815301076,1909f56bfc062723c751e8b465ee728b)
Start importing Assets/Scripts/MineGameMemory.cs using Guid(6a8a30b205ca73c4eb11977105ef85ff) Importer(815301076,1909f56bfc062723c751e8b465ee728b) (PreviewImporter) -> (artifact id: '00000000000000000000000000000000') in 0.0007463 seconds
Import Error Code:(4)
Message: Build asset version error: assets/scripts/minegamememory.cs in SourceAssetDB has modification time of '2026-05-30T23:06:50.9232584Z' while content on disk has modification time of '2026-05-30T23:06:52.7498911Z'
  ERROR: Build asset version error: assets/scripts/minegamememory.cs in SourceAssetDB has modification time of '2026-05-30T23:06:50.9232584Z' while content on disk has modification time of '2026-05-30T23:06:52.7498911Z'
Number of updated asset objects reloaded before import = 0Number of asset objects unloaded after import = 0

========================================================================
Received Import Request.
  Time since last request: 0.000033 seconds.
  path: Assets/Scripts/MineGameMemory.cs
  artifactKey: Guid(6a8a30b205ca73c4eb11977105ef85ff) Importer(815301076,1909f56bfc062723c751e8b465ee728b)
Start importing Assets/Scripts/MineGameMemory.cs using Guid(6a8a30b205ca73c4eb11977105ef85ff) Importer(815301076,1909f56bfc062723c751e8b465ee728b) (PreviewImporter) -> (artifact id: '00000000000000000000000000000000') in 0.0008658 seconds
Import Error Code:(4)
Message: Build asset version error: assets/scripts/minegamememory.cs in SourceAssetDB has modification time of '2026-05-30T23:06:50.9232584Z' while content on disk has modification time of '2026-05-30T23:06:52.7498911Z'
  ERROR: Build asset version error: assets/scripts/minegamememory.cs in SourceAssetDB has modification time of '2026-05-30T23:06:50.9232584Z' while content on disk has modification time of '2026-05-30T23:06:52.7498911Z'
Number of updated asset objects reloaded before import = 0Number of asset objects unloaded after import = 0

========================================================================
Received Import Request.
  Time since last request: 0.000015 seconds.
  path: Assets/Scripts/MineGameMemory.cs
  artifactKey: Guid(6a8a30b205ca73c4eb11977105ef85ff) Importer(815301076,1909f56bfc062723c751e8b465ee728b)
Start importing Assets/Scripts/MineGameMemory.cs using Guid(6a8a30b205ca73c4eb11977105ef85ff) Importer(815301076,1909f56bfc062723c751e8b465ee728b) (PreviewImporter) -> (artifact id: '00000000000000000000000000000000') in 0.000632 seconds
Import Error Code:(4)
Message: Build asset version error: assets/scripts/minegamememory.cs in SourceAssetDB has modification time of '2026-05-30T23:06:50.9232584Z' while content on disk has modification time of '2026-05-30T23:06:52.7498911Z'
  ERROR: Build asset version error: assets/scripts/minegamememory.cs in SourceAssetDB has modification time of '2026-05-30T23:06:50.9232584Z' while content on disk has modification time of '2026-05-30T23:06:52.7498911Z'
Number of updated asset objects reloaded before import = 0Number of asset objects unloaded after import = 0

========================================================================
Received Import Request.
  Time since last request: 0.000015 seconds.
  path: Assets/Scripts/MineGameMemory.cs
  artifactKey: Guid(6a8a30b205ca73c4eb11977105ef85ff) Importer(815301076,1909f56bfc062723c751e8b465ee728b)
Start importing Assets/Scripts/MineGameMemory.cs using Guid(6a8a30b205ca73c4eb11977105ef85ff) Importer(815301076,1909f56bfc062723c751e8b465ee728b) (PreviewImporter) -> (artifact id: '00000000000000000000000000000000') in 0.0008385 seconds
Import Error Code:(4)
Message: Build asset version error: assets/scripts/minegamememory.cs in SourceAssetDB has modification time of '2026-05-30T23:06:50.9232584Z' while content on disk has modification time of '2026-05-30T23:06:52.7498911Z'
  ERROR: Build asset version error: assets/scripts/minegamememory.cs in SourceAssetDB has modification time of '2026-05-30T23:06:50.9232584Z' while content on disk has modification time of '2026-05-30T23:06:52.7498911Z'
Number of updated asset objects reloaded before import = 0Number of asset objects unloaded after import = 0

========================================================================
Received Import Request.
  Time since last request: 0.000021 seconds.
  path: Assets/Scripts/MineGameMemory.cs
  artifactKey: Guid(6a8a30b205ca73c4eb11977105ef85ff) Importer(815301076,1909f56bfc062723c751e8b465ee728b)
Start importing Assets/Scripts/MineGameMemory.cs using Guid(6a8a30b205ca73c4eb11977105ef85ff) Importer(815301076,1909f56bfc062723c751e8b465ee728b) (PreviewImporter) -> (artifact id: '00000000000000000000000000000000') in 0.0007364 seconds
Import Error Code:(4)
Message: Build asset version error: assets/scripts/minegamememory.cs in SourceAssetDB has modification time of '2026-05-30T23:06:50.9232584Z' while content on disk has modification time of '2026-05-30T23:06:52.7498911Z'
  ERROR: Build asset version error: assets/scripts/minegamememory.cs in SourceAssetDB has modification time of '2026-05-30T23:06:50.9232584Z' while content on disk has modification time of '2026-05-30T23:06:52.7498911Z'
Number of updated asset objects reloaded before import = 0Number of asset objects unloaded after import = 0

========================================================================
Received Import Request.
  Time since last request: 0.000023 seconds.
  path: Assets/Scripts/MineGameMemory.cs
  artifactKey: Guid(6a8a30b205ca73c4eb11977105ef85ff) Importer(815301076,1909f56bfc062723c751e8b465ee728b)
Start importing Assets/Scripts/MineGameMemory.cs using Guid(6a8a30b205ca73c4eb11977105ef85ff) Importer(815301076,1909f56bfc062723c751e8b465ee728b) (PreviewImporter) -> (artifact id: '00000000000000000000000000000000') in 0.0007411 seconds
Import Error Code:(4)
Message: Build asset version error: assets/scripts/minegamememory.cs in SourceAssetDB has modification time of '2026-05-30T23:06:50.9232584Z' while content on disk has modification time of '2026-05-30T23:06:52.7498911Z'
  ERROR: Build asset version error: assets/scripts/minegamememory.cs in SourceAssetDB has modification time of '2026-05-30T23:06:50.9232584Z' while content on disk has modification time of '2026-05-30T23:06:52.7498911Z'
Number of updated asset objects reloaded before import = 0Number of asset objects unloaded after import = 0

========================================================================
Received Import Request.
  Time since last request: 0.000026 seconds.
  path: Assets/Scripts/MineGameMemory.cs
  artifactKey: Guid(6a8a30b205ca73c4eb11977105ef85ff) Importer(815301076,1909f56bfc062723c751e8b465ee728b)
Start importing Assets/Scripts/MineGameMemory.cs using Guid(6a8a30b205ca73c4eb11977105ef85ff) Importer(815301076,1909f56bfc062723c751e8b465ee728b) (PreviewImporter) -> (artifact id: '00000000000000000000000000000000') in 0.0006517 seconds
Import Error Code:(4)
Message: Build asset version error: assets/scripts/minegamememory.cs in SourceAssetDB has modification time of '2026-05-30T23:06:50.9232584Z' while content on disk has modification time of '2026-05-30T23:06:52.7498911Z'
  ERROR: Build asset version error: assets/scripts/minegamememory.cs in SourceAssetDB has modification time of '2026-05-30T23:06:50.9232584Z' while content on disk has modification time of '2026-05-30T23:06:52.7498911Z'
Number of updated asset objects reloaded before import = 0Number of asset objects unloaded after import = 0

========================================================================
Received Import Request.
  Time since last request: 0.000017 seconds.
  path: Assets/Scripts/MineGameMemory.cs
  artifactKey: Guid(6a8a30b205ca73c4eb11977105ef85ff) Importer(815301076,1909f56bfc062723c751e8b465ee728b)
Start importing Assets/Scripts/MineGameMemory.cs using Guid(6a8a30b205ca73c4eb11977105ef85ff) Importer(815301076,1909f56bfc062723c751e8b465ee728b) (PreviewImporter) -> (artifact id: '00000000000000000000000000000000') in 0.0005965 seconds
Import Error Code:(4)
Message: Build asset version error: assets/scripts/minegamememory.cs in SourceAssetDB has modification time of '2026-05-30T23:06:50.9232584Z' while content on disk has modification time of '2026-05-30T23:06:52.7498911Z'
  ERROR: Build asset version error: assets/scripts/minegamememory.cs in SourceAssetDB has modification time of '2026-05-30T23:06:50.9232584Z' while content on disk has modification time of '2026-05-30T23:06:52.7498911Z'
Number of updated asset objects reloaded before import = 0Number of asset objects unloaded after import = 0

========================================================================
Received Import Request.
  Time since last request: 0.000020 seconds.
  path: Assets/Scripts/MineGameMemory.cs
  artifactKey: Guid(6a8a30b205ca73c4eb11977105ef85ff) Importer(815301076,1909f56bfc062723c751e8b465ee728b)
Start importing Assets/Scripts/MineGameMemory.cs using Guid(6a8a30b205ca73c4eb11977105ef85ff) Importer(815301076,1909f56bfc062723c751e8b465ee728b) (PreviewImporter) -> (artifact id: '00000000000000000000000000000000') in 0.0011697 seconds
Import Error Code:(4)
Message: Build asset version error: assets/scripts/minegamememory.cs in SourceAssetDB has modification time of '2026-05-30T23:06:50.9232584Z' while content on disk has modification time of '2026-05-30T23:06:52.7498911Z'
  ERROR: Build asset version error: assets/scripts/minegamememory.cs in SourceAssetDB has modification time of '2026-05-30T23:06:50.9232584Z' while content on disk has modification time of '2026-05-30T23:06:52.7498911Z'
Number of updated asset objects reloaded before import = 0Number of asset objects unloaded after import = 0

========================================================================
Received Import Request.
  Time since last request: 0.000025 seconds.
  path: Assets/Scripts/MineGameMemory.cs
  artifactKey: Guid(6a8a30b205ca73c4eb11977105ef85ff) Importer(815301076,1909f56bfc062723c751e8b465ee728b)
Start importing Assets/Scripts/MineGameMemory.cs using Guid(6a8a30b205ca73c4eb11977105ef85ff) Importer(815301076,1909f56bfc062723c751e8b465ee728b) (PreviewImporter) -> (artifact id: '00000000000000000000000000000000') in 0.0007714 seconds
Import Error Code:(4)
Message: Build asset version error: assets/scripts/minegamememory.cs in SourceAssetDB has modification time of '2026-05-30T23:06:50.9232584Z' while content on disk has modification time of '2026-05-30T23:06:52.7498911Z'
  ERROR: Build asset version error: assets/scripts/minegamememory.cs in SourceAssetDB has modification time of '2026-05-30T23:06:50.9232584Z' while content on disk has modification time of '2026-05-30T23:06:52.7498911Z'
Number of updated asset objects reloaded before import = 0Number of asset objects unloaded after import = 0

========================================================================
Received Import Request.
  Time since last request: 0.000027 seconds.
  path: Assets/Scripts/MineGameMemory.cs
  artifactKey: Guid(6a8a30b205ca73c4eb11977105ef85ff) Importer(815301076,1909f56bfc062723c751e8b465ee728b)
Start importing Assets/Scripts/MineGameMemory.cs using Guid(6a8a30b205ca73c4eb11977105ef85ff) Importer(815301076,1909f56bfc062723c751e8b465ee728b) (PreviewImporter) -> (artifact id: '00000000000000000000000000000000') in 0.0012826 seconds
Import Error Code:(4)
Message: Build asset version error: assets/scripts/minegamememory.cs in SourceAssetDB has modification time of '2026-05-30T23:06:50.9232584Z' while content on disk has modification time of '2026-05-30T23:06:52.7498911Z'
  ERROR: Build asset version error: assets/scripts/minegamememory.cs in SourceAssetDB has modification time of '2026-05-30T23:06:50.9232584Z' while content on disk has modification time of '2026-05-30T23:06:52.7498911Z'
Number of updated asset objects reloaded before import = 0Number of asset objects unloaded after import = 0

========================================================================
Received Import Request.
  Time since last request: 0.000041 seconds.
  path: Assets/Scripts/MineGameMemory.cs
  artifactKey: Guid(6a8a30b205ca73c4eb11977105ef85ff) Importer(815301076,1909f56bfc062723c751e8b465ee728b)
Start importing Assets/Scripts/MineGameMemory.cs using Guid(6a8a30b205ca73c4eb11977105ef85ff) Importer(815301076,1909f56bfc062723c751e8b465ee728b) (PreviewImporter) -> (artifact id: '00000000000000000000000000000000') in 0.0006345 seconds
Import Error Code:(4)
Message: Build asset version error: assets/scripts/minegamememory.cs in SourceAssetDB has modification time of '2026-05-30T23:06:50.9232584Z' while content on disk has modification time of '2026-05-30T23:06:52.7498911Z'
  ERROR: Build asset version error: assets/scripts/minegamememory.cs in SourceAssetDB has modification time of '2026-05-30T23:06:50.9232584Z' while content on disk has modification time of '2026-05-30T23:06:52.7498911Z'
Number of updated asset objects reloaded before import = 0Number of asset objects unloaded after import = 0

========================================================================
Received Import Request.
  Time since last request: 0.000014 seconds.
  path: Assets/Scripts/MineGameMemory.cs
  artifactKey: Guid(6a8a30b205ca73c4eb11977105ef85ff) Importer(815301076,1909f56bfc062723c751e8b465ee728b)
Start importing Assets/Scripts/MineGameMemory.cs using Guid(6a8a30b205ca73c4eb11977105ef85ff) Importer(815301076,1909f56bfc062723c751e8b465ee728b) (PreviewImporter) -> (artifact id: '00000000000000000000000000000000') in 0.0007657 seconds
Import Error Code:(4)
Message: Build asset version error: assets/scripts/minegamememory.cs in SourceAssetDB has modification time of '2026-05-30T23:06:50.9232584Z' while content on disk has modification time of '2026-05-30T23:06:52.7498911Z'
  ERROR: Build asset version error: assets/scripts/minegamememory.cs in SourceAssetDB has modification time of '2026-05-30T23:06:50.9232584Z' while content on disk has modification time of '2026-05-30T23:06:52.7498911Z'
Number of updated asset objects reloaded before import = 0Number of asset objects unloaded after import = 0

========================================================================
Received Import Request.
  Time since last request: 0.000019 seconds.
  path: Assets/Scripts/MineGameMemory.cs
  artifactKey: Guid(6a8a30b205ca73c4eb11977105ef85ff) Importer(815301076,1909f56bfc062723c751e8b465ee728b)
Start importing Assets/Scripts/MineGameMemory.cs using Guid(6a8a30b205ca73c4eb11977105ef85ff) Importer(815301076,1909f56bfc062723c751e8b465ee728b) (PreviewImporter) -> (artifact id: '00000000000000000000000000000000') in 0.0007207 seconds
Import Error Code:(4)
Message: Build asset version error: assets/scripts/minegamememory.cs in SourceAssetDB has modification time of '2026-05-30T23:06:50.9232584Z' while content on disk has modification time of '2026-05-30T23:06:52.7498911Z'
  ERROR: Build asset version error: assets/scripts/minegamememory.cs in SourceAssetDB has modification time of '2026-05-30T23:06:50.9232584Z' while content on disk has modification time of '2026-05-30T23:06:52.7498911Z'
Number of updated asset objects reloaded before import = 0Number of asset objects unloaded after import = 0

========================================================================
Received Import Request.
  Time since last request: 0.000015 seconds.
  path: Assets/Scripts/MineGameMemory.cs
  artifactKey: Guid(6a8a30b205ca73c4eb11977105ef85ff) Importer(815301076,1909f56bfc062723c751e8b465ee728b)
Start importing Assets/Scripts/MineGameMemory.cs using Guid(6a8a30b205ca73c4eb11977105ef85ff) Importer(815301076,1909f56bfc062723c751e8b465ee728b) (PreviewImporter) -> (artifact id: '00000000000000000000000000000000') in 0.0005906 seconds
Import Error Code:(4)
Message: Build asset version error: assets/scripts/minegamememory.cs in SourceAssetDB has modification time of '2026-05-30T23:06:50.9232584Z' while content on disk has modification time of '2026-05-30T23:06:52.7498911Z'
  ERROR: Build asset version error: assets/scripts/minegamememory.cs in SourceAssetDB has modification time of '2026-05-30T23:06:50.9232584Z' while content on disk has modification time of '2026-05-30T23:06:52.7498911Z'
Number of updated asset objects reloaded before import = 0Number of asset objects unloaded after import = 0

========================================================================
Received Import Request.
  Time since last request: 0.000021 seconds.
  path: Assets/Scripts/MineGameMemory.cs
  artifactKey: Guid(6a8a30b205ca73c4eb11977105ef85ff) Importer(815301076,1909f56bfc062723c751e8b465ee728b)
Start importing Assets/Scripts/MineGameMemory.cs using Guid(6a8a30b205ca73c4eb11977105ef85ff) Importer(815301076,1909f56bfc062723c751e8b465ee728b) (PreviewImporter) -> (artifact id: '00000000000000000000000000000000') in 0.0006632 seconds
Import Error Code:(4)
Message: Build asset version error: assets/scripts/minegamememory.cs in SourceAssetDB has modification time of '2026-05-30T23:06:50.9232584Z' while content on disk has modification time of '2026-05-30T23:06:52.7498911Z'
  ERROR: Build asset version error: assets/scripts/minegamememory.cs in SourceAssetDB has modification time of '2026-05-30T23:06:50.9232584Z' while content on disk has modification time of '2026-05-30T23:06:52.7498911Z'
Number of updated asset objects reloaded before import = 0Number of asset objects unloaded after import = 0

========================================================================
Received Import Request.
  Time since last request: 0.000037 seconds.
  path: Assets/Scripts/MineGameMemory.cs
  artifactKey: Guid(6a8a30b205ca73c4eb11977105ef85ff) Importer(815301076,1909f56bfc062723c751e8b465ee728b)
Start importing Assets/Scripts/MineGameMemory.cs using Guid(6a8a30b205ca73c4eb11977105ef85ff) Importer(815301076,1909f56bfc062723c751e8b465ee728b) (PreviewImporter) -> (artifact id: '00000000000000000000000000000000') in 0.0007251 seconds
Import Error Code:(4)
Message: Build asset version error: assets/scripts/minegamememory.cs in SourceAssetDB has modification time of '2026-05-30T23:06:50.9232584Z' while content on disk has modification time of '2026-05-30T23:06:52.7498911Z'
  ERROR: Build asset version error: assets/scripts/minegamememory.cs in SourceAssetDB has modification time of '2026-05-30T23:06:50.9232584Z' while content on disk has modification time of '2026-05-30T23:06:52.7498911Z'
Number of updated asset objects reloaded before import = 0Number of asset objects unloaded after import = 0

========================================================================
Received Import Request.
  Time since last request: 0.000019 seconds.
  path: Assets/Scripts/MineGameMemory.cs
  artifactKey: Guid(6a8a30b205ca73c4eb11977105ef85ff) Importer(815301076,1909f56bfc062723c751e8b465ee728b)
Start importing Assets/Scripts/MineGameMemory.cs using Guid(6a8a30b205ca73c4eb11977105ef85ff) Importer(815301076,1909f56bfc062723c751e8b465ee728b) (PreviewImporter) -> (artifact id: '00000000000000000000000000000000') in 0.0006936 seconds
Import Error Code:(4)
Message: Build asset version error: assets/scripts/minegamememory.cs in SourceAssetDB has modification time of '2026-05-30T23:06:50.9232584Z' while content on disk has modification time of '2026-05-30T23:06:52.7498911Z'
  ERROR: Build asset version error: assets/scripts/minegamememory.cs in SourceAssetDB has modification time of '2026-05-30T23:06:50.9232584Z' while content on disk has modification time of '2026-05-30T23:06:52.7498911Z'
Number of updated asset objects reloaded before import = 0Number of asset objects unloaded after import = 0

========================================================================
Received Import Request.
  Time since last request: 0.000031 seconds.
  path: Assets/Scripts/MineGameMemory.cs
  artifactKey: Guid(6a8a30b205ca73c4eb11977105ef85ff) Importer(815301076,1909f56bfc062723c751e8b465ee728b)
Start importing Assets/Scripts/MineGameMemory.cs using Guid(6a8a30b205ca73c4eb11977105ef85ff) Importer(815301076,1909f56bfc062723c751e8b465ee728b) (PreviewImporter) -> (artifact id: '00000000000000000000000000000000') in 0.0007793 seconds
Import Error Code:(4)
Message: Build asset version error: assets/scripts/minegamememory.cs in SourceAssetDB has modification time of '2026-05-30T23:06:50.9232584Z' while content on disk has modification time of '2026-05-30T23:06:52.7498911Z'
  ERROR: Build asset version error: assets/scripts/minegamememory.cs in SourceAssetDB has modification time of '2026-05-30T23:06:50.9232584Z' while content on disk has modification time of '2026-05-30T23:06:52.7498911Z'
Number of updated asset objects reloaded before import = 0Number of asset objects unloaded after import = 0

========================================================================
Received Import Request.
  Time since last request: 0.000018 seconds.
  path: Assets/Scripts/MineGameMemory.cs
  artifactKey: Guid(6a8a30b205ca73c4eb11977105ef85ff) Importer(815301076,1909f56bfc062723c751e8b465ee728b)
Start importing Assets/Scripts/MineGameMemory.cs using Guid(6a8a30b205ca73c4eb11977105ef85ff) Importer(815301076,1909f56bfc062723c751e8b465ee728b) (PreviewImporter) -> (artifact id: '00000000000000000000000000000000') in 0.0007454 seconds
Import Error Code:(4)
Message: Build asset version error: assets/scripts/minegamememory.cs in SourceAssetDB has modification time of '2026-05-30T23:06:50.9232584Z' while content on disk has modification time of '2026-05-30T23:06:52.7498911Z'
  ERROR: Build asset version error: assets/scripts/minegamememory.cs in SourceAssetDB has modification time of '2026-05-30T23:06:50.9232584Z' while content on disk has modification time of '2026-05-30T23:06:52.7498911Z'
Number of updated asset objects reloaded before import = 0Number of asset objects unloaded after import = 0

========================================================================
Received Import Request.
  Time since last request: 0.000026 seconds.
  path: Assets/Scripts/MineGameMemory.cs
  artifactKey: Guid(6a8a30b205ca73c4eb11977105ef85ff) Importer(815301076,1909f56bfc062723c751e8b465ee728b)
Start importing Assets/Scripts/MineGameMemory.cs using Guid(6a8a30b205ca73c4eb11977105ef85ff) Importer(815301076,1909f56bfc062723c751e8b465ee728b) (PreviewImporter) -> (artifact id: '00000000000000000000000000000000') in 0.0007394 seconds
Import Error Code:(4)
Message: Build asset version error: assets/scripts/minegamememory.cs in SourceAssetDB has modification time of '2026-05-30T23:06:50.9232584Z' while content on disk has modification time of '2026-05-30T23:06:52.7498911Z'
  ERROR: Build asset version error: assets/scripts/minegamememory.cs in SourceAssetDB has modification time of '2026-05-30T23:06:50.9232584Z' while content on disk has modification time of '2026-05-30T23:06:52.7498911Z'
Number of updated asset objects reloaded before import = 0Number of asset objects unloaded after import = 0

========================================================================
Received Import Request.
  Time since last request: 0.000036 seconds.
  path: Assets/Scripts/MineGameMemory.cs
  artifactKey: Guid(6a8a30b205ca73c4eb11977105ef85ff) Importer(815301076,1909f56bfc062723c751e8b465ee728b)
Start importing Assets/Scripts/MineGameMemory.cs using Guid(6a8a30b205ca73c4eb11977105ef85ff) Importer(815301076,1909f56bfc062723c751e8b465ee728b) (PreviewImporter) -> (artifact id: '00000000000000000000000000000000') in 0.0006588 seconds
Import Error Code:(4)
Message: Build asset version error: assets/scripts/minegamememory.cs in SourceAssetDB has modification time of '2026-05-30T23:06:50.9232584Z' while content on disk has modification time of '2026-05-30T23:06:52.7498911Z'
  ERROR: Build asset version error: assets/scripts/minegamememory.cs in SourceAssetDB has modification time of '2026-05-30T23:06:50.9232584Z' while content on disk has modification time of '2026-05-30T23:06:52.7498911Z'
Number of updated asset objects reloaded before import = 0Number of asset objects unloaded after import = 0

========================================================================
Received Import Request.
  Time since last request: 0.000021 seconds.
  path: Assets/Scripts/MineGameMemory.cs
  artifactKey: Guid(6a8a30b205ca73c4eb11977105ef85ff) Importer(815301076,1909f56bfc062723c751e8b465ee728b)
Start importing Assets/Scripts/MineGameMemory.cs using Guid(6a8a30b205ca73c4eb11977105ef85ff) Importer(815301076,1909f56bfc062723c751e8b465ee728b) (PreviewImporter) -> (artifact id: '00000000000000000000000000000000') in 0.0007274 seconds
Import Error Code:(4)
Message: Build asset version error: assets/scripts/minegamememory.cs in SourceAssetDB has modification time of '2026-05-30T23:06:50.9232584Z' while content on disk has modification time of '2026-05-30T23:06:52.7498911Z'
  ERROR: Build asset version error: assets/scripts/minegamememory.cs in SourceAssetDB has modification time of '2026-05-30T23:06:50.9232584Z' while content on disk has modification time of '2026-05-30T23:06:52.7498911Z'
Number of updated asset objects reloaded before import = 0Number of asset objects unloaded after import = 0

========================================================================
Received Import Request.
  Time since last request: 0.000027 seconds.
  path: Assets/Scripts/MineGameMemory.cs
  artifactKey: Guid(6a8a30b205ca73c4eb11977105ef85ff) Importer(815301076,1909f56bfc062723c751e8b465ee728b)
Start importing Assets/Scripts/MineGameMemory.cs using Guid(6a8a30b205ca73c4eb11977105ef85ff) Importer(815301076,1909f56bfc062723c751e8b465ee728b) (PreviewImporter) -> (artifact id: '00000000000000000000000000000000') in 0.0007457 seconds
Import Error Code:(4)
Message: Build asset version error: assets/scripts/minegamememory.cs in SourceAssetDB has modification time of '2026-05-30T23:06:50.9232584Z' while content on disk has modification time of '2026-05-30T23:06:52.7498911Z'
  ERROR: Build asset version error: assets/scripts/minegamememory.cs in SourceAssetDB has modification time of '2026-05-30T23:06:50.9232584Z' while content on disk has modification time of '2026-05-30T23:06:52.7498911Z'
Number of updated asset objects reloaded before import = 0Number of asset objects unloaded after import = 0

========================================================================
Received Import Request.
  Time since last request: 0.000015 seconds.
  path: Assets/Scripts/MineGameMemory.cs
  artifactKey: Guid(6a8a30b205ca73c4eb11977105ef85ff) Importer(815301076,1909f56bfc062723c751e8b465ee728b)
Start importing Assets/Scripts/MineGameMemory.cs using Guid(6a8a30b205ca73c4eb11977105ef85ff) Importer(815301076,1909f56bfc062723c751e8b465ee728b) (PreviewImporter) -> (artifact id: '00000000000000000000000000000000') in 0.0007032 seconds
Import Error Code:(4)
Message: Build asset version error: assets/scripts/minegamememory.cs in SourceAssetDB has modification time of '2026-05-30T23:06:50.9232584Z' while content on disk has modification time of '2026-05-30T23:06:52.7498911Z'
  ERROR: Build asset version error: assets/scripts/minegamememory.cs in SourceAssetDB has modification time of '2026-05-30T23:06:50.9232584Z' while content on disk has modification time of '2026-05-30T23:06:52.7498911Z'
Number of updated asset objects reloaded before import = 0Number of asset objects unloaded after import = 0

========================================================================
Received Import Request.
  Time since last request: 0.000020 seconds.
  path: Assets/Scripts/MineGameMemory.cs
  artifactKey: Guid(6a8a30b205ca73c4eb11977105ef85ff) Importer(815301076,1909f56bfc062723c751e8b465ee728b)
Start importing Assets/Scripts/MineGameMemory.cs using Guid(6a8a30b205ca73c4eb11977105ef85ff) Importer(815301076,1909f56bfc062723c751e8b465ee728b) (PreviewImporter) -> (artifact id: '00000000000000000000000000000000') in 0.000698 seconds
Import Error Code:(4)
Message: Build asset version error: assets/scripts/minegamememory.cs in SourceAssetDB has modification time of '2026-05-30T23:06:50.9232584Z' while content on disk has modification time of '2026-05-30T23:06:52.7498911Z'
  ERROR: Build asset version error: assets/scripts/minegamememory.cs in SourceAssetDB has modification time of '2026-05-30T23:06:50.9232584Z' while content on disk has modification time of '2026-05-30T23:06:52.7498911Z'
Number of updated asset objects reloaded before import = 0Number of asset objects unloaded after import = 0

========================================================================
Received Import Request.
  Time since last request: 0.000030 seconds.
  path: Assets/Scripts/MineGameMemory.cs
  artifactKey: Guid(6a8a30b205ca73c4eb11977105ef85ff) Importer(815301076,1909f56bfc062723c751e8b465ee728b)
Start importing Assets/Scripts/MineGameMemory.cs using Guid(6a8a30b205ca73c4eb11977105ef85ff) Importer(815301076,1909f56bfc062723c751e8b465ee728b) (PreviewImporter) -> (artifact id: '00000000000000000000000000000000') in 0.0006467 seconds
Import Error Code:(4)
Message: Build asset version error: assets/scripts/minegamememory.cs in SourceAssetDB has modification time of '2026-05-30T23:06:50.9232584Z' while content on disk has modification time of '2026-05-30T23:06:52.7498911Z'
  ERROR: Build asset version error: assets/scripts/minegamememory.cs in SourceAssetDB has modification time of '2026-05-30T23:06:50.9232584Z' while content on disk has modification time of '2026-05-30T23:06:52.7498911Z'
Number of updated asset objects reloaded before import = 0Number of asset objects unloaded after import = 0

========================================================================
Received Import Request.
  Time since last request: 0.000023 seconds.
  path: Assets/Scripts/MineGameMemory.cs
  artifactKey: Guid(6a8a30b205ca73c4eb11977105ef85ff) Importer(815301076,1909f56bfc062723c751e8b465ee728b)
Start importing Assets/Scripts/MineGameMemory.cs using Guid(6a8a30b205ca73c4eb11977105ef85ff) Importer(815301076,1909f56bfc062723c751e8b465ee728b) (PreviewImporter) -> (artifact id: '00000000000000000000000000000000') in 0.0009081 seconds
Import Error Code:(4)
Message: Build asset version error: assets/scripts/minegamememory.cs in SourceAssetDB has modification time of '2026-05-30T23:06:50.9232584Z' while content on disk has modification time of '2026-05-30T23:06:52.7498911Z'
  ERROR: Build asset version error: assets/scripts/minegamememory.cs in SourceAssetDB has modification time of '2026-05-30T23:06:50.9232584Z' while content on disk has modification time of '2026-05-30T23:06:52.7498911Z'
Number of updated asset objects reloaded before import = 0Number of asset objects unloaded after import = 0

========================================================================
Received Import Request.
  Time since last request: 0.000016 seconds.
  path: Assets/Scripts/MineGameMemory.cs
  artifactKey: Guid(6a8a30b205ca73c4eb11977105ef85ff) Importer(815301076,1909f56bfc062723c751e8b465ee728b)
Start importing Assets/Scripts/MineGameMemory.cs using Guid(6a8a30b205ca73c4eb11977105ef85ff) Importer(815301076,1909f56bfc062723c751e8b465ee728b) (PreviewImporter) -> (artifact id: '00000000000000000000000000000000') in 0.00068 seconds
Import Error Code:(4)
Message: Build asset version error: assets/scripts/minegamememory.cs in SourceAssetDB has modification time of '2026-05-30T23:06:50.9232584Z' while content on disk has modification time of '2026-05-30T23:06:52.7498911Z'
  ERROR: Build asset version error: assets/scripts/minegamememory.cs in SourceAssetDB has modification time of '2026-05-30T23:06:50.9232584Z' while content on disk has modification time of '2026-05-30T23:06:52.7498911Z'
Number of updated asset objects reloaded before import = 0Number of asset objects unloaded after import = 0

========================================================================
Received Import Request.
  Time since last request: 0.000017 seconds.
  path: Assets/Scripts/MineGameMemory.cs
  artifactKey: Guid(6a8a30b205ca73c4eb11977105ef85ff) Importer(815301076,1909f56bfc062723c751e8b465ee728b)
Start importing Assets/Scripts/MineGameMemory.cs using Guid(6a8a30b205ca73c4eb11977105ef85ff) Importer(815301076,1909f56bfc062723c751e8b465ee728b) (PreviewImporter) -> (artifact id: '00000000000000000000000000000000') in 0.000718 seconds
Import Error Code:(4)
Message: Build asset version error: assets/scripts/minegamememory.cs in SourceAssetDB has modification time of '2026-05-30T23:06:50.9232584Z' while content on disk has modification time of '2026-05-30T23:06:52.7498911Z'
  ERROR: Build asset version error: assets/scripts/minegamememory.cs in SourceAssetDB has modification time of '2026-05-30T23:06:50.9232584Z' while content on disk has modification time of '2026-05-30T23:06:52.7498911Z'
Number of updated asset objects reloaded before import = 0Number of asset objects unloaded after import = 0

========================================================================
Received Import Request.
  Time since last request: 0.000024 seconds.
  path: Assets/Scripts/MineGameMemory.cs
  artifactKey: Guid(6a8a30b205ca73c4eb11977105ef85ff) Importer(815301076,1909f56bfc062723c751e8b465ee728b)
Start importing Assets/Scripts/MineGameMemory.cs using Guid(6a8a30b205ca73c4eb11977105ef85ff) Importer(815301076,1909f56bfc062723c751e8b465ee728b) (PreviewImporter) -> (artifact id: '00000000000000000000000000000000') in 0.0006526 seconds
Import Error Code:(4)
Message: Build asset version error: assets/scripts/minegamememory.cs in SourceAssetDB has modification time of '2026-05-30T23:06:50.9232584Z' while content on disk has modification time of '2026-05-30T23:06:52.7498911Z'
  ERROR: Build asset version error: assets/scripts/minegamememory.cs in SourceAssetDB has modification time of '2026-05-30T23:06:50.9232584Z' while content on disk has modification time of '2026-05-30T23:06:52.7498911Z'
Number of updated asset objects reloaded before import = 0Number of asset objects unloaded after import = 0

========================================================================
Received Import Request.
  Time since last request: 0.000029 seconds.
  path: Assets/Scripts/MineGameMemory.cs
  artifactKey: Guid(6a8a30b205ca73c4eb11977105ef85ff) Importer(815301076,1909f56bfc062723c751e8b465ee728b)
Start importing Assets/Scripts/MineGameMemory.cs using Guid(6a8a30b205ca73c4eb11977105ef85ff) Importer(815301076,1909f56bfc062723c751e8b465ee728b) (PreviewImporter) -> (artifact id: '00000000000000000000000000000000') in 0.0006643 seconds
Import Error Code:(4)
Message: Build asset version error: assets/scripts/minegamememory.cs in SourceAssetDB has modification time of '2026-05-30T23:06:50.9232584Z' while content on disk has modification time of '2026-05-30T23:06:52.7498911Z'
  ERROR: Build asset version error: assets/scripts/minegamememory.cs in SourceAssetDB has modification time of '2026-05-30T23:06:50.9232584Z' while content on disk has modification time of '2026-05-30T23:06:52.7498911Z'
Number of updated asset objects reloaded before import = 0Number of asset objects unloaded after import = 0

========================================================================
Received Import Request.
  Time since last request: 0.000016 seconds.
  path: Assets/Scripts/MineGameMemory.cs
  artifactKey: Guid(6a8a30b205ca73c4eb11977105ef85ff) Importer(815301076,1909f56bfc062723c751e8b465ee728b)
Start importing Assets/Scripts/MineGameMemory.cs using Guid(6a8a30b205ca73c4eb11977105ef85ff) Importer(815301076,1909f56bfc062723c751e8b465ee728b) (PreviewImporter) -> (artifact id: '00000000000000000000000000000000') in 0.0008291 seconds
Import Error Code:(4)
Message: Build asset version error: assets/scripts/minegamememory.cs in SourceAssetDB has modification time of '2026-05-30T23:06:50.9232584Z' while content on disk has modification time of '2026-05-30T23:06:52.7498911Z'
  ERROR: Build asset version error: assets/scripts/minegamememory.cs in SourceAssetDB has modification time of '2026-05-30T23:06:50.9232584Z' while content on disk has modification time of '2026-05-30T23:06:52.7498911Z'
Number of updated asset objects reloaded before import = 0Number of asset objects unloaded after import = 0

========================================================================
Received Import Request.
  Time since last request: 0.000022 seconds.
  path: Assets/Scripts/MineGameMemory.cs
  artifactKey: Guid(6a8a30b205ca73c4eb11977105ef85ff) Importer(815301076,1909f56bfc062723c751e8b465ee728b)
Start importing Assets/Scripts/MineGameMemory.cs using Guid(6a8a30b205ca73c4eb11977105ef85ff) Importer(815301076,1909f56bfc062723c751e8b465ee728b) (PreviewImporter) -> (artifact id: '00000000000000000000000000000000') in 0.0006582 seconds
Import Error Code:(4)
Message: Build asset version error: assets/scripts/minegamememory.cs in SourceAssetDB has modification time of '2026-05-30T23:06:50.9232584Z' while content on disk has modification time of '2026-05-30T23:06:52.7498911Z'
  ERROR: Build asset version error: assets/scripts/minegamememory.cs in SourceAssetDB has modification time of '2026-05-30T23:06:50.9232584Z' while content on disk has modification time of '2026-05-30T23:06:52.7498911Z'
Number of updated asset objects reloaded before import = 0Number of asset objects unloaded after import = 0

========================================================================
Received Import Request.
  Time since last request: 0.000016 seconds.
  path: Assets/Scripts/MineGameMemory.cs
  artifactKey: Guid(6a8a30b205ca73c4eb11977105ef85ff) Importer(815301076,1909f56bfc062723c751e8b465ee728b)
Start importing Assets/Scripts/MineGameMemory.cs using Guid(6a8a30b205ca73c4eb11977105ef85ff) Importer(815301076,1909f56bfc062723c751e8b465ee728b) (PreviewImporter) -> (artifact id: '00000000000000000000000000000000') in 0.0005901 seconds
Import Error Code:(4)
Message: Build asset version error: assets/scripts/minegamememory.cs in SourceAssetDB has modification time of '2026-05-30T23:06:50.9232584Z' while content on disk has modification time of '2026-05-30T23:06:52.7498911Z'
  ERROR: Build asset version error: assets/scripts/minegamememory.cs in SourceAssetDB has modification time of '2026-05-30T23:06:50.9232584Z' while content on disk has modification time of '2026-05-30T23:06:52.7498911Z'
Number of updated asset objects reloaded before import = 0Number of asset objects unloaded after import = 0

========================================================================
Received Import Request.
  Time since last request: 0.000018 seconds.
  path: Assets/Scripts/MineGameMemory.cs
  artifactKey: Guid(6a8a30b205ca73c4eb11977105ef85ff) Importer(815301076,1909f56bfc062723c751e8b465ee728b)
Start importing Assets/Scripts/MineGameMemory.cs using Guid(6a8a30b205ca73c4eb11977105ef85ff) Importer(815301076,1909f56bfc062723c751e8b465ee728b) (PreviewImporter) -> (artifact id: '00000000000000000000000000000000') in 0.000728 seconds
Import Error Code:(4)
Message: Build asset version error: assets/scripts/minegamememory.cs in SourceAssetDB has modification time of '2026-05-30T23:06:50.9232584Z' while content on disk has modification time of '2026-05-30T23:06:52.7498911Z'
  ERROR: Build asset version error: assets/scripts/minegamememory.cs in SourceAssetDB has modification time of '2026-05-30T23:06:50.9232584Z' while content on disk has modification time of '2026-05-30T23:06:52.7498911Z'
Number of updated asset objects reloaded before import = 0Number of asset objects unloaded after import = 0

========================================================================
Received Import Request.
  Time since last request: 0.000027 seconds.
  path: Assets/Scripts/MineGameMemory.cs
  artifactKey: Guid(6a8a30b205ca73c4eb11977105ef85ff) Importer(815301076,1909f56bfc062723c751e8b465ee728b)
Start importing Assets/Scripts/MineGameMemory.cs using Guid(6a8a30b205ca73c4eb11977105ef85ff) Importer(815301076,1909f56bfc062723c751e8b465ee728b) (PreviewImporter) -> (artifact id: '00000000000000000000000000000000') in 0.0006249 seconds
Import Error Code:(4)
Message: Build asset version error: assets/scripts/minegamememory.cs in SourceAssetDB has modification time of '2026-05-30T23:06:50.9232584Z' while content on disk has modification time of '2026-05-30T23:06:52.7498911Z'
  ERROR: Build asset version error: assets/scripts/minegamememory.cs in SourceAssetDB has modification time of '2026-05-30T23:06:50.9232584Z' while content on disk has modification time of '2026-05-30T23:06:52.7498911Z'
Number of updated asset objects reloaded before import = 0Number of asset objects unloaded after import = 0

========================================================================
Received Import Request.
  Time since last request: 0.000019 seconds.
  path: Assets/Scripts/MineGameMemory.cs
  artifactKey: Guid(6a8a30b205ca73c4eb11977105ef85ff) Importer(815301076,1909f56bfc062723c751e8b465ee728b)
Start importing Assets/Scripts/MineGameMemory.cs using Guid(6a8a30b205ca73c4eb11977105ef85ff) Importer(815301076,1909f56bfc062723c751e8b465ee728b) (PreviewImporter) -> (artifact id: '00000000000000000000000000000000') in 0.000615 seconds
Import Error Code:(4)
Message: Build asset version error: assets/scripts/minegamememory.cs in SourceAssetDB has modification time of '2026-05-30T23:06:50.9232584Z' while content on disk has modification time of '2026-05-30T23:06:52.7498911Z'
  ERROR: Build asset version error: assets/scripts/minegamememory.cs in SourceAssetDB has modification time of '2026-05-30T23:06:50.9232584Z' while content on disk has modification time of '2026-05-30T23:06:52.7498911Z'
Number of updated asset objects reloaded before import = 0Number of asset objects unloaded after import = 0

========================================================================
Received Import Request.
  Time since last request: 0.000021 seconds.
  path: Assets/Scripts/MineGameMemory.cs
  artifactKey: Guid(6a8a30b205ca73c4eb11977105ef85ff) Importer(815301076,1909f56bfc062723c751e8b465ee728b)
Start importing Assets/Scripts/MineGameMemory.cs using Guid(6a8a30b205ca73c4eb11977105ef85ff) Importer(815301076,1909f56bfc062723c751e8b465ee728b) (PreviewImporter) -> (artifact id: '00000000000000000000000000000000') in 0.0007161 seconds
Import Error Code:(4)
Message: Build asset version error: assets/scripts/minegamememory.cs in SourceAssetDB has modification time of '2026-05-30T23:06:50.9232584Z' while content on disk has modification time of '2026-05-30T23:06:52.7498911Z'
  ERROR: Build asset version error: assets/scripts/minegamememory.cs in SourceAssetDB has modification time of '2026-05-30T23:06:50.9232584Z' while content on disk has modification time of '2026-05-30T23:06:52.7498911Z'
Number of updated asset objects reloaded before import = 0Number of asset objects unloaded after import = 0

========================================================================
Received Import Request.
  Time since last request: 0.000034 seconds.
  path: Assets/Scripts/MineGameMemory.cs
  artifactKey: Guid(6a8a30b205ca73c4eb11977105ef85ff) Importer(815301076,1909f56bfc062723c751e8b465ee728b)
Start importing Assets/Scripts/MineGameMemory.cs using Guid(6a8a30b205ca73c4eb11977105ef85ff) Importer(815301076,1909f56bfc062723c751e8b465ee728b) (PreviewImporter) -> (artifact id: '00000000000000000000000000000000') in 0.0007332 seconds
Import Error Code:(4)
Message: Build asset version error: assets/scripts/minegamememory.cs in SourceAssetDB has modification time of '2026-05-30T23:06:50.9232584Z' while content on disk has modification time of '2026-05-30T23:06:52.7498911Z'
  ERROR: Build asset version error: assets/scripts/minegamememory.cs in SourceAssetDB has modification time of '2026-05-30T23:06:50.9232584Z' while content on disk has modification time of '2026-05-30T23:06:52.7498911Z'
Number of updated asset objects reloaded before import = 0Number of asset objects unloaded after import = 0

========================================================================
Received Import Request.
  Time since last request: 0.000021 seconds.
  path: Assets/Scripts/MineGameMemory.cs
  artifactKey: Guid(6a8a30b205ca73c4eb11977105ef85ff) Importer(815301076,1909f56bfc062723c751e8b465ee728b)
Start importing Assets/Scripts/MineGameMemory.cs using Guid(6a8a30b205ca73c4eb11977105ef85ff) Importer(815301076,1909f56bfc062723c751e8b465ee728b) (PreviewImporter) -> (artifact id: '00000000000000000000000000000000') in 0.0005806 seconds
Import Error Code:(4)
Message: Build asset version error: assets/scripts/minegamememory.cs in SourceAssetDB has modification time of '2026-05-30T23:06:50.9232584Z' while content on disk has modification time of '2026-05-30T23:06:52.7498911Z'
  ERROR: Build asset version error: assets/scripts/minegamememory.cs in SourceAssetDB has modification time of '2026-05-30T23:06:50.9232584Z' while content on disk has modification time of '2026-05-30T23:06:52.7498911Z'
Number of updated asset objects reloaded before import = 0Number of asset objects unloaded after import = 0

========================================================================
Received Import Request.
  Time since last request: 0.000032 seconds.
  path: Assets/Scripts/MineGameMemory.cs
  artifactKey: Guid(6a8a30b205ca73c4eb11977105ef85ff) Importer(815301076,1909f56bfc062723c751e8b465ee728b)
Start importing Assets/Scripts/MineGameMemory.cs using Guid(6a8a30b205ca73c4eb11977105ef85ff) Importer(815301076,1909f56bfc062723c751e8b465ee728b) (PreviewImporter) -> (artifact id: '00000000000000000000000000000000') in 0.0007272 seconds
Import Error Code:(4)
Message: Build asset version error: assets/scripts/minegamememory.cs in SourceAssetDB has modification time of '2026-05-30T23:06:50.9232584Z' while content on disk has modification time of '2026-05-30T23:06:52.7498911Z'
  ERROR: Build asset version error: assets/scripts/minegamememory.cs in SourceAssetDB has modification time of '2026-05-30T23:06:50.9232584Z' while content on disk has modification time of '2026-05-30T23:06:52.7498911Z'
Number of updated asset objects reloaded before import = 0Number of asset objects unloaded after import = 0

========================================================================
Received Import Request.
  Time since last request: 0.000016 seconds.
  path: Assets/Scripts/MineGameMemory.cs
  artifactKey: Guid(6a8a30b205ca73c4eb11977105ef85ff) Importer(815301076,1909f56bfc062723c751e8b465ee728b)
Start importing Assets/Scripts/MineGameMemory.cs using Guid(6a8a30b205ca73c4eb11977105ef85ff) Importer(815301076,1909f56bfc062723c751e8b465ee728b) (PreviewImporter) -> (artifact id: '00000000000000000000000000000000') in 0.0007292 seconds
Import Error Code:(4)
Message: Build asset version error: assets/scripts/minegamememory.cs in SourceAssetDB has modification time of '2026-05-30T23:06:50.9232584Z' while content on disk has modification time of '2026-05-30T23:06:52.7498911Z'
  ERROR: Build asset version error: assets/scripts/minegamememory.cs in SourceAssetDB has modification time of '2026-05-30T23:06:50.9232584Z' while content on disk has modification time of '2026-05-30T23:06:52.7498911Z'
Number of updated asset objects reloaded before import = 0Number of asset objects unloaded after import = 0

========================================================================
Received Import Request.
  Time since last request: 0.000019 seconds.
  path: Assets/Scripts/MineGameMemory.cs
  artifactKey: Guid(6a8a30b205ca73c4eb11977105ef85ff) Importer(815301076,1909f56bfc062723c751e8b465ee728b)
Start importing Assets/Scripts/MineGameMemory.cs using Guid(6a8a30b205ca73c4eb11977105ef85ff) Importer(815301076,1909f56bfc062723c751e8b465ee728b) (PreviewImporter) -> (artifact id: '00000000000000000000000000000000') in 0.0005896 seconds
Import Error Code:(4)
Message: Build asset version error: assets/scripts/minegamememory.cs in SourceAssetDB has modification time of '2026-05-30T23:06:50.9232584Z' while content on disk has modification time of '2026-05-30T23:06:52.7498911Z'
  ERROR: Build asset version error: assets/scripts/minegamememory.cs in SourceAssetDB has modification time of '2026-05-30T23:06:50.9232584Z' while content on disk has modification time of '2026-05-30T23:06:52.7498911Z'
Number of updated asset objects reloaded before import = 0Number of asset objects unloaded after import = 0

========================================================================
Received Import Request.
  Time since last request: 0.000018 seconds.
  path: Assets/Scripts/MineGameMemory.cs
  artifactKey: Guid(6a8a30b205ca73c4eb11977105ef85ff) Importer(815301076,1909f56bfc062723c751e8b465ee728b)
Start importing Assets/Scripts/MineGameMemory.cs using Guid(6a8a30b205ca73c4eb11977105ef85ff) Importer(815301076,1909f56bfc062723c751e8b465ee728b) (PreviewImporter) -> (artifact id: '00000000000000000000000000000000') in 0.0006744 seconds
Import Error Code:(4)
Message: Build asset version error: assets/scripts/minegamememory.cs in SourceAssetDB has modification time of '2026-05-30T23:06:50.9232584Z' while content on disk has modification time of '2026-05-30T23:06:52.7498911Z'
  ERROR: Build asset version error: assets/scripts/minegamememory.cs in SourceAssetDB has modification time of '2026-05-30T23:06:50.9232584Z' while content on disk has modification time of '2026-05-30T23:06:52.7498911Z'
Number of updated asset objects reloaded before import = 0Number of asset objects unloaded after import = 0

========================================================================
Received Import Request.
  Time since last request: 0.000020 seconds.
  path: Assets/Scripts/MineGameMemory.cs
  artifactKey: Guid(6a8a30b205ca73c4eb11977105ef85ff) Importer(815301076,1909f56bfc062723c751e8b465ee728b)
Start importing Assets/Scripts/MineGameMemory.cs using Guid(6a8a30b205ca73c4eb11977105ef85ff) Importer(815301076,1909f56bfc062723c751e8b465ee728b) (PreviewImporter) -> (artifact id: '00000000000000000000000000000000') in 0.000708 seconds
Import Error Code:(4)
Message: Build asset version error: assets/scripts/minegamememory.cs in SourceAssetDB has modification time of '2026-05-30T23:06:50.9232584Z' while content on disk has modification time of '2026-05-30T23:06:52.7498911Z'
  ERROR: Build asset version error: assets/scripts/minegamememory.cs in SourceAssetDB has modification time of '2026-05-30T23:06:50.9232584Z' while content on disk has modification time of '2026-05-30T23:06:52.7498911Z'
Number of updated asset objects reloaded before import = 0Number of asset objects unloaded after import = 0

========================================================================
Received Import Request.
  Time since last request: 0.000039 seconds.
  path: Assets/Scripts/MineGameMemory.cs
  artifactKey: Guid(6a8a30b205ca73c4eb11977105ef85ff) Importer(815301076,1909f56bfc062723c751e8b465ee728b)
Start importing Assets/Scripts/MineGameMemory.cs using Guid(6a8a30b205ca73c4eb11977105ef85ff) Importer(815301076,1909f56bfc062723c751e8b465ee728b) (PreviewImporter) -> (artifact id: '00000000000000000000000000000000') in 0.0007975 seconds
Import Error Code:(4)
Message: Build asset version error: assets/scripts/minegamememory.cs in SourceAssetDB has modification time of '2026-05-30T23:06:50.9232584Z' while content on disk has modification time of '2026-05-30T23:06:52.7498911Z'
  ERROR: Build asset version error: assets/scripts/minegamememory.cs in SourceAssetDB has modification time of '2026-05-30T23:06:50.9232584Z' while content on disk has modification time of '2026-05-30T23:06:52.7498911Z'
Number of updated asset objects reloaded before import = 0Number of asset objects unloaded after import = 0

========================================================================
Received Import Request.
  Time since last request: 0.000022 seconds.
  path: Assets/Scripts/MineGameMemory.cs
  artifactKey: Guid(6a8a30b205ca73c4eb11977105ef85ff) Importer(815301076,1909f56bfc062723c751e8b465ee728b)
Start importing Assets/Scripts/MineGameMemory.cs using Guid(6a8a30b205ca73c4eb11977105ef85ff) Importer(815301076,1909f56bfc062723c751e8b465ee728b) (PreviewImporter) -> (artifact id: '00000000000000000000000000000000') in 0.0006847 seconds
Import Error Code:(4)
Message: Build asset version error: assets/scripts/minegamememory.cs in SourceAssetDB has modification time of '2026-05-30T23:06:50.9232584Z' while content on disk has modification time of '2026-05-30T23:06:52.7498911Z'
  ERROR: Build asset version error: assets/scripts/minegamememory.cs in SourceAssetDB has modification time of '2026-05-30T23:06:50.9232584Z' while content on disk has modification time of '2026-05-30T23:06:52.7498911Z'
Number of updated asset objects reloaded before import = 0Number of asset objects unloaded after import = 0

========================================================================
Received Import Request.
  Time since last request: 0.000021 seconds.
  path: Assets/Scripts/MineGameMemory.cs
  artifactKey: Guid(6a8a30b205ca73c4eb11977105ef85ff) Importer(815301076,1909f56bfc062723c751e8b465ee728b)
Start importing Assets/Scripts/MineGameMemory.cs using Guid(6a8a30b205ca73c4eb11977105ef85ff) Importer(815301076,1909f56bfc062723c751e8b465ee728b) (PreviewImporter) -> (artifact id: '00000000000000000000000000000000') in 0.0006987 seconds
Import Error Code:(4)
Message: Build asset version error: assets/scripts/minegamememory.cs in SourceAssetDB has modification time of '2026-05-30T23:06:50.9232584Z' while content on disk has modification time of '2026-05-30T23:06:52.7498911Z'
  ERROR: Build asset version error: assets/scripts/minegamememory.cs in SourceAssetDB has modification time of '2026-05-30T23:06:50.9232584Z' while content on disk has modification time of '2026-05-30T23:06:52.7498911Z'
Number of updated asset objects reloaded before import = 0Number of asset objects unloaded after import = 0

========================================================================
Received Import Request.
  Time since last request: 0.000017 seconds.
  path: Assets/Scripts/MineGameMemory.cs
  artifactKey: Guid(6a8a30b205ca73c4eb11977105ef85ff) Importer(815301076,1909f56bfc062723c751e8b465ee728b)
Start importing Assets/Scripts/MineGameMemory.cs using Guid(6a8a30b205ca73c4eb11977105ef85ff) Importer(815301076,1909f56bfc062723c751e8b465ee728b) (PreviewImporter) -> (artifact id: '00000000000000000000000000000000') in 0.0007671 seconds
Import Error Code:(4)
Message: Build asset version error: assets/scripts/minegamememory.cs in SourceAssetDB has modification time of '2026-05-30T23:06:50.9232584Z' while content on disk has modification time of '2026-05-30T23:06:52.7498911Z'
  ERROR: Build asset version error: assets/scripts/minegamememory.cs in SourceAssetDB has modification time of '2026-05-30T23:06:50.9232584Z' while content on disk has modification time of '2026-05-30T23:06:52.7498911Z'
Number of updated asset objects reloaded before import = 0Number of asset objects unloaded after import = 0

========================================================================
Received Import Request.
  Time since last request: 0.000021 seconds.
  path: Assets/Scripts/MineGameMemory.cs
  artifactKey: Guid(6a8a30b205ca73c4eb11977105ef85ff) Importer(815301076,1909f56bfc062723c751e8b465ee728b)
Start importing Assets/Scripts/MineGameMemory.cs using Guid(6a8a30b205ca73c4eb11977105ef85ff) Importer(815301076,1909f56bfc062723c751e8b465ee728b) (PreviewImporter) -> (artifact id: '00000000000000000000000000000000') in 0.0007197 seconds
Import Error Code:(4)
Message: Build asset version error: assets/scripts/minegamememory.cs in SourceAssetDB has modification time of '2026-05-30T23:06:50.9232584Z' while content on disk has modification time of '2026-05-30T23:06:52.7498911Z'
  ERROR: Build asset version error: assets/scripts/minegamememory.cs in SourceAssetDB has modification time of '2026-05-30T23:06:50.9232584Z' while content on disk has modification time of '2026-05-30T23:06:52.7498911Z'
Number of updated asset objects reloaded before import = 0Number of asset objects unloaded after import = 0

========================================================================
Received Import Request.
  Time since last request: 0.000034 seconds.
  path: Assets/Scripts/MineGameMemory.cs
  artifactKey: Guid(6a8a30b205ca73c4eb11977105ef85ff) Importer(815301076,1909f56bfc062723c751e8b465ee728b)
Start importing Assets/Scripts/MineGameMemory.cs using Guid(6a8a30b205ca73c4eb11977105ef85ff) Importer(815301076,1909f56bfc062723c751e8b465ee728b) (PreviewImporter) -> (artifact id: '00000000000000000000000000000000') in 0.0008016 seconds
Import Error Code:(4)
Message: Build asset version error: assets/scripts/minegamememory.cs in SourceAssetDB has modification time of '2026-05-30T23:06:50.9232584Z' while content on disk has modification time of '2026-05-30T23:06:52.7498911Z'
  ERROR: Build asset version error: assets/scripts/minegamememory.cs in SourceAssetDB has modification time of '2026-05-30T23:06:50.9232584Z' while content on disk has modification time of '2026-05-30T23:06:52.7498911Z'
Number of updated asset objects reloaded before import = 0Number of asset objects unloaded after import = 0

========================================================================
Received Import Request.
  Time since last request: 0.000021 seconds.
  path: Assets/Scripts/MineGameMemory.cs
  artifactKey: Guid(6a8a30b205ca73c4eb11977105ef85ff) Importer(815301076,1909f56bfc062723c751e8b465ee728b)
Start importing Assets/Scripts/MineGameMemory.cs using Guid(6a8a30b205ca73c4eb11977105ef85ff) Importer(815301076,1909f56bfc062723c751e8b465ee728b) (PreviewImporter) -> (artifact id: '00000000000000000000000000000000') in 0.0008105 seconds
Import Error Code:(4)
Message: Build asset version error: assets/scripts/minegamememory.cs in SourceAssetDB has modification time of '2026-05-30T23:06:50.9232584Z' while content on disk has modification time of '2026-05-30T23:06:52.7498911Z'
  ERROR: Build asset version error: assets/scripts/minegamememory.cs in SourceAssetDB has modification time of '2026-05-30T23:06:50.9232584Z' while content on disk has modification time of '2026-05-30T23:06:52.7498911Z'
Number of updated asset objects reloaded before import = 0Number of asset objects unloaded after import = 0

========================================================================
Received Import Request.
  Time since last request: 0.000017 seconds.
  path: Assets/Scripts/MineGameMemory.cs
  artifactKey: Guid(6a8a30b205ca73c4eb11977105ef85ff) Importer(815301076,1909f56bfc062723c751e8b465ee728b)
Start importing Assets/Scripts/MineGameMemory.cs using Guid(6a8a30b205ca73c4eb11977105ef85ff) Importer(815301076,1909f56bfc062723c751e8b465ee728b) (PreviewImporter) -> (artifact id: '00000000000000000000000000000000') in 0.0007312 seconds
Import Error Code:(4)
Message: Build asset version error: assets/scripts/minegamememory.cs in SourceAssetDB has modification time of '2026-05-30T23:06:50.9232584Z' while content on disk has modification time of '2026-05-30T23:06:52.7498911Z'
  ERROR: Build asset version error: assets/scripts/minegamememory.cs in SourceAssetDB has modification time of '2026-05-30T23:06:50.9232584Z' while content on disk has modification time of '2026-05-30T23:06:52.7498911Z'
Number of updated asset objects reloaded before import = 0Number of asset objects unloaded after import = 0

========================================================================
Received Import Request.
  Time since last request: 0.000017 seconds.
  path: Assets/Scripts/MineGameMemory.cs
  artifactKey: Guid(6a8a30b205ca73c4eb11977105ef85ff) Importer(815301076,1909f56bfc062723c751e8b465ee728b)
Start importing Assets/Scripts/MineGameMemory.cs using Guid(6a8a30b205ca73c4eb11977105ef85ff) Importer(815301076,1909f56bfc062723c751e8b465ee728b) (PreviewImporter) -> (artifact id: '00000000000000000000000000000000') in 0.000719 seconds
Import Error Code:(4)
Message: Build asset version error: assets/scripts/minegamememory.cs in SourceAssetDB has modification time of '2026-05-30T23:06:50.9232584Z' while content on disk has modification time of '2026-05-30T23:06:52.7498911Z'
  ERROR: Build asset version error: assets/scripts/minegamememory.cs in SourceAssetDB has modification time of '2026-05-30T23:06:50.9232584Z' while content on disk has modification time of '2026-05-30T23:06:52.7498911Z'
Number of updated asset objects reloaded before import = 0Number of asset objects unloaded after import = 0

========================================================================
Received Import Request.
  Time since last request: 0.000021 seconds.
  path: Assets/Scripts/MineGameMemory.cs
  artifactKey: Guid(6a8a30b205ca73c4eb11977105ef85ff) Importer(815301076,1909f56bfc062723c751e8b465ee728b)
Start importing Assets/Scripts/MineGameMemory.cs using Guid(6a8a30b205ca73c4eb11977105ef85ff) Importer(815301076,1909f56bfc062723c751e8b465ee728b) (PreviewImporter) -> (artifact id: '00000000000000000000000000000000') in 0.0006855 seconds
Import Error Code:(4)
Message: Build asset version error: assets/scripts/minegamememory.cs in SourceAssetDB has modification time of '2026-05-30T23:06:50.9232584Z' while content on disk has modification time of '2026-05-30T23:06:52.7498911Z'
  ERROR: Build asset version error: assets/scripts/minegamememory.cs in SourceAssetDB has modification time of '2026-05-30T23:06:50.9232584Z' while content on disk has modification time of '2026-05-30T23:06:52.7498911Z'
Number of updated asset objects reloaded before import = 0Number of asset objects unloaded after import = 0

========================================================================
Received Import Request.
  Time since last request: 0.000035 seconds.
  path: Assets/Scripts/MineGameMemory.cs
  artifactKey: Guid(6a8a30b205ca73c4eb11977105ef85ff) Importer(815301076,1909f56bfc062723c751e8b465ee728b)
Start importing Assets/Scripts/MineGameMemory.cs using Guid(6a8a30b205ca73c4eb11977105ef85ff) Importer(815301076,1909f56bfc062723c751e8b465ee728b) (PreviewImporter) -> (artifact id: '00000000000000000000000000000000') in 0.0012629 seconds
Import Error Code:(4)
Message: Build asset version error: assets/scripts/minegamememory.cs in SourceAssetDB has modification time of '2026-05-30T23:06:50.9232584Z' while content on disk has modification time of '2026-05-30T23:06:52.7498911Z'
  ERROR: Build asset version error: assets/scripts/minegamememory.cs in SourceAssetDB has modification time of '2026-05-30T23:06:50.9232584Z' while content on disk has modification time of '2026-05-30T23:06:52.7498911Z'
Number of updated asset objects reloaded before import = 0Number of asset objects unloaded after import = 0

========================================================================
Received Import Request.
  Time since last request: 0.000021 seconds.
  path: Assets/Scripts/MineGameMemory.cs
  artifactKey: Guid(6a8a30b205ca73c4eb11977105ef85ff) Importer(815301076,1909f56bfc062723c751e8b465ee728b)
Start importing Assets/Scripts/MineGameMemory.cs using Guid(6a8a30b205ca73c4eb11977105ef85ff) Importer(815301076,1909f56bfc062723c751e8b465ee728b) (PreviewImporter) -> (artifact id: '00000000000000000000000000000000') in 0.0008311 seconds
Import Error Code:(4)
Message: Build asset version error: assets/scripts/minegamememory.cs in SourceAssetDB has modification time of '2026-05-30T23:06:50.9232584Z' while content on disk has modification time of '2026-05-30T23:06:52.7498911Z'
  ERROR: Build asset version error: assets/scripts/minegamememory.cs in SourceAssetDB has modification time of '2026-05-30T23:06:50.9232584Z' while content on disk has modification time of '2026-05-30T23:06:52.7498911Z'
Number of updated asset objects reloaded before import = 0Number of asset objects unloaded after import = 0

========================================================================
Received Import Request.
  Time since last request: 0.000017 seconds.
  path: Assets/Scripts/MineGameMemory.cs
  artifactKey: Guid(6a8a30b205ca73c4eb11977105ef85ff) Importer(815301076,1909f56bfc062723c751e8b465ee728b)
Start importing Assets/Scripts/MineGameMemory.cs using Guid(6a8a30b205ca73c4eb11977105ef85ff) Importer(815301076,1909f56bfc062723c751e8b465ee728b) (PreviewImporter) -> (artifact id: '00000000000000000000000000000000') in 0.0006515 seconds
Import Error Code:(4)
Message: Build asset version error: assets/scripts/minegamememory.cs in SourceAssetDB has modification time of '2026-05-30T23:06:50.9232584Z' while content on disk has modification time of '2026-05-30T23:06:52.7498911Z'
  ERROR: Build asset version error: assets/scripts/minegamememory.cs in SourceAssetDB has modification time of '2026-05-30T23:06:50.9232584Z' while content on disk has modification time of '2026-05-30T23:06:52.7498911Z'
Number of updated asset objects reloaded before import = 0Number of asset objects unloaded after import = 0

========================================================================
Received Import Request.
  Time since last request: 0.000019 seconds.
  path: Assets/Scripts/MineGameMemory.cs
  artifactKey: Guid(6a8a30b205ca73c4eb11977105ef85ff) Importer(815301076,1909f56bfc062723c751e8b465ee728b)
Start importing Assets/Scripts/MineGameMemory.cs using Guid(6a8a30b205ca73c4eb11977105ef85ff) Importer(815301076,1909f56bfc062723c751e8b465ee728b) (PreviewImporter) -> (artifact id: '00000000000000000000000000000000') in 0.0006007 seconds
Import Error Code:(4)
Message: Build asset version error: assets/scripts/minegamememory.cs in SourceAssetDB has modification time of '2026-05-30T23:06:50.9232584Z' while content on disk has modification time of '2026-05-30T23:06:52.7498911Z'
  ERROR: Build asset version error: assets/scripts/minegamememory.cs in SourceAssetDB has modification time of '2026-05-30T23:06:50.9232584Z' while content on disk has modification time of '2026-05-30T23:06:52.7498911Z'
Number of updated asset objects reloaded before import = 0Number of asset objects unloaded after import = 0

========================================================================
Received Import Request.
  Time since last request: 0.000022 seconds.
  path: Assets/Scripts/MineGameMemory.cs
  artifactKey: Guid(6a8a30b205ca73c4eb11977105ef85ff) Importer(815301076,1909f56bfc062723c751e8b465ee728b)
Start importing Assets/Scripts/MineGameMemory.cs using Guid(6a8a30b205ca73c4eb11977105ef85ff) Importer(815301076,1909f56bfc062723c751e8b465ee728b) (PreviewImporter) -> (artifact id: '00000000000000000000000000000000') in 0.0007581 seconds
Import Error Code:(4)
Message: Build asset version error: assets/scripts/minegamememory.cs in SourceAssetDB has modification time of '2026-05-30T23:06:50.9232584Z' while content on disk has modification time of '2026-05-30T23:06:52.7498911Z'
  ERROR: Build asset version error: assets/scripts/minegamememory.cs in SourceAssetDB has modification time of '2026-05-30T23:06:50.9232584Z' while content on disk has modification time of '2026-05-30T23:06:52.7498911Z'
Number of updated asset objects reloaded before import = 0Number of asset objects unloaded after import = 0

========================================================================
Received Import Request.
  Time since last request: 0.000031 seconds.
  path: Assets/Scripts/MineGameMemory.cs
  artifactKey: Guid(6a8a30b205ca73c4eb11977105ef85ff) Importer(815301076,1909f56bfc062723c751e8b465ee728b)
Start importing Assets/Scripts/MineGameMemory.cs using Guid(6a8a30b205ca73c4eb11977105ef85ff) Importer(815301076,1909f56bfc062723c751e8b465ee728b) (PreviewImporter) -> (artifact id: '00000000000000000000000000000000') in 0.0008082 seconds
Import Error Code:(4)
Message: Build asset version error: assets/scripts/minegamememory.cs in SourceAssetDB has modification time of '2026-05-30T23:06:50.9232584Z' while content on disk has modification time of '2026-05-30T23:06:52.7498911Z'
  ERROR: Build asset version error: assets/scripts/minegamememory.cs in SourceAssetDB has modification time of '2026-05-30T23:06:50.9232584Z' while content on disk has modification time of '2026-05-30T23:06:52.7498911Z'
Number of updated asset objects reloaded before import = 0Number of asset objects unloaded after import = 0

========================================================================
Received Import Request.
  Time since last request: 0.000021 seconds.
  path: Assets/Scripts/MineGameMemory.cs
  artifactKey: Guid(6a8a30b205ca73c4eb11977105ef85ff) Importer(815301076,1909f56bfc062723c751e8b465ee728b)
Start importing Assets/Scripts/MineGameMemory.cs using Guid(6a8a30b205ca73c4eb11977105ef85ff) Importer(815301076,1909f56bfc062723c751e8b465ee728b) (PreviewImporter) -> (artifact id: '00000000000000000000000000000000') in 0.000792 seconds
Import Error Code:(4)
Message: Build asset version error: assets/scripts/minegamememory.cs in SourceAssetDB has modification time of '2026-05-30T23:06:50.9232584Z' while content on disk has modification time of '2026-05-30T23:06:52.7498911Z'
  ERROR: Build asset version error: assets/scripts/minegamememory.cs in SourceAssetDB has modification time of '2026-05-30T23:06:50.9232584Z' while content on disk has modification time of '2026-05-30T23:06:52.7498911Z'
Number of updated asset objects reloaded before import = 0Number of asset objects unloaded after import = 0

========================================================================
Received Import Request.
  Time since last request: 0.000017 seconds.
  path: Assets/Scripts/MineGameMemory.cs
  artifactKey: Guid(6a8a30b205ca73c4eb11977105ef85ff) Importer(815301076,1909f56bfc062723c751e8b465ee728b)
Start importing Assets/Scripts/MineGameMemory.cs using Guid(6a8a30b205ca73c4eb11977105ef85ff) Importer(815301076,1909f56bfc062723c751e8b465ee728b) (PreviewImporter) -> (artifact id: '00000000000000000000000000000000') in 0.0006691 seconds
Import Error Code:(4)
Message: Build asset version error: assets/scripts/minegamememory.cs in SourceAssetDB has modification time of '2026-05-30T23:06:50.9232584Z' while content on disk has modification time of '2026-05-30T23:06:52.7498911Z'
  ERROR: Build asset version error: assets/scripts/minegamememory.cs in SourceAssetDB has modification time of '2026-05-30T23:06:50.9232584Z' while content on disk has modification time of '2026-05-30T23:06:52.7498911Z'
Number of updated asset objects reloaded before import = 0Number of asset objects unloaded after import = 0

========================================================================
Received Import Request.
  Time since last request: 0.000023 seconds.
  path: Assets/Scripts/MineGameMemory.cs
  artifactKey: Guid(6a8a30b205ca73c4eb11977105ef85ff) Importer(815301076,1909f56bfc062723c751e8b465ee728b)
Start importing Assets/Scripts/MineGameMemory.cs using Guid(6a8a30b205ca73c4eb11977105ef85ff) Importer(815301076,1909f56bfc062723c751e8b465ee728b) (PreviewImporter) -> (artifact id: '00000000000000000000000000000000') in 0.0007924 seconds
Import Error Code:(4)
Message: Build asset version error: assets/scripts/minegamememory.cs in SourceAssetDB has modification time of '2026-05-30T23:06:50.9232584Z' while content on disk has modification time of '2026-05-30T23:06:52.7498911Z'
  ERROR: Build asset version error: assets/scripts/minegamememory.cs in SourceAssetDB has modification time of '2026-05-30T23:06:50.9232584Z' while content on disk has modification time of '2026-05-30T23:06:52.7498911Z'
Number of updated asset objects reloaded before import = 0Number of asset objects unloaded after import = 0

========================================================================
Received Import Request.
  Time since last request: 0.000024 seconds.
  path: Assets/Scripts/MineGameMemory.cs
  artifactKey: Guid(6a8a30b205ca73c4eb11977105ef85ff) Importer(815301076,1909f56bfc062723c751e8b465ee728b)
Start importing Assets/Scripts/MineGameMemory.cs using Guid(6a8a30b205ca73c4eb11977105ef85ff) Importer(815301076,1909f56bfc062723c751e8b465ee728b) (PreviewImporter) -> (artifact id: '00000000000000000000000000000000') in 0.0006993 seconds
Import Error Code:(4)
Message: Build asset version error: assets/scripts/minegamememory.cs in SourceAssetDB has modification time of '2026-05-30T23:06:50.9232584Z' while content on disk has modification time of '2026-05-30T23:06:52.7498911Z'
  ERROR: Build asset version error: assets/scripts/minegamememory.cs in SourceAssetDB has modification time of '2026-05-30T23:06:50.9232584Z' while content on disk has modification time of '2026-05-30T23:06:52.7498911Z'
Number of updated asset objects reloaded before import = 0Number of asset objects unloaded after import = 0

========================================================================
Received Import Request.
  Time since last request: 0.000031 seconds.
  path: Assets/Scripts/MineGameMemory.cs
  artifactKey: Guid(6a8a30b205ca73c4eb11977105ef85ff) Importer(815301076,1909f56bfc062723c751e8b465ee728b)
Start importing Assets/Scripts/MineGameMemory.cs using Guid(6a8a30b205ca73c4eb11977105ef85ff) Importer(815301076,1909f56bfc062723c751e8b465ee728b) (PreviewImporter) -> (artifact id: '00000000000000000000000000000000') in 0.0007246 seconds
Import Error Code:(4)
Message: Build asset version error: assets/scripts/minegamememory.cs in SourceAssetDB has modification time of '2026-05-30T23:06:50.9232584Z' while content on disk has modification time of '2026-05-30T23:06:52.7498911Z'
  ERROR: Build asset version error: assets/scripts/minegamememory.cs in SourceAssetDB has modification time of '2026-05-30T23:06:50.9232584Z' while content on disk has modification time of '2026-05-30T23:06:52.7498911Z'
Number of updated asset objects reloaded before import = 0Number of asset objects unloaded after import = 0

========================================================================
Received Import Request.
  Time since last request: 0.000015 seconds.
  path: Assets/Scripts/MineGameMemory.cs
  artifactKey: Guid(6a8a30b205ca73c4eb11977105ef85ff) Importer(815301076,1909f56bfc062723c751e8b465ee728b)
Start importing Assets/Scripts/MineGameMemory.cs using Guid(6a8a30b205ca73c4eb11977105ef85ff) Importer(815301076,1909f56bfc062723c751e8b465ee728b) (PreviewImporter) -> (artifact id: '00000000000000000000000000000000') in 0.0006389 seconds
Import Error Code:(4)
Message: Build asset version error: assets/scripts/minegamememory.cs in SourceAssetDB has modification time of '2026-05-30T23:06:50.9232584Z' while content on disk has modification time of '2026-05-30T23:06:52.7498911Z'
  ERROR: Build asset version error: assets/scripts/minegamememory.cs in SourceAssetDB has modification time of '2026-05-30T23:06:50.9232584Z' while content on disk has modification time of '2026-05-30T23:06:52.7498911Z'
Number of updated asset objects reloaded before import = 0Number of asset objects unloaded after import = 0

========================================================================
Received Import Request.
  Time since last request: 0.000016 seconds.
  path: Assets/Scripts/MineGameMemory.cs
  artifactKey: Guid(6a8a30b205ca73c4eb11977105ef85ff) Importer(815301076,1909f56bfc062723c751e8b465ee728b)
Start importing Assets/Scripts/MineGameMemory.cs using Guid(6a8a30b205ca73c4eb11977105ef85ff) Importer(815301076,1909f56bfc062723c751e8b465ee728b) (PreviewImporter) -> (artifact id: '00000000000000000000000000000000') in 0.000656 seconds
Import Error Code:(4)
Message: Build asset version error: assets/scripts/minegamememory.cs in SourceAssetDB has modification time of '2026-05-30T23:06:50.9232584Z' while content on disk has modification time of '2026-05-30T23:06:52.7498911Z'
  ERROR: Build asset version error: assets/scripts/minegamememory.cs in SourceAssetDB has modification time of '2026-05-30T23:06:50.9232584Z' while content on disk has modification time of '2026-05-30T23:06:52.7498911Z'
Number of updated asset objects reloaded before import = 0Number of asset objects unloaded after import = 0

========================================================================
Received Import Request.
  Time since last request: 0.000016 seconds.
  path: Assets/Scripts/MineGameMemory.cs
  artifactKey: Guid(6a8a30b205ca73c4eb11977105ef85ff) Importer(815301076,1909f56bfc062723c751e8b465ee728b)
Start importing Assets/Scripts/MineGameMemory.cs using Guid(6a8a30b205ca73c4eb11977105ef85ff) Importer(815301076,1909f56bfc062723c751e8b465ee728b) (PreviewImporter) -> (artifact id: '00000000000000000000000000000000') in 0.0005853 seconds
Import Error Code:(4)
Message: Build asset version error: assets/scripts/minegamememory.cs in SourceAssetDB has modification time of '2026-05-30T23:06:50.9232584Z' while content on disk has modification time of '2026-05-30T23:06:52.7498911Z'
  ERROR: Build asset version error: assets/scripts/minegamememory.cs in SourceAssetDB has modification time of '2026-05-30T23:06:50.9232584Z' while content on disk has modification time of '2026-05-30T23:06:52.7498911Z'
Number of updated asset objects reloaded before import = 0Number of asset objects unloaded after import = 0

========================================================================
Received Import Request.
  Time since last request: 0.000027 seconds.
  path: Assets/Scripts/MineGameMemory.cs
  artifactKey: Guid(6a8a30b205ca73c4eb11977105ef85ff) Importer(815301076,1909f56bfc062723c751e8b465ee728b)
Start importing Assets/Scripts/MineGameMemory.cs using Guid(6a8a30b205ca73c4eb11977105ef85ff) Importer(815301076,1909f56bfc062723c751e8b465ee728b) (PreviewImporter) -> (artifact id: '00000000000000000000000000000000') in 0.0006475 seconds
Import Error Code:(4)
Message: Build asset version error: assets/scripts/minegamememory.cs in SourceAssetDB has modification time of '2026-05-30T23:06:50.9232584Z' while content on disk has modification time of '2026-05-30T23:06:52.7498911Z'
  ERROR: Build asset version error: assets/scripts/minegamememory.cs in SourceAssetDB has modification time of '2026-05-30T23:06:50.9232584Z' while content on disk has modification time of '2026-05-30T23:06:52.7498911Z'
Number of updated asset objects reloaded before import = 0Number of asset objects unloaded after import = 0

========================================================================
Received Import Request.
  Time since last request: 0.000033 seconds.
  path: Assets/Scripts/MineGameMemory.cs
  artifactKey: Guid(6a8a30b205ca73c4eb11977105ef85ff) Importer(815301076,1909f56bfc062723c751e8b465ee728b)
Start importing Assets/Scripts/MineGameMemory.cs using Guid(6a8a30b205ca73c4eb11977105ef85ff) Importer(815301076,1909f56bfc062723c751e8b465ee728b) (PreviewImporter) -> (artifact id: '00000000000000000000000000000000') in 0.0008645 seconds
Import Error Code:(4)
Message: Build asset version error: assets/scripts/minegamememory.cs in SourceAssetDB has modification time of '2026-05-30T23:06:50.9232584Z' while content on disk has modification time of '2026-05-30T23:06:52.7498911Z'
  ERROR: Build asset version error: assets/scripts/minegamememory.cs in SourceAssetDB has modification time of '2026-05-30T23:06:50.9232584Z' while content on disk has modification time of '2026-05-30T23:06:52.7498911Z'
Number of updated asset objects reloaded before import = 0Number of asset objects unloaded after import = 0

========================================================================
Received Import Request.
  Time since last request: 0.000017 seconds.
  path: Assets/Scripts/MineGameMemory.cs
  artifactKey: Guid(6a8a30b205ca73c4eb11977105ef85ff) Importer(815301076,1909f56bfc062723c751e8b465ee728b)
Start importing Assets/Scripts/MineGameMemory.cs using Guid(6a8a30b205ca73c4eb11977105ef85ff) Importer(815301076,1909f56bfc062723c751e8b465ee728b) (PreviewImporter) -> (artifact id: '00000000000000000000000000000000') in 0.0007677 seconds
Import Error Code:(4)
Message: Build asset version error: assets/scripts/minegamememory.cs in SourceAssetDB has modification time of '2026-05-30T23:06:50.9232584Z' while content on disk has modification time of '2026-05-30T23:06:52.7498911Z'
  ERROR: Build asset version error: assets/scripts/minegamememory.cs in SourceAssetDB has modification time of '2026-05-30T23:06:50.9232584Z' while content on disk has modification time of '2026-05-30T23:06:52.7498911Z'
Number of updated asset objects reloaded before import = 0Number of asset objects unloaded after import = 0

========================================================================
Received Import Request.
  Time since last request: 0.000021 seconds.
  path: Assets/Scripts/MineGameMemory.cs
  artifactKey: Guid(6a8a30b205ca73c4eb11977105ef85ff) Importer(815301076,1909f56bfc062723c751e8b465ee728b)
Start importing Assets/Scripts/MineGameMemory.cs using Guid(6a8a30b205ca73c4eb11977105ef85ff) Importer(815301076,1909f56bfc062723c751e8b465ee728b) (PreviewImporter) -> (artifact id: '00000000000000000000000000000000') in 0.0010006 seconds
Import Error Code:(4)
Message: Build asset version error: assets/scripts/minegamememory.cs in SourceAssetDB has modification time of '2026-05-30T23:06:50.9232584Z' while content on disk has modification time of '2026-05-30T23:06:52.7498911Z'
  ERROR: Build asset version error: assets/scripts/minegamememory.cs in SourceAssetDB has modification time of '2026-05-30T23:06:50.9232584Z' while content on disk has modification time of '2026-05-30T23:06:52.7498911Z'
Number of updated asset objects reloaded before import = 0Number of asset objects unloaded after import = 0

========================================================================
Received Import Request.
  Time since last request: 0.000027 seconds.
  path: Assets/Scripts/MineGameMemory.cs
  artifactKey: Guid(6a8a30b205ca73c4eb11977105ef85ff) Importer(815301076,1909f56bfc062723c751e8b465ee728b)
Start importing Assets/Scripts/MineGameMemory.cs using Guid(6a8a30b205ca73c4eb11977105ef85ff) Importer(815301076,1909f56bfc062723c751e8b465ee728b) (PreviewImporter) -> (artifact id: '00000000000000000000000000000000') in 0.0006011 seconds
Import Error Code:(4)
Message: Build asset version error: assets/scripts/minegamememory.cs in SourceAssetDB has modification time of '2026-05-30T23:06:50.9232584Z' while content on disk has modification time of '2026-05-30T23:06:52.7498911Z'
  ERROR: Build asset version error: assets/scripts/minegamememory.cs in SourceAssetDB has modification time of '2026-05-30T23:06:50.9232584Z' while content on disk has modification time of '2026-05-30T23:06:52.7498911Z'
Number of updated asset objects reloaded before import = 0Number of asset objects unloaded after import = 0

========================================================================
Received Import Request.
  Time since last request: 0.000022 seconds.
  path: Assets/Scripts/MineGameMemory.cs
  artifactKey: Guid(6a8a30b205ca73c4eb11977105ef85ff) Importer(815301076,1909f56bfc062723c751e8b465ee728b)
Start importing Assets/Scripts/MineGameMemory.cs using Guid(6a8a30b205ca73c4eb11977105ef85ff) Importer(815301076,1909f56bfc062723c751e8b465ee728b) (PreviewImporter) -> (artifact id: '00000000000000000000000000000000') in 0.0008087 seconds
Import Error Code:(4)
Message: Build asset version error: assets/scripts/minegamememory.cs in SourceAssetDB has modification time of '2026-05-30T23:06:50.9232584Z' while content on disk has modification time of '2026-05-30T23:06:52.7498911Z'
  ERROR: Build asset version error: assets/scripts/minegamememory.cs in SourceAssetDB has modification time of '2026-05-30T23:06:50.9232584Z' while content on disk has modification time of '2026-05-30T23:06:52.7498911Z'
Number of updated asset objects reloaded before import = 0Number of asset objects unloaded after import = 0

========================================================================
Received Import Request.
  Time since last request: 0.000034 seconds.
  path: Assets/Scripts/MineGameMemory.cs
  artifactKey: Guid(6a8a30b205ca73c4eb11977105ef85ff) Importer(815301076,1909f56bfc062723c751e8b465ee728b)
Start importing Assets/Scripts/MineGameMemory.cs using Guid(6a8a30b205ca73c4eb11977105ef85ff) Importer(815301076,1909f56bfc062723c751e8b465ee728b) (PreviewImporter) -> (artifact id: '00000000000000000000000000000000') in 0.0006581 seconds
Import Error Code:(4)
Message: Build asset version error: assets/scripts/minegamememory.cs in SourceAssetDB has modification time of '2026-05-30T23:06:50.9232584Z' while content on disk has modification time of '2026-05-30T23:06:52.7498911Z'
  ERROR: Build asset version error: assets/scripts/minegamememory.cs in SourceAssetDB has modification time of '2026-05-30T23:06:50.9232584Z' while content on disk has modification time of '2026-05-30T23:06:52.7498911Z'
Number of updated asset objects reloaded before import = 0Number of asset objects unloaded after import = 0

========================================================================
Received Import Request.
  Time since last request: 0.000021 seconds.
  path: Assets/Scripts/MineGameMemory.cs
  artifactKey: Guid(6a8a30b205ca73c4eb11977105ef85ff) Importer(815301076,1909f56bfc062723c751e8b465ee728b)
Start importing Assets/Scripts/MineGameMemory.cs using Guid(6a8a30b205ca73c4eb11977105ef85ff) Importer(815301076,1909f56bfc062723c751e8b465ee728b) (PreviewImporter) -> (artifact id: '00000000000000000000000000000000') in 0.0006086 seconds
Import Error Code:(4)
Message: Build asset version error: assets/scripts/minegamememory.cs in SourceAssetDB has modification time of '2026-05-30T23:06:50.9232584Z' while content on disk has modification time of '2026-05-30T23:06:52.7498911Z'
  ERROR: Build asset version error: assets/scripts/minegamememory.cs in SourceAssetDB has modification time of '2026-05-30T23:06:50.9232584Z' while content on disk has modification time of '2026-05-30T23:06:52.7498911Z'
Number of updated asset objects reloaded before import = 0Number of asset objects unloaded after import = 0

========================================================================
Received Import Request.
  Time since last request: 0.000021 seconds.
  path: Assets/Scripts/MineGameMemory.cs
  artifactKey: Guid(6a8a30b205ca73c4eb11977105ef85ff) Importer(815301076,1909f56bfc062723c751e8b465ee728b)
Start importing Assets/Scripts/MineGameMemory.cs using Guid(6a8a30b205ca73c4eb11977105ef85ff) Importer(815301076,1909f56bfc062723c751e8b465ee728b) (PreviewImporter) -> (artifact id: '00000000000000000000000000000000') in 0.0007418 seconds
Import Error Code:(4)
Message: Build asset version error: assets/scripts/minegamememory.cs in SourceAssetDB has modification time of '2026-05-30T23:06:50.9232584Z' while content on disk has modification time of '2026-05-30T23:06:52.7498911Z'
  ERROR: Build asset version error: assets/scripts/minegamememory.cs in SourceAssetDB has modification time of '2026-05-30T23:06:50.9232584Z' while content on disk has modification time of '2026-05-30T23:06:52.7498911Z'
Number of updated asset objects reloaded before import = 0Number of asset objects unloaded after import = 0

========================================================================
Received Import Request.
  Time since last request: 0.000020 seconds.
  path: Assets/Scripts/MineGameMemory.cs
  artifactKey: Guid(6a8a30b205ca73c4eb11977105ef85ff) Importer(815301076,1909f56bfc062723c751e8b465ee728b)
Start importing Assets/Scripts/MineGameMemory.cs using Guid(6a8a30b205ca73c4eb11977105ef85ff) Importer(815301076,1909f56bfc062723c751e8b465ee728b) (PreviewImporter) -> (artifact id: '00000000000000000000000000000000') in 0.0006807 seconds
Import Error Code:(4)
Message: Build asset version error: assets/scripts/minegamememory.cs in SourceAssetDB has modification time of '2026-05-30T23:06:50.9232584Z' while content on disk has modification time of '2026-05-30T23:06:52.7498911Z'
  ERROR: Build asset version error: assets/scripts/minegamememory.cs in SourceAssetDB has modification time of '2026-05-30T23:06:50.9232584Z' while content on disk has modification time of '2026-05-30T23:06:52.7498911Z'
Number of updated asset objects reloaded before import = 0Number of asset objects unloaded after import = 0

========================================================================
Received Import Request.
  Time since last request: 0.000023 seconds.
  path: Assets/Scripts/MineGameMemory.cs
  artifactKey: Guid(6a8a30b205ca73c4eb11977105ef85ff) Importer(815301076,1909f56bfc062723c751e8b465ee728b)
Start importing Assets/Scripts/MineGameMemory.cs using Guid(6a8a30b205ca73c4eb11977105ef85ff) Importer(815301076,1909f56bfc062723c751e8b465ee728b) (PreviewImporter) -> (artifact id: '00000000000000000000000000000000') in 0.0005975 seconds
Import Error Code:(4)
Message: Build asset version error: assets/scripts/minegamememory.cs in SourceAssetDB has modification time of '2026-05-30T23:06:50.9232584Z' while content on disk has modification time of '2026-05-30T23:06:52.7498911Z'
  ERROR: Build asset version error: assets/scripts/minegamememory.cs in SourceAssetDB has modification time of '2026-05-30T23:06:50.9232584Z' while content on disk has modification time of '2026-05-30T23:06:52.7498911Z'
Number of updated asset objects reloaded before import = 0Number of asset objects unloaded after import = 0

========================================================================
Received Import Request.
  Time since last request: 0.000025 seconds.
  path: Assets/Scripts/MineGameMemory.cs
  artifactKey: Guid(6a8a30b205ca73c4eb11977105ef85ff) Importer(815301076,1909f56bfc062723c751e8b465ee728b)
Start importing Assets/Scripts/MineGameMemory.cs using Guid(6a8a30b205ca73c4eb11977105ef85ff) Importer(815301076,1909f56bfc062723c751e8b465ee728b) (PreviewImporter) -> (artifact id: '00000000000000000000000000000000') in 0.0005844 seconds
Import Error Code:(4)
Message: Build asset version error: assets/scripts/minegamememory.cs in SourceAssetDB has modification time of '2026-05-30T23:06:50.9232584Z' while content on disk has modification time of '2026-05-30T23:06:52.7498911Z'
  ERROR: Build asset version error: assets/scripts/minegamememory.cs in SourceAssetDB has modification time of '2026-05-30T23:06:50.9232584Z' while content on disk has modification time of '2026-05-30T23:06:52.7498911Z'
Number of updated asset objects reloaded before import = 0Number of asset objects unloaded after import = 0

========================================================================
Received Import Request.
  Time since last request: 0.000019 seconds.
  path: Assets/Scripts/MineGameMemory.cs
  artifactKey: Guid(6a8a30b205ca73c4eb11977105ef85ff) Importer(815301076,1909f56bfc062723c751e8b465ee728b)
Start importing Assets/Scripts/MineGameMemory.cs using Guid(6a8a30b205ca73c4eb11977105ef85ff) Importer(815301076,1909f56bfc062723c751e8b465ee728b) (PreviewImporter) -> (artifact id: '00000000000000000000000000000000') in 0.0006279 seconds
Import Error Code:(4)
Message: Build asset version error: assets/scripts/minegamememory.cs in SourceAssetDB has modification time of '2026-05-30T23:06:50.9232584Z' while content on disk has modification time of '2026-05-30T23:06:52.7498911Z'
  ERROR: Build asset version error: assets/scripts/minegamememory.cs in SourceAssetDB has modification time of '2026-05-30T23:06:50.9232584Z' while content on disk has modification time of '2026-05-30T23:06:52.7498911Z'
Number of updated asset objects reloaded before import = 0Number of asset objects unloaded after import = 0

========================================================================
Received Import Request.
  Time since last request: 0.000018 seconds.
  path: Assets/Scripts/MineGameMemory.cs
  artifactKey: Guid(6a8a30b205ca73c4eb11977105ef85ff) Importer(815301076,1909f56bfc062723c751e8b465ee728b)
Start importing Assets/Scripts/MineGameMemory.cs using Guid(6a8a30b205ca73c4eb11977105ef85ff) Importer(815301076,1909f56bfc062723c751e8b465ee728b) (PreviewImporter) -> (artifact id: '00000000000000000000000000000000') in 0.0007308 seconds
Import Error Code:(4)
Message: Build asset version error: assets/scripts/minegamememory.cs in SourceAssetDB has modification time of '2026-05-30T23:06:50.9232584Z' while content on disk has modification time of '2026-05-30T23:06:52.7498911Z'
  ERROR: Build asset version error: assets/scripts/minegamememory.cs in SourceAssetDB has modification time of '2026-05-30T23:06:50.9232584Z' while content on disk has modification time of '2026-05-30T23:06:52.7498911Z'
Number of updated asset objects reloaded before import = 0Number of asset objects unloaded after import = 0

========================================================================
Received Import Request.
  Time since last request: 0.000021 seconds.
  path: Assets/Scripts/MineGameMemory.cs
  artifactKey: Guid(6a8a30b205ca73c4eb11977105ef85ff) Importer(815301076,1909f56bfc062723c751e8b465ee728b)
Start importing Assets/Scripts/MineGameMemory.cs using Guid(6a8a30b205ca73c4eb11977105ef85ff) Importer(815301076,1909f56bfc062723c751e8b465ee728b) (PreviewImporter) -> (artifact id: '00000000000000000000000000000000') in 0.0007344 seconds
Import Error Code:(4)
Message: Build asset version error: assets/scripts/minegamememory.cs in SourceAssetDB has modification time of '2026-05-30T23:06:50.9232584Z' while content on disk has modification time of '2026-05-30T23:06:52.7498911Z'
  ERROR: Build asset version error: assets/scripts/minegamememory.cs in SourceAssetDB has modification time of '2026-05-30T23:06:50.9232584Z' while content on disk has modification time of '2026-05-30T23:06:52.7498911Z'
Number of updated asset objects reloaded before import = 0Number of asset objects unloaded after import = 0

========================================================================
Received Import Request.
  Time since last request: 0.000019 seconds.
  path: Assets/Scripts/MineGameMemory.cs
  artifactKey: Guid(6a8a30b205ca73c4eb11977105ef85ff) Importer(815301076,1909f56bfc062723c751e8b465ee728b)
Start importing Assets/Scripts/MineGameMemory.cs using Guid(6a8a30b205ca73c4eb11977105ef85ff) Importer(815301076,1909f56bfc062723c751e8b465ee728b) (PreviewImporter) -> (artifact id: '00000000000000000000000000000000') in 0.0006358 seconds
Import Error Code:(4)
Message: Build asset version error: assets/scripts/minegamememory.cs in SourceAssetDB has modification time of '2026-05-30T23:06:50.9232584Z' while content on disk has modification time of '2026-05-30T23:06:52.7498911Z'
  ERROR: Build asset version error: assets/scripts/minegamememory.cs in SourceAssetDB has modification time of '2026-05-30T23:06:50.9232584Z' while content on disk has modification time of '2026-05-30T23:06:52.7498911Z'
Number of updated asset objects reloaded before import = 0Number of asset objects unloaded after import = 0

========================================================================
Received Import Request.
  Time since last request: 0.000032 seconds.
  path: Assets/Scripts/MineGameMemory.cs
  artifactKey: Guid(6a8a30b205ca73c4eb11977105ef85ff) Importer(815301076,1909f56bfc062723c751e8b465ee728b)
Start importing Assets/Scripts/MineGameMemory.cs using Guid(6a8a30b205ca73c4eb11977105ef85ff) Importer(815301076,1909f56bfc062723c751e8b465ee728b) (PreviewImporter) -> (artifact id: '00000000000000000000000000000000') in 0.000589 seconds
Import Error Code:(4)
Message: Build asset version error: assets/scripts/minegamememory.cs in SourceAssetDB has modification time of '2026-05-30T23:06:50.9232584Z' while content on disk has modification time of '2026-05-30T23:06:52.7498911Z'
  ERROR: Build asset version error: assets/scripts/minegamememory.cs in SourceAssetDB has modification time of '2026-05-30T23:06:50.9232584Z' while content on disk has modification time of '2026-05-30T23:06:52.7498911Z'
Number of updated asset objects reloaded before import = 0Number of asset objects unloaded after import = 0

========================================================================
Received Import Request.
  Time since last request: 0.000020 seconds.
  path: Assets/Scripts/MineGameMemory.cs
  artifactKey: Guid(6a8a30b205ca73c4eb11977105ef85ff) Importer(815301076,1909f56bfc062723c751e8b465ee728b)
Start importing Assets/Scripts/MineGameMemory.cs using Guid(6a8a30b205ca73c4eb11977105ef85ff) Importer(815301076,1909f56bfc062723c751e8b465ee728b) (PreviewImporter) -> (artifact id: '00000000000000000000000000000000') in 0.0006513 seconds
Import Error Code:(4)
Message: Build asset version error: assets/scripts/minegamememory.cs in SourceAssetDB has modification time of '2026-05-30T23:06:50.9232584Z' while content on disk has modification time of '2026-05-30T23:06:52.7498911Z'
  ERROR: Build asset version error: assets/scripts/minegamememory.cs in SourceAssetDB has modification time of '2026-05-30T23:06:50.9232584Z' while content on disk has modification time of '2026-05-30T23:06:52.7498911Z'
Number of updated asset objects reloaded before import = 0Number of asset objects unloaded after import = 0

========================================================================
Received Import Request.
  Time since last request: 0.000019 seconds.
  path: Assets/Scripts/MineGameMemory.cs
  artifactKey: Guid(6a8a30b205ca73c4eb11977105ef85ff) Importer(815301076,1909f56bfc062723c751e8b465ee728b)
Start importing Assets/Scripts/MineGameMemory.cs using Guid(6a8a30b205ca73c4eb11977105ef85ff) Importer(815301076,1909f56bfc062723c751e8b465ee728b) (PreviewImporter) -> (artifact id: '00000000000000000000000000000000') in 0.0007413 seconds
Import Error Code:(4)
Message: Build asset version error: assets/scripts/minegamememory.cs in SourceAssetDB has modification time of '2026-05-30T23:06:50.9232584Z' while content on disk has modification time of '2026-05-30T23:06:52.7498911Z'
  ERROR: Build asset version error: assets/scripts/minegamememory.cs in SourceAssetDB has modification time of '2026-05-30T23:06:50.9232584Z' while content on disk has modification time of '2026-05-30T23:06:52.7498911Z'
Number of updated asset objects reloaded before import = 0Number of asset objects unloaded after import = 0

========================================================================
Received Import Request.
  Time since last request: 0.000025 seconds.
  path: Assets/Scripts/MineGameMemory.cs
  artifactKey: Guid(6a8a30b205ca73c4eb11977105ef85ff) Importer(815301076,1909f56bfc062723c751e8b465ee728b)
Start importing Assets/Scripts/MineGameMemory.cs using Guid(6a8a30b205ca73c4eb11977105ef85ff) Importer(815301076,1909f56bfc062723c751e8b465ee728b) (PreviewImporter) -> (artifact id: '00000000000000000000000000000000') in 0.0007792 seconds
Import Error Code:(4)
Message: Build asset version error: assets/scripts/minegamememory.cs in SourceAssetDB has modification time of '2026-05-30T23:06:50.9232584Z' while content on disk has modification time of '2026-05-30T23:06:52.7498911Z'
  ERROR: Build asset version error: assets/scripts/minegamememory.cs in SourceAssetDB has modification time of '2026-05-30T23:06:50.9232584Z' while content on disk has modification time of '2026-05-30T23:06:52.7498911Z'
Number of updated asset objects reloaded before import = 0Number of asset objects unloaded after import = 0

========================================================================
Received Import Request.
  Time since last request: 0.000017 seconds.
  path: Assets/Scripts/MineGameMemory.cs
  artifactKey: Guid(6a8a30b205ca73c4eb11977105ef85ff) Importer(815301076,1909f56bfc062723c751e8b465ee728b)
Start importing Assets/Scripts/MineGameMemory.cs using Guid(6a8a30b205ca73c4eb11977105ef85ff) Importer(815301076,1909f56bfc062723c751e8b465ee728b) (PreviewImporter) -> (artifact id: '00000000000000000000000000000000') in 0.0007552 seconds
Import Error Code:(4)
Message: Build asset version error: assets/scripts/minegamememory.cs in SourceAssetDB has modification time of '2026-05-30T23:06:50.9232584Z' while content on disk has modification time of '2026-05-30T23:06:52.7498911Z'
  ERROR: Build asset version error: assets/scripts/minegamememory.cs in SourceAssetDB has modification time of '2026-05-30T23:06:50.9232584Z' while content on disk has modification time of '2026-05-30T23:06:52.7498911Z'
Number of updated asset objects reloaded before import = 0Number of asset objects unloaded after import = 0

========================================================================
Received Import Request.
  Time since last request: 0.000028 seconds.
  path: Assets/Scripts/MineGameMemory.cs
  artifactKey: Guid(6a8a30b205ca73c4eb11977105ef85ff) Importer(815301076,1909f56bfc062723c751e8b465ee728b)
Start importing Assets/Scripts/MineGameMemory.cs using Guid(6a8a30b205ca73c4eb11977105ef85ff) Importer(815301076,1909f56bfc062723c751e8b465ee728b) (PreviewImporter) -> (artifact id: '00000000000000000000000000000000') in 0.0006761 seconds
Import Error Code:(4)
Message: Build asset version error: assets/scripts/minegamememory.cs in SourceAssetDB has modification time of '2026-05-30T23:06:50.9232584Z' while content on disk has modification time of '2026-05-30T23:06:52.7498911Z'
  ERROR: Build asset version error: assets/scripts/minegamememory.cs in SourceAssetDB has modification time of '2026-05-30T23:06:50.9232584Z' while content on disk has modification time of '2026-05-30T23:06:52.7498911Z'
Number of updated asset objects reloaded before import = 0Number of asset objects unloaded after import = 0

========================================================================
Received Import Request.
  Time since last request: 0.000020 seconds.
  path: Assets/Scripts/MineGameMemory.cs
  artifactKey: Guid(6a8a30b205ca73c4eb11977105ef85ff) Importer(815301076,1909f56bfc062723c751e8b465ee728b)
Start importing Assets/Scripts/MineGameMemory.cs using Guid(6a8a30b205ca73c4eb11977105ef85ff) Importer(815301076,1909f56bfc062723c751e8b465ee728b) (PreviewImporter) -> (artifact id: '00000000000000000000000000000000') in 0.0006995 seconds
Import Error Code:(4)
Message: Build asset version error: assets/scripts/minegamememory.cs in SourceAssetDB has modification time of '2026-05-30T23:06:50.9232584Z' while content on disk has modification time of '2026-05-30T23:06:52.7498911Z'
  ERROR: Build asset version error: assets/scripts/minegamememory.cs in SourceAssetDB has modification time of '2026-05-30T23:06:50.9232584Z' while content on disk has modification time of '2026-05-30T23:06:52.7498911Z'
Number of updated asset objects reloaded before import = 0Number of asset objects unloaded after import = 0

========================================================================
Received Import Request.
  Time since last request: 0.000026 seconds.
  path: Assets/Scripts/MineGameMemory.cs
  artifactKey: Guid(6a8a30b205ca73c4eb11977105ef85ff) Importer(815301076,1909f56bfc062723c751e8b465ee728b)
Start importing Assets/Scripts/MineGameMemory.cs using Guid(6a8a30b205ca73c4eb11977105ef85ff) Importer(815301076,1909f56bfc062723c751e8b465ee728b) (PreviewImporter) -> (artifact id: '00000000000000000000000000000000') in 0.0007474 seconds
Import Error Code:(4)
Message: Build asset version error: assets/scripts/minegamememory.cs in SourceAssetDB has modification time of '2026-05-30T23:06:50.9232584Z' while content on disk has modification time of '2026-05-30T23:06:52.7498911Z'
  ERROR: Build asset version error: assets/scripts/minegamememory.cs in SourceAssetDB has modification time of '2026-05-30T23:06:50.9232584Z' while content on disk has modification time of '2026-05-30T23:06:52.7498911Z'
Number of updated asset objects reloaded before import = 0Number of asset objects unloaded after import = 0

========================================================================
Received Import Request.
  Time since last request: 0.000016 seconds.
  path: Assets/Scripts/MineGameMemory.cs
  artifactKey: Guid(6a8a30b205ca73c4eb11977105ef85ff) Importer(815301076,1909f56bfc062723c751e8b465ee728b)
Start importing Assets/Scripts/MineGameMemory.cs using Guid(6a8a30b205ca73c4eb11977105ef85ff) Importer(815301076,1909f56bfc062723c751e8b465ee728b) (PreviewImporter) -> (artifact id: '00000000000000000000000000000000') in 0.0006022 seconds
Import Error Code:(4)
Message: Build asset version error: assets/scripts/minegamememory.cs in SourceAssetDB has modification time of '2026-05-30T23:06:50.9232584Z' while content on disk has modification time of '2026-05-30T23:06:52.7498911Z'
  ERROR: Build asset version error: assets/scripts/minegamememory.cs in SourceAssetDB has modification time of '2026-05-30T23:06:50.9232584Z' while content on disk has modification time of '2026-05-30T23:06:52.7498911Z'
Number of updated asset objects reloaded before import = 0Number of asset objects unloaded after import = 0

========================================================================
Received Import Request.
  Time since last request: 0.000022 seconds.
  path: Assets/Scripts/MineGameMemory.cs
  artifactKey: Guid(6a8a30b205ca73c4eb11977105ef85ff) Importer(815301076,1909f56bfc062723c751e8b465ee728b)
Start importing Assets/Scripts/MineGameMemory.cs using Guid(6a8a30b205ca73c4eb11977105ef85ff) Importer(815301076,1909f56bfc062723c751e8b465ee728b) (PreviewImporter) -> (artifact id: '00000000000000000000000000000000') in 0.0006862 seconds
Import Error Code:(4)
Message: Build asset version error: assets/scripts/minegamememory.cs in SourceAssetDB has modification time of '2026-05-30T23:06:50.9232584Z' while content on disk has modification time of '2026-05-30T23:06:52.7498911Z'
  ERROR: Build asset version error: assets/scripts/minegamememory.cs in SourceAssetDB has modification time of '2026-05-30T23:06:50.9232584Z' while content on disk has modification time of '2026-05-30T23:06:52.7498911Z'
Number of updated asset objects reloaded before import = 0Number of asset objects unloaded after import = 0

========================================================================
Received Import Request.
  Time since last request: 0.000032 seconds.
  path: Assets/Scripts/MineGameMemory.cs
  artifactKey: Guid(6a8a30b205ca73c4eb11977105ef85ff) Importer(815301076,1909f56bfc062723c751e8b465ee728b)
Start importing Assets/Scripts/MineGameMemory.cs using Guid(6a8a30b205ca73c4eb11977105ef85ff) Importer(815301076,1909f56bfc062723c751e8b465ee728b) (PreviewImporter) -> (artifact id: '00000000000000000000000000000000') in 0.0006114 seconds
Import Error Code:(4)
Message: Build asset version error: assets/scripts/minegamememory.cs in SourceAssetDB has modification time of '2026-05-30T23:06:50.9232584Z' while content on disk has modification time of '2026-05-30T23:06:52.7498911Z'
  ERROR: Build asset version error: assets/scripts/minegamememory.cs in SourceAssetDB has modification time of '2026-05-30T23:06:50.9232584Z' while content on disk has modification time of '2026-05-30T23:06:52.7498911Z'
Number of updated asset objects reloaded before import = 0Number of asset objects unloaded after import = 0

========================================================================
Received Import Request.
  Time since last request: 0.000017 seconds.
  path: Assets/Scripts/MineGameMemory.cs
  artifactKey: Guid(6a8a30b205ca73c4eb11977105ef85ff) Importer(815301076,1909f56bfc062723c751e8b465ee728b)
Start importing Assets/Scripts/MineGameMemory.cs using Guid(6a8a30b205ca73c4eb11977105ef85ff) Importer(815301076,1909f56bfc062723c751e8b465ee728b) (PreviewImporter) -> (artifact id: '00000000000000000000000000000000') in 0.0006325 seconds
Import Error Code:(4)
Message: Build asset version error: assets/scripts/minegamememory.cs in SourceAssetDB has modification time of '2026-05-30T23:06:50.9232584Z' while content on disk has modification time of '2026-05-30T23:06:52.7498911Z'
  ERROR: Build asset version error: assets/scripts/minegamememory.cs in SourceAssetDB has modification time of '2026-05-30T23:06:50.9232584Z' while content on disk has modification time of '2026-05-30T23:06:52.7498911Z'
Number of updated asset objects reloaded before import = 0Number of asset objects unloaded after import = 0

========================================================================
Received Import Request.
  Time since last request: 0.000016 seconds.
  path: Assets/Scripts/MineGameMemory.cs
  artifactKey: Guid(6a8a30b205ca73c4eb11977105ef85ff) Importer(815301076,1909f56bfc062723c751e8b465ee728b)
Start importing Assets/Scripts/MineGameMemory.cs using Guid(6a8a30b205ca73c4eb11977105ef85ff) Importer(815301076,1909f56bfc062723c751e8b465ee728b) (PreviewImporter) -> (artifact id: '00000000000000000000000000000000') in 0.0006608 seconds
Import Error Code:(4)
Message: Build asset version error: assets/scripts/minegamememory.cs in SourceAssetDB has modification time of '2026-05-30T23:06:50.9232584Z' while content on disk has modification time of '2026-05-30T23:06:52.7498911Z'
  ERROR: Build asset version error: assets/scripts/minegamememory.cs in SourceAssetDB has modification time of '2026-05-30T23:06:50.9232584Z' while content on disk has modification time of '2026-05-30T23:06:52.7498911Z'
Number of updated asset objects reloaded before import = 0Number of asset objects unloaded after import = 0

========================================================================
Received Import Request.
  Time since last request: 0.000019 seconds.
  path: Assets/Scripts/MineGameMemory.cs
  artifactKey: Guid(6a8a30b205ca73c4eb11977105ef85ff) Importer(815301076,1909f56bfc062723c751e8b465ee728b)
Start importing Assets/Scripts/MineGameMemory.cs using Guid(6a8a30b205ca73c4eb11977105ef85ff) Importer(815301076,1909f56bfc062723c751e8b465ee728b) (PreviewImporter) -> (artifact id: '00000000000000000000000000000000') in 0.000598 seconds
Import Error Code:(4)
Message: Build asset version error: assets/scripts/minegamememory.cs in SourceAssetDB has modification time of '2026-05-30T23:06:50.9232584Z' while content on disk has modification time of '2026-05-30T23:06:52.7498911Z'
  ERROR: Build asset version error: assets/scripts/minegamememory.cs in SourceAssetDB has modification time of '2026-05-30T23:06:50.9232584Z' while content on disk has modification time of '2026-05-30T23:06:52.7498911Z'
Number of updated asset objects reloaded before import = 0Number of asset objects unloaded after import = 0

========================================================================
Received Import Request.
  Time since last request: 0.000022 seconds.
  path: Assets/Scripts/MineGameMemory.cs
  artifactKey: Guid(6a8a30b205ca73c4eb11977105ef85ff) Importer(815301076,1909f56bfc062723c751e8b465ee728b)
Start importing Assets/Scripts/MineGameMemory.cs using Guid(6a8a30b205ca73c4eb11977105ef85ff) Importer(815301076,1909f56bfc062723c751e8b465ee728b) (PreviewImporter) -> (artifact id: '00000000000000000000000000000000') in 0.000709 seconds
Import Error Code:(4)
Message: Build asset version error: assets/scripts/minegamememory.cs in SourceAssetDB has modification time of '2026-05-30T23:06:50.9232584Z' while content on disk has modification time of '2026-05-30T23:06:52.7498911Z'
  ERROR: Build asset version error: assets/scripts/minegamememory.cs in SourceAssetDB has modification time of '2026-05-30T23:06:50.9232584Z' while content on disk has modification time of '2026-05-30T23:06:52.7498911Z'
Number of updated asset objects reloaded before import = 0Number of asset objects unloaded after import = 0

========================================================================
Received Import Request.
  Time since last request: 0.000030 seconds.
  path: Assets/Scripts/MineGameMemory.cs
  artifactKey: Guid(6a8a30b205ca73c4eb11977105ef85ff) Importer(815301076,1909f56bfc062723c751e8b465ee728b)
Start importing Assets/Scripts/MineGameMemory.cs using Guid(6a8a30b205ca73c4eb11977105ef85ff) Importer(815301076,1909f56bfc062723c751e8b465ee728b) (PreviewImporter) -> (artifact id: '00000000000000000000000000000000') in 0.0007412 seconds
Import Error Code:(4)
Message: Build asset version error: assets/scripts/minegamememory.cs in SourceAssetDB has modification time of '2026-05-30T23:06:50.9232584Z' while content on disk has modification time of '2026-05-30T23:06:52.7498911Z'
  ERROR: Build asset version error: assets/scripts/minegamememory.cs in SourceAssetDB has modification time of '2026-05-30T23:06:50.9232584Z' while content on disk has modification time of '2026-05-30T23:06:52.7498911Z'
Number of updated asset objects reloaded before import = 0Number of asset objects unloaded after import = 0

========================================================================
Received Import Request.
  Time since last request: 0.000016 seconds.
  path: Assets/Scripts/MineGameMemory.cs
  artifactKey: Guid(6a8a30b205ca73c4eb11977105ef85ff) Importer(815301076,1909f56bfc062723c751e8b465ee728b)
Start importing Assets/Scripts/MineGameMemory.cs using Guid(6a8a30b205ca73c4eb11977105ef85ff) Importer(815301076,1909f56bfc062723c751e8b465ee728b) (PreviewImporter) -> (artifact id: '00000000000000000000000000000000') in 0.0009827 seconds
Import Error Code:(4)
Message: Build asset version error: assets/scripts/minegamememory.cs in SourceAssetDB has modification time of '2026-05-30T23:06:50.9232584Z' while content on disk has modification time of '2026-05-30T23:06:52.7498911Z'
  ERROR: Build asset version error: assets/scripts/minegamememory.cs in SourceAssetDB has modification time of '2026-05-30T23:06:50.9232584Z' while content on disk has modification time of '2026-05-30T23:06:52.7498911Z'
Number of updated asset objects reloaded before import = 0Number of asset objects unloaded after import = 0

========================================================================
Received Import Request.
  Time since last request: 0.000020 seconds.
  path: Assets/Scripts/MineGameMemory.cs
  artifactKey: Guid(6a8a30b205ca73c4eb11977105ef85ff) Importer(815301076,1909f56bfc062723c751e8b465ee728b)
Start importing Assets/Scripts/MineGameMemory.cs using Guid(6a8a30b205ca73c4eb11977105ef85ff) Importer(815301076,1909f56bfc062723c751e8b465ee728b) (PreviewImporter) -> (artifact id: '00000000000000000000000000000000') in 0.0005885 seconds
Import Error Code:(4)
Message: Build asset version error: assets/scripts/minegamememory.cs in SourceAssetDB has modification time of '2026-05-30T23:06:50.9232584Z' while content on disk has modification time of '2026-05-30T23:07:15.2971595Z'
  ERROR: Build asset version error: assets/scripts/minegamememory.cs in SourceAssetDB has modification time of '2026-05-30T23:06:50.9232584Z' while content on disk has modification time of '2026-05-30T23:07:15.2971595Z'
Number of updated asset objects reloaded before import = 0Number of asset objects unloaded after import = 0

========================================================================
Received Prepare
Refreshing native plugins compatible for Editor in 2.80 ms, found 4 plugins.
Preloading 0 native plugins for Editor in 0.00 ms.
Unloading 16 Unused Serialized files (Serialized files now loaded: 0)
Unloading 6913 unused Assets / (6.3 MB). Loaded Objects now: 7816.
Memory consumption went from 158.6 MB to 152.3 MB.
Total: 16.567800 ms (FindLiveObjects: 1.046100 ms CreateObjectMapping: 1.013300 ms MarkObjects: 8.657100 ms  DeleteObjects: 5.849500 ms)

Prepare: number of updated asset objects reloaded= 0
========================================================================
Received Prepare
Begin MonoManager ReloadAssembly
DirectoryNotFoundException: Could not find a part of the path "C:\Users\Elenilson\Downloads\A-Extraordinaria-Mente-de-Arthur--main\A-Extraordinaria-Mente-de-Arthur--main\Library\PackageCache\com.unity.collections@aea9d3bd5e19\Unity.Collections.Tests\System.Runtime.CompilerServices.Unsafe\System.Runtime.CompilerServices.Unsafe.dll"
  at System.IO.FileStream..ctor (System.String path, System.IO.FileMode mode, System.IO.FileAccess access, System.IO.FileShare share, System.Int32 bufferSize, System.Boolean anonymous, System.IO.FileOptions options) [0x0019e] in <1eb9db207454431c84a47bcd81e79c37>:0 
  at System.IO.FileStream..ctor (System.String path, System.IO.FileMode mode, System.IO.FileAccess access, System.IO.FileShare share) [0x00000] in <1eb9db207454431c84a47bcd81e79c37>:0 
  at (wrapper remoting-invoke-with-check) System.IO.FileStream..ctor(string,System.IO.FileMode,System.IO.FileAccess,System.IO.FileShare)
  at Mono.Cecil.ModuleDefinition.GetFileStream (System.String fileName, System.IO.FileMode mode, System.IO.FileAccess access, System.IO.FileShare share) [0x00006] in <4e339395f8074c75847e518298d9c5fd>:0 
  at Mono.Cecil.ModuleDefinition.ReadModule (System.String fileName, Mono.Cecil.ReaderParameters parameters) [0x00008] in <4e339395f8074c75847e518298d9c5fd>:0 
  at Mono.Cecil.AssemblyDefinition.ReadAssembly (System.String fileName, Mono.Cecil.ReaderParameters parameters) [0x00000] in <4e339395f8074c75847e518298d9c5fd>:0 
  at UnityEditor.AssemblyValidation.LoadAssemblyDefinitions (System.String[] assemblyPaths, System.String[] searchPaths) [0x00048] in <5016c3a47c2a4a0cbfa8e12eb592279b>:0 
  at UnityEditor.AssemblyValidation.ValidateAssemblies (System.String[] assemblyPaths, System.Boolean enableLogging) [0x00007] in <5016c3a47c2a4a0cbfa8e12eb592279b>:0 

- Loaded All Assemblies, in  0.840 seconds
Refreshing native plugins compatible for Editor in 2.58 ms, found 4 plugins.
Native extension for WindowsStandalone target not found
[Package Manager] Failed to launch server process. Reason: Unity was launched with the -noUpm command-line argument
[Package Manager] Unable to send message (not connected to server process).
[Package Manager] Cannot connect to Unity Package Manager local server
ScheduleIndexationOnStartup MainProcess:False IndexOnStartup:True
Mono: successfully reloaded assembly
- Finished resetting the current domain, in  1.214 seconds
Domain Reload Profiling: 2046ms
	BeginReloadAssembly (269ms)
		ExecutionOrderSort (0ms)
		DisableScriptedObjects (21ms)
		BackupInstance (0ms)
		ReleaseScriptingObjects (0ms)
		CreateAndSetChildDomain (65ms)
	RebuildCommonClasses (57ms)
	RebuildNativeTypeToScriptingClass (18ms)
	initialDomainReloadingComplete (42ms)
	LoadAllAssembliesAndSetupDomain (444ms)
		LoadAssemblies (313ms)
		RebuildTransferFunctionScriptingTraits (0ms)
		AnalyzeDomain (251ms)
			TypeCache.Refresh (11ms)
				TypeCache.ScanAssembly (1ms)
			BuildScriptInfoCaches (225ms)
			ResolveRequiredComponents (10ms)
	FinalizeReload (1215ms)
		ReleaseScriptCaches (0ms)
		RebuildScriptCaches (0ms)
		SetupLoadedEditorAssemblies (1017ms)
			LogAssemblyErrors (0ms)
			InitializePlatformSupportModulesInManaged (2ms)
			SetLoadedEditorAssemblies (7ms)
			BeforeProcessingInitializeOnLoad (248ms)
			ProcessInitializeOnLoadAttributes (661ms)
			ProcessInitializeOnLoadMethodAttributes (87ms)
			AfterProcessingInitializeOnLoad (12ms)
			EditorAssembliesLoaded (0ms)
		ExecutionOrderSort2 (0ms)
		AwakeInstancesAfterBackupRestoration (24ms)
Refreshing native plugins compatible for Editor in 2.90 ms, found 4 plugins.
Preloading 0 native plugins for Editor in 0.00 ms.
Unloading 16 Unused Serialized files (Serialized files now loaded: 0)
Unloading 6923 unused Assets / (5.0 MB). Loaded Objects now: 7819.
Memory consumption went from 158.5 MB to 153.5 MB.
Total: 10.976500 ms (FindLiveObjects: 0.769600 ms CreateObjectMapping: 0.545000 ms MarkObjects: 6.040300 ms  DeleteObjects: 3.620300 ms)

Prepare: number of updated asset objects reloaded= 0
========================================================================
Received Prepare
Refreshing native plugins compatible for Editor in 3.45 ms, found 4 plugins.
Preloading 0 native plugins for Editor in 0.00 ms.
Unloading 16 Unused Serialized files (Serialized files now loaded: 0)
Unloading 6913 unused Assets / (5.2 MB). Loaded Objects now: 7819.
Memory consumption went from 158.6 MB to 153.4 MB.
Total: 16.873500 ms (FindLiveObjects: 1.000100 ms CreateObjectMapping: 0.870200 ms MarkObjects: 9.040400 ms  DeleteObjects: 5.960900 ms)

Prepare: number of updated asset objects reloaded= 0
========================================================================
Received Import Request.
  Time since last request: 644.934135 seconds.
  path: Assets/Scripts/MineGameMemory.cs
  artifactKey: Guid(6a8a30b205ca73c4eb11977105ef85ff) Importer(815301076,1909f56bfc062723c751e8b465ee728b)
Start importing Assets/Scripts/MineGameMemory.cs using Guid(6a8a30b205ca73c4eb11977105ef85ff) Importer(815301076,1909f56bfc062723c751e8b465ee728b) (PreviewImporter) -> (artifact id: 'ac1cfbd0dca1cc4f6488a5f5f8ddac8f') in 0.0034211 seconds
Number of updated asset objects reloaded before import = 0Number of asset objects unloaded after import = 0

========================================================================
Received Prepare
Refreshing native plugins compatible for Editor in 8.80 ms, found 4 plugins.
Preloading 0 native plugins for Editor in 0.00 ms.
Unloading 16 Unused Serialized files (Serialized files now loaded: 0)
Unloading 6913 unused Assets / (4.6 MB). Loaded Objects now: 7819.
Memory consumption went from 158.6 MB to 154.0 MB.
Total: 20.181000 ms (FindLiveObjects: 2.318900 ms CreateObjectMapping: 2.424600 ms MarkObjects: 10.652100 ms  DeleteObjects: 4.783200 ms)

Prepare: number of updated asset objects reloaded= 0
========================================================================
Received Prepare
Refreshing native plugins compatible for Editor in 4.69 ms, found 4 plugins.
Preloading 0 native plugins for Editor in 0.00 ms.
Unloading 16 Unused Serialized files (Serialized files now loaded: 0)
Unloading 6913 unused Assets / (5.0 MB). Loaded Objects now: 7819.
Memory consumption went from 158.6 MB to 153.6 MB.
Total: 22.492500 ms (FindLiveObjects: 2.062800 ms CreateObjectMapping: 4.126000 ms MarkObjects: 11.959900 ms  DeleteObjects: 4.342200 ms)

Prepare: number of updated asset objects reloaded= 0
========================================================================
Received Prepare
Refreshing native plugins compatible for Editor in 3.62 ms, found 4 plugins.
Preloading 0 native plugins for Editor in 0.00 ms.
Unloading 16 Unused Serialized files (Serialized files now loaded: 0)
Unloading 6913 unused Assets / (4.9 MB). Loaded Objects now: 7819.
Memory consumption went from 158.6 MB to 153.7 MB.
Total: 17.803600 ms (FindLiveObjects: 0.991100 ms CreateObjectMapping: 1.147300 ms MarkObjects: 10.821400 ms  DeleteObjects: 4.842200 ms)

Prepare: number of updated asset objects reloaded= 0
========================================================================
Received Prepare
Begin MonoManager ReloadAssembly
[Licensing::Client] Successfully resolved entitlement details
DirectoryNotFoundException: Could not find a part of the path "C:\Users\Elenilson\Downloads\A-Extraordinaria-Mente-de-Arthur--main\A-Extraordinaria-Mente-de-Arthur--main\Library\PackageCache\com.unity.collections@aea9d3bd5e19\Unity.Collections.Tests\System.Runtime.CompilerServices.Unsafe\System.Runtime.CompilerServices.Unsafe.dll"
  at System.IO.FileStream..ctor (System.String path, System.IO.FileMode mode, System.IO.FileAccess access, System.IO.FileShare share, System.Int32 bufferSize, System.Boolean anonymous, System.IO.FileOptions options) [0x0019e] in <1eb9db207454431c84a47bcd81e79c37>:0 
  at System.IO.FileStream..ctor (System.String path, System.IO.FileMode mode, System.IO.FileAccess access, System.IO.FileShare share) [0x00000] in <1eb9db207454431c84a47bcd81e79c37>:0 
  at (wrapper remoting-invoke-with-check) System.IO.FileStream..ctor(string,System.IO.FileMode,System.IO.FileAccess,System.IO.FileShare)
  at Mono.Cecil.ModuleDefinition.GetFileStream (System.String fileName, System.IO.FileMode mode, System.IO.FileAccess access, System.IO.FileShare share) [0x00006] in <4e339395f8074c75847e518298d9c5fd>:0 
  at Mono.Cecil.ModuleDefinition.ReadModule (System.String fileName, Mono.Cecil.ReaderParameters parameters) [0x00008] in <4e339395f8074c75847e518298d9c5fd>:0 
  at Mono.Cecil.AssemblyDefinition.ReadAssembly (System.String fileName, Mono.Cecil.ReaderParameters parameters) [0x00000] in <4e339395f8074c75847e518298d9c5fd>:0 
  at UnityEditor.AssemblyValidation.LoadAssemblyDefinitions (System.String[] assemblyPaths, System.String[] searchPaths) [0x00048] in <5016c3a47c2a4a0cbfa8e12eb592279b>:0 
  at UnityEditor.AssemblyValidation.ValidateAssemblies (System.String[] assemblyPaths, System.Boolean enableLogging) [0x00007] in <5016c3a47c2a4a0cbfa8e12eb592279b>:0 

- Loaded All Assemblies, in  0.993 seconds
Refreshing native plugins compatible for Editor in 2.61 ms, found 4 plugins.
Native extension for WindowsStandalone target not found
[Package Manager] Failed to launch server process. Reason: Unity was launched with the -noUpm command-line argument
[Package Manager] Unable to send message (not connected to server process).
[Package Manager] Cannot connect to Unity Package Manager local server
ScheduleIndexationOnStartup MainProcess:False IndexOnStartup:True
Mono: successfully reloaded assembly
- Finished resetting the current domain, in  1.125 seconds
Domain Reload Profiling: 2112ms
	BeginReloadAssembly (314ms)
		ExecutionOrderSort (0ms)
		DisableScriptedObjects (22ms)
		BackupInstance (0ms)
		ReleaseScriptingObjects (0ms)
		CreateAndSetChildDomain (72ms)
	RebuildCommonClasses (44ms)
	RebuildNativeTypeToScriptingClass (13ms)
	initialDomainReloadingComplete (48ms)
	LoadAllAssembliesAndSetupDomain (566ms)
		LoadAssemblies (365ms)
		RebuildTransferFunctionScriptingTraits (0ms)
		AnalyzeDomain (337ms)
			TypeCache.Refresh (13ms)
				TypeCache.ScanAssembly (1ms)
			BuildScriptInfoCaches (305ms)
			ResolveRequiredComponents (13ms)
	FinalizeReload (1126ms)
		ReleaseScriptCaches (0ms)
		RebuildScriptCaches (0ms)
		SetupLoadedEditorAssemblies (923ms)
			LogAssemblyErrors (0ms)
			InitializePlatformSupportModulesInManaged (2ms)
			SetLoadedEditorAssemblies (6ms)
			BeforeProcessingInitializeOnLoad (242ms)
			ProcessInitializeOnLoadAttributes (576ms)
			ProcessInitializeOnLoadMethodAttributes (84ms)
			AfterProcessingInitializeOnLoad (13ms)
			EditorAssembliesLoaded (0ms)
		ExecutionOrderSort2 (0ms)
		AwakeInstancesAfterBackupRestoration (20ms)
Refreshing native plugins compatible for Editor in 2.92 ms, found 4 plugins.
Preloading 0 native plugins for Editor in 0.00 ms.
Unloading 16 Unused Serialized files (Serialized files now loaded: 0)
Unloading 6923 unused Assets / (4.2 MB). Loaded Objects now: 7822.
Memory consumption went from 158.5 MB to 154.3 MB.
Total: 11.758500 ms (FindLiveObjects: 1.150500 ms CreateObjectMapping: 0.903700 ms MarkObjects: 6.561000 ms  DeleteObjects: 3.141800 ms)

Prepare: number of updated asset objects reloaded= 0
========================================================================
Received Import Request.
  Time since last request: 363.037500 seconds.
  path: Assets/Scenes/Sala de aula.unity
  artifactKey: Guid(ec69105b60a4a3f419b5054fbbf0df4b) Importer(815301076,1909f56bfc062723c751e8b465ee728b)
Start importing Assets/Scenes/Sala de aula.unity using Guid(ec69105b60a4a3f419b5054fbbf0df4b) Importer(815301076,1909f56bfc062723c751e8b465ee728b) (PreviewImporter) -> (artifact id: 'd3f0a4b181f40a4e0223d54e1dc1f903') in 0.0023025 seconds
Number of updated asset objects reloaded before import = 0Number of asset objects unloaded after import = 0

========================================================================
Received Prepare
Begin MonoManager ReloadAssembly
[Licensing::Client] Successfully resolved entitlement details
DirectoryNotFoundException: Could not find a part of the path "C:\Users\Elenilson\Downloads\A-Extraordinaria-Mente-de-Arthur--main\A-Extraordinaria-Mente-de-Arthur--main\Library\PackageCache\com.unity.collections@aea9d3bd5e19\Unity.Collections.Tests\System.Runtime.CompilerServices.Unsafe\System.Runtime.CompilerServices.Unsafe.dll"
  at System.IO.FileStream..ctor (System.String path, System.IO.FileMode mode, System.IO.FileAccess access, System.IO.FileShare share, System.Int32 bufferSize, System.Boolean anonymous, System.IO.FileOptions options) [0x0019e] in <1eb9db207454431c84a47bcd81e79c37>:0 
  at System.IO.FileStream..ctor (System.String path, System.IO.FileMode mode, System.IO.FileAccess access, System.IO.FileShare share) [0x00000] in <1eb9db207454431c84a47bcd81e79c37>:0 
  at (wrapper remoting-invoke-with-check) System.IO.FileStream..ctor(string,System.IO.FileMode,System.IO.FileAccess,System.IO.FileShare)
  at Mono.Cecil.ModuleDefinition.GetFileStream (System.String fileName, System.IO.FileMode mode, System.IO.FileAccess access, System.IO.FileShare share) [0x00006] in <4e339395f8074c75847e518298d9c5fd>:0 
  at Mono.Cecil.ModuleDefinition.ReadModule (System.String fileName, Mono.Cecil.ReaderParameters parameters) [0x00008] in <4e339395f8074c75847e518298d9c5fd>:0 
  at Mono.Cecil.AssemblyDefinition.ReadAssembly (System.String fileName, Mono.Cecil.ReaderParameters parameters) [0x00000] in <4e339395f8074c75847e518298d9c5fd>:0 
  at UnityEditor.AssemblyValidation.LoadAssemblyDefinitions (System.String[] assemblyPaths, System.String[] searchPaths) [0x00048] in <5016c3a47c2a4a0cbfa8e12eb592279b>:0 
  at UnityEditor.AssemblyValidation.ValidateAssemblies (System.String[] assemblyPaths, System.Boolean enableLogging) [0x00007] in <5016c3a47c2a4a0cbfa8e12eb592279b>:0 

- Loaded All Assemblies, in  0.711 seconds
Refreshing native plugins compatible for Editor in 2.19 ms, found 4 plugins.
Native extension for WindowsStandalone target not found
[Package Manager] Failed to launch server process. Reason: Unity was launched with the -noUpm command-line argument
[Package Manager] Unable to send message (not connected to server process).
[Package Manager] Cannot connect to Unity Package Manager local server
ScheduleIndexationOnStartup MainProcess:False IndexOnStartup:True
Mono: successfully reloaded assembly
- Finished resetting the current domain, in  0.979 seconds
Domain Reload Profiling: 1687ms
	BeginReloadAssembly (230ms)
		ExecutionOrderSort (0ms)
		DisableScriptedObjects (17ms)
		BackupInstance (0ms)
		ReleaseScriptingObjects (0ms)
		CreateAndSetChildDomain (54ms)
	RebuildCommonClasses (37ms)
	RebuildNativeTypeToScriptingClass (12ms)
	initialDomainReloadingComplete (34ms)
	LoadAllAssembliesAndSetupDomain (394ms)
		LoadAssemblies (258ms)
		RebuildTransferFunctionScriptingTraits (0ms)
		AnalyzeDomain (235ms)
			TypeCache.Refresh (7ms)
				TypeCache.ScanAssembly (0ms)
			BuildScriptInfoCaches (214ms)
			ResolveRequiredComponents (9ms)
	FinalizeReload (980ms)
		ReleaseScriptCaches (0ms)
		RebuildScriptCaches (0ms)
		SetupLoadedEditorAssemblies (814ms)
			LogAssemblyErrors (0ms)
			InitializePlatformSupportModulesInManaged (2ms)
			SetLoadedEditorAssemblies (5ms)
			BeforeProcessingInitializeOnLoad (181ms)
			ProcessInitializeOnLoadAttributes (534ms)
			ProcessInitializeOnLoadMethodAttributes (82ms)
			AfterProcessingInitializeOnLoad (10ms)
			EditorAssembliesLoaded (1ms)
		ExecutionOrderSort2 (0ms)
		AwakeInstancesAfterBackupRestoration (18ms)
Refreshing native plugins compatible for Editor in 2.94 ms, found 4 plugins.
Preloading 0 native plugins for Editor in 0.00 ms.
Unloading 16 Unused Serialized files (Serialized files now loaded: 0)
Unloading 6923 unused Assets / (5.2 MB). Loaded Objects now: 7825.
Memory consumption went from 158.6 MB to 153.4 MB.
Total: 18.004200 ms (FindLiveObjects: 1.434100 ms CreateObjectMapping: 1.179200 ms MarkObjects: 9.909600 ms  DeleteObjects: 5.479400 ms)

Prepare: number of updated asset objects reloaded= 0
========================================================================
Received Prepare
Begin MonoManager ReloadAssembly
[Licensing::Client] Successfully resolved entitlement details
DirectoryNotFoundException: Could not find a part of the path "C:\Users\Elenilson\Downloads\A-Extraordinaria-Mente-de-Arthur--main\A-Extraordinaria-Mente-de-Arthur--main\Library\PackageCache\com.unity.collections@aea9d3bd5e19\Unity.Collections.Tests\System.Runtime.CompilerServices.Unsafe\System.Runtime.CompilerServices.Unsafe.dll"
  at System.IO.FileStream..ctor (System.String path, System.IO.FileMode mode, System.IO.FileAccess access, System.IO.FileShare share, System.Int32 bufferSize, System.Boolean anonymous, System.IO.FileOptions options) [0x0019e] in <1eb9db207454431c84a47bcd81e79c37>:0 
  at System.IO.FileStream..ctor (System.String path, System.IO.FileMode mode, System.IO.FileAccess access, System.IO.FileShare share) [0x00000] in <1eb9db207454431c84a47bcd81e79c37>:0 
  at (wrapper remoting-invoke-with-check) System.IO.FileStream..ctor(string,System.IO.FileMode,System.IO.FileAccess,System.IO.FileShare)
  at Mono.Cecil.ModuleDefinition.GetFileStream (System.String fileName, System.IO.FileMode mode, System.IO.FileAccess access, System.IO.FileShare share) [0x00006] in <4e339395f8074c75847e518298d9c5fd>:0 
  at Mono.Cecil.ModuleDefinition.ReadModule (System.String fileName, Mono.Cecil.ReaderParameters parameters) [0x00008] in <4e339395f8074c75847e518298d9c5fd>:0 
  at Mono.Cecil.AssemblyDefinition.ReadAssembly (System.String fileName, Mono.Cecil.ReaderParameters parameters) [0x00000] in <4e339395f8074c75847e518298d9c5fd>:0 
  at UnityEditor.AssemblyValidation.LoadAssemblyDefinitions (System.String[] assemblyPaths, System.String[] searchPaths) [0x00048] in <5016c3a47c2a4a0cbfa8e12eb592279b>:0 
  at UnityEditor.AssemblyValidation.ValidateAssemblies (System.String[] assemblyPaths, System.Boolean enableLogging) [0x00007] in <5016c3a47c2a4a0cbfa8e12eb592279b>:0 

- Loaded All Assemblies, in  0.731 seconds
Refreshing native plugins compatible for Editor in 2.54 ms, found 4 plugins.
Native extension for WindowsStandalone target not found
[Package Manager] Failed to launch server process. Reason: Unity was launched with the -noUpm command-line argument
[Package Manager] Unable to send message (not connected to server process).
[Package Manager] Cannot connect to Unity Package Manager local server
ScheduleIndexationOnStartup MainProcess:False IndexOnStartup:True
Mono: successfully reloaded assembly
- Finished resetting the current domain, in  1.012 seconds
Domain Reload Profiling: 1739ms
	BeginReloadAssembly (229ms)
		ExecutionOrderSort (0ms)
		DisableScriptedObjects (15ms)
		BackupInstance (0ms)
		ReleaseScriptingObjects (0ms)
		CreateAndSetChildDomain (56ms)
	RebuildCommonClasses (37ms)
	RebuildNativeTypeToScriptingClass (16ms)
	initialDomainReloadingComplete (35ms)
	LoadAllAssembliesAndSetupDomain (410ms)
		LoadAssemblies (266ms)
		RebuildTransferFunctionScriptingTraits (0ms)
		AnalyzeDomain (242ms)
			TypeCache.Refresh (7ms)
				TypeCache.ScanAssembly (0ms)
			BuildScriptInfoCaches (222ms)
			ResolveRequiredComponents (9ms)
	FinalizeReload (1013ms)
		ReleaseScriptCaches (0ms)
		RebuildScriptCaches (0ms)
		SetupLoadedEditorAssemblies (844ms)
			LogAssemblyErrors (0ms)
			InitializePlatformSupportModulesInManaged (2ms)
			SetLoadedEditorAssemblies (6ms)
			BeforeProcessingInitializeOnLoad (177ms)
			ProcessInitializeOnLoadAttributes (553ms)
			ProcessInitializeOnLoadMethodAttributes (94ms)
			AfterProcessingInitializeOnLoad (12ms)
			EditorAssembliesLoaded (0ms)
		ExecutionOrderSort2 (0ms)
		AwakeInstancesAfterBackupRestoration (19ms)
Refreshing native plugins compatible for Editor in 2.50 ms, found 4 plugins.
Preloading 0 native plugins for Editor in 0.00 ms.
Unloading 16 Unused Serialized files (Serialized files now loaded: 0)
Unloading 6923 unused Assets / (4.9 MB). Loaded Objects now: 7828.
Memory consumption went from 158.6 MB to 153.7 MB.
Total: 17.360700 ms (FindLiveObjects: 1.218400 ms CreateObjectMapping: 1.573400 ms MarkObjects: 9.149100 ms  DeleteObjects: 5.418300 ms)

Prepare: number of updated asset objects reloaded= 0
========================================================================
Received Prepare
Refreshing native plugins compatible for Editor in 5.29 ms, found 4 plugins.
Preloading 0 native plugins for Editor in 0.00 ms.
Unloading 16 Unused Serialized files (Serialized files now loaded: 0)
Unloading 6913 unused Assets / (4.8 MB). Loaded Objects now: 7828.
Memory consumption went from 158.8 MB to 154.0 MB.
Total: 26.031600 ms (FindLiveObjects: 1.501000 ms CreateObjectMapping: 1.927400 ms MarkObjects: 17.778700 ms  DeleteObjects: 4.822100 ms)

Prepare: number of updated asset objects reloaded= 0
========================================================================
Received Prepare
Begin MonoManager ReloadAssembly
[Licensing::Client] Successfully resolved entitlement details
DirectoryNotFoundException: Could not find a part of the path "C:\Users\Elenilson\Downloads\A-Extraordinaria-Mente-de-Arthur--main\A-Extraordinaria-Mente-de-Arthur--main\Library\PackageCache\com.unity.collections@aea9d3bd5e19\Unity.Collections.Tests\System.Runtime.CompilerServices.Unsafe\System.Runtime.CompilerServices.Unsafe.dll"
  at System.IO.FileStream..ctor (System.String path, System.IO.FileMode mode, System.IO.FileAccess access, System.IO.FileShare share, System.Int32 bufferSize, System.Boolean anonymous, System.IO.FileOptions options) [0x0019e] in <1eb9db207454431c84a47bcd81e79c37>:0 
  at System.IO.FileStream..ctor (System.String path, System.IO.FileMode mode, System.IO.FileAccess access, System.IO.FileShare share) [0x00000] in <1eb9db207454431c84a47bcd81e79c37>:0 
  at (wrapper remoting-invoke-with-check) System.IO.FileStream..ctor(string,System.IO.FileMode,System.IO.FileAccess,System.IO.FileShare)
  at Mono.Cecil.ModuleDefinition.GetFileStream (System.String fileName, System.IO.FileMode mode, System.IO.FileAccess access, System.IO.FileShare share) [0x00006] in <4e339395f8074c75847e518298d9c5fd>:0 
  at Mono.Cecil.ModuleDefinition.ReadModule (System.String fileName, Mono.Cecil.ReaderParameters parameters) [0x00008] in <4e339395f8074c75847e518298d9c5fd>:0 
  at Mono.Cecil.AssemblyDefinition.ReadAssembly (System.String fileName, Mono.Cecil.ReaderParameters parameters) [0x00000] in <4e339395f8074c75847e518298d9c5fd>:0 
  at UnityEditor.AssemblyValidation.LoadAssemblyDefinitions (System.String[] assemblyPaths, System.String[] searchPaths) [0x00048] in <5016c3a47c2a4a0cbfa8e12eb592279b>:0 
  at UnityEditor.AssemblyValidation.ValidateAssemblies (System.String[] assemblyPaths, System.Boolean enableLogging) [0x00007] in <5016c3a47c2a4a0cbfa8e12eb592279b>:0 

- Loaded All Assemblies, in  0.827 seconds
Refreshing native plugins compatible for Editor in 2.37 ms, found 4 plugins.
Native extension for WindowsStandalone target not found
[Package Manager] Failed to launch server process. Reason: Unity was launched with the -noUpm command-line argument
[Package Manager] Unable to send message (not connected to server process).
[Package Manager] Cannot connect to Unity Package Manager local server
ScheduleIndexationOnStartup MainProcess:False IndexOnStartup:True
Mono: successfully reloaded assembly
- Finished resetting the current domain, in  0.909 seconds
Domain Reload Profiling: 1730ms
	BeginReloadAssembly (281ms)
		ExecutionOrderSort (0ms)
		DisableScriptedObjects (18ms)
		BackupInstance (0ms)
		ReleaseScriptingObjects (0ms)
		CreateAndSetChildDomain (62ms)
	RebuildCommonClasses (35ms)
	RebuildNativeTypeToScriptingClass (12ms)
	initialDomainReloadingComplete (38ms)
	LoadAllAssembliesAndSetupDomain (454ms)
		LoadAssemblies (326ms)
		RebuildTransferFunctionScriptingTraits (0ms)
		AnalyzeDomain (247ms)
			TypeCache.Refresh (11ms)
				TypeCache.ScanAssembly (1ms)
			BuildScriptInfoCaches (222ms)
			ResolveRequiredComponents (10ms)
	FinalizeReload (910ms)
		ReleaseScriptCaches (0ms)
		RebuildScriptCaches (0ms)
		SetupLoadedEditorAssemblies (717ms)
			LogAssemblyErrors (0ms)
			InitializePlatformSupportModulesInManaged (2ms)
			SetLoadedEditorAssemblies (8ms)
			BeforeProcessingInitializeOnLoad (188ms)
			ProcessInitializeOnLoadAttributes (433ms)
			ProcessInitializeOnLoadMethodAttributes (76ms)
			AfterProcessingInitializeOnLoad (9ms)
			EditorAssembliesLoaded (0ms)
		ExecutionOrderSort2 (0ms)
		AwakeInstancesAfterBackupRestoration (13ms)
Refreshing native plugins compatible for Editor in 2.14 ms, found 4 plugins.
Preloading 0 native plugins for Editor in 0.00 ms.
Unloading 16 Unused Serialized files (Serialized files now loaded: 0)
Unloading 6923 unused Assets / (4.7 MB). Loaded Objects now: 7831.
Memory consumption went from 158.7 MB to 154.0 MB.
Total: 11.000300 ms (FindLiveObjects: 0.839600 ms CreateObjectMapping: 0.878400 ms MarkObjects: 6.251500 ms  DeleteObjects: 3.029700 ms)

Prepare: number of updated asset objects reloaded= 0
========================================================================
Received Prepare
Begin MonoManager ReloadAssembly
DirectoryNotFoundException: Could not find a part of the path "C:\Users\Elenilson\Downloads\A-Extraordinaria-Mente-de-Arthur--main\A-Extraordinaria-Mente-de-Arthur--main\Library\PackageCache\com.unity.collections@aea9d3bd5e19\Unity.Collections.Tests\System.Runtime.CompilerServices.Unsafe\System.Runtime.CompilerServices.Unsafe.dll"
  at System.IO.FileStream..ctor (System.String path, System.IO.FileMode mode, System.IO.FileAccess access, System.IO.FileShare share, System.Int32 bufferSize, System.Boolean anonymous, System.IO.FileOptions options) [0x0019e] in <1eb9db207454431c84a47bcd81e79c37>:0 
  at System.IO.FileStream..ctor (System.String path, System.IO.FileMode mode, System.IO.FileAccess access, System.IO.FileShare share) [0x00000] in <1eb9db207454431c84a47bcd81e79c37>:0 
  at (wrapper remoting-invoke-with-check) System.IO.FileStream..ctor(string,System.IO.FileMode,System.IO.FileAccess,System.IO.FileShare)
  at Mono.Cecil.ModuleDefinition.GetFileStream (System.String fileName, System.IO.FileMode mode, System.IO.FileAccess access, System.IO.FileShare share) [0x00006] in <4e339395f8074c75847e518298d9c5fd>:0 
  at Mono.Cecil.ModuleDefinition.ReadModule (System.String fileName, Mono.Cecil.ReaderParameters parameters) [0x00008] in <4e339395f8074c75847e518298d9c5fd>:0 
  at Mono.Cecil.AssemblyDefinition.ReadAssembly (System.String fileName, Mono.Cecil.ReaderParameters parameters) [0x00000] in <4e339395f8074c75847e518298d9c5fd>:0 
  at UnityEditor.AssemblyValidation.LoadAssemblyDefinitions (System.String[] assemblyPaths, System.String[] searchPaths) [0x00048] in <5016c3a47c2a4a0cbfa8e12eb592279b>:0 
  at UnityEditor.AssemblyValidation.ValidateAssemblies (System.String[] assemblyPaths, System.Boolean enableLogging) [0x00007] in <5016c3a47c2a4a0cbfa8e12eb592279b>:0 

- Loaded All Assemblies, in  0.741 seconds
Refreshing native plugins compatible for Editor in 2.21 ms, found 4 plugins.
Native extension for WindowsStandalone target not found
[Package Manager] Failed to launch server process. Reason: Unity was launched with the -noUpm command-line argument
[Package Manager] Unable to send message (not connected to server process).
[Package Manager] Cannot connect to Unity Package Manager local server
ScheduleIndexationOnStartup MainProcess:False IndexOnStartup:True
Mono: successfully reloaded assembly
- Finished resetting the current domain, in  0.973 seconds
Domain Reload Profiling: 1711ms
	BeginReloadAssembly (235ms)
		ExecutionOrderSort (0ms)
		DisableScriptedObjects (19ms)
		BackupInstance (0ms)
		ReleaseScriptingObjects (0ms)
		CreateAndSetChildDomain (61ms)
	RebuildCommonClasses (37ms)
	RebuildNativeTypeToScriptingClass (12ms)
	initialDomainReloadingComplete (32ms)
	LoadAllAssembliesAndSetupDomain (422ms)
		LoadAssemblies (259ms)
		RebuildTransferFunctionScriptingTraits (0ms)
		AnalyzeDomain (258ms)
			TypeCache.Refresh (7ms)
				TypeCache.ScanAssembly (0ms)
			BuildScriptInfoCaches (237ms)
			ResolveRequiredComponents (10ms)
	FinalizeReload (973ms)
		ReleaseScriptCaches (0ms)
		RebuildScriptCaches (0ms)
		SetupLoadedEditorAssemblies (803ms)
			LogAssemblyErrors (0ms)
			InitializePlatformSupportModulesInManaged (2ms)
			SetLoadedEditorAssemblies (5ms)
			BeforeProcessingInitializeOnLoad (179ms)
			ProcessInitializeOnLoadAttributes (535ms)
			ProcessInitializeOnLoadMethodAttributes (72ms)
			AfterProcessingInitializeOnLoad (10ms)
			EditorAssembliesLoaded (0ms)
		ExecutionOrderSort2 (0ms)
		AwakeInstancesAfterBackupRestoration (18ms)
Refreshing native plugins compatible for Editor in 2.95 ms, found 4 plugins.
Preloading 0 native plugins for Editor in 0.00 ms.
Unloading 16 Unused Serialized files (Serialized files now loaded: 0)
Unloading 6923 unused Assets / (5.1 MB). Loaded Objects now: 7834.
Memory consumption went from 158.7 MB to 153.6 MB.
Total: 14.184400 ms (FindLiveObjects: 0.852400 ms CreateObjectMapping: 1.253900 ms MarkObjects: 8.077900 ms  DeleteObjects: 3.998600 ms)

Prepare: number of updated asset objects reloaded= 0
========================================================================
Received Prepare
Refreshing native plugins compatible for Editor in 4.80 ms, found 4 plugins.
Preloading 0 native plugins for Editor in 0.00 ms.
Unloading 16 Unused Serialized files (Serialized files now loaded: 0)
Unloading 6913 unused Assets / (5.4 MB). Loaded Objects now: 7834.
Memory consumption went from 158.8 MB to 153.4 MB.
Total: 19.645200 ms (FindLiveObjects: 1.314500 ms CreateObjectMapping: 1.285900 ms MarkObjects: 11.689600 ms  DeleteObjects: 5.353500 ms)

Prepare: number of updated asset objects reloaded= 0
========================================================================
Received Prepare
Begin MonoManager ReloadAssembly
[Licensing::Client] Successfully resolved entitlement details
DirectoryNotFoundException: Could not find a part of the path "C:\Users\Elenilson\Downloads\A-Extraordinaria-Mente-de-Arthur--main\A-Extraordinaria-Mente-de-Arthur--main\Library\PackageCache\com.unity.collections@aea9d3bd5e19\Unity.Collections.Tests\System.Runtime.CompilerServices.Unsafe\System.Runtime.CompilerServices.Unsafe.dll"
  at System.IO.FileStream..ctor (System.String path, System.IO.FileMode mode, System.IO.FileAccess access, System.IO.FileShare share, System.Int32 bufferSize, System.Boolean anonymous, System.IO.FileOptions options) [0x0019e] in <1eb9db207454431c84a47bcd81e79c37>:0 
  at System.IO.FileStream..ctor (System.String path, System.IO.FileMode mode, System.IO.FileAccess access, System.IO.FileShare share) [0x00000] in <1eb9db207454431c84a47bcd81e79c37>:0 
  at (wrapper remoting-invoke-with-check) System.IO.FileStream..ctor(string,System.IO.FileMode,System.IO.FileAccess,System.IO.FileShare)
  at Mono.Cecil.ModuleDefinition.GetFileStream (System.String fileName, System.IO.FileMode mode, System.IO.FileAccess access, System.IO.FileShare share) [0x00006] in <4e339395f8074c75847e518298d9c5fd>:0 
  at Mono.Cecil.ModuleDefinition.ReadModule (System.String fileName, Mono.Cecil.ReaderParameters parameters) [0x00008] in <4e339395f8074c75847e518298d9c5fd>:0 
  at Mono.Cecil.AssemblyDefinition.ReadAssembly (System.String fileName, Mono.Cecil.ReaderParameters parameters) [0x00000] in <4e339395f8074c75847e518298d9c5fd>:0 
  at UnityEditor.AssemblyValidation.LoadAssemblyDefinitions (System.String[] assemblyPaths, System.String[] searchPaths) [0x00048] in <5016c3a47c2a4a0cbfa8e12eb592279b>:0 
  at UnityEditor.AssemblyValidation.ValidateAssemblies (System.String[] assemblyPaths, System.Boolean enableLogging) [0x00007] in <5016c3a47c2a4a0cbfa8e12eb592279b>:0 

- Loaded All Assemblies, in  0.939 seconds
Refreshing native plugins compatible for Editor in 2.89 ms, found 4 plugins.
Native extension for WindowsStandalone target not found
[Package Manager] Failed to launch server process. Reason: Unity was launched with the -noUpm command-line argument
[Package Manager] Unable to send message (not connected to server process).
[Package Manager] Cannot connect to Unity Package Manager local server
ScheduleIndexationOnStartup MainProcess:False IndexOnStartup:True
Mono: successfully reloaded assembly
- Finished resetting the current domain, in  1.080 seconds
Domain Reload Profiling: 2015ms
	BeginReloadAssembly (277ms)
		ExecutionOrderSort (0ms)
		DisableScriptedObjects (23ms)
		BackupInstance (0ms)
		ReleaseScriptingObjects (0ms)
		CreateAndSetChildDomain (62ms)
	RebuildCommonClasses (48ms)
	RebuildNativeTypeToScriptingClass (21ms)
	initialDomainReloadingComplete (46ms)
	LoadAllAssembliesAndSetupDomain (542ms)
		LoadAssemblies (308ms)
		RebuildTransferFunctionScriptingTraits (0ms)
		AnalyzeDomain (345ms)
			TypeCache.Refresh (14ms)
				TypeCache.ScanAssembly (1ms)
			BuildScriptInfoCaches (312ms)
			ResolveRequiredComponents (13ms)
	FinalizeReload (1081ms)
		ReleaseScriptCaches (0ms)
		RebuildScriptCaches (0ms)
		SetupLoadedEditorAssemblies (898ms)
			LogAssemblyErrors (0ms)
			InitializePlatformSupportModulesInManaged (2ms)
			SetLoadedEditorAssemblies (7ms)
			BeforeProcessingInitializeOnLoad (250ms)
			ProcessInitializeOnLoadAttributes (546ms)
			ProcessInitializeOnLoadMethodAttributes (85ms)
			AfterProcessingInitializeOnLoad (9ms)
			EditorAssembliesLoaded (0ms)
		ExecutionOrderSort2 (0ms)
		AwakeInstancesAfterBackupRestoration (14ms)
Refreshing native plugins compatible for Editor in 2.75 ms, found 4 plugins.
Preloading 0 native plugins for Editor in 0.00 ms.
Unloading 16 Unused Serialized files (Serialized files now loaded: 0)
Unloading 6923 unused Assets / (4.5 MB). Loaded Objects now: 7837.
Memory consumption went from 158.8 MB to 154.3 MB.
Total: 12.533100 ms (FindLiveObjects: 0.882400 ms CreateObjectMapping: 0.806700 ms MarkObjects: 8.089800 ms  DeleteObjects: 2.752800 ms)

Prepare: number of updated asset objects reloaded= 0
========================================================================
Received Prepare
Begin MonoManager ReloadAssembly
DirectoryNotFoundException: Could not find a part of the path "C:\Users\Elenilson\Downloads\A-Extraordinaria-Mente-de-Arthur--main\A-Extraordinaria-Mente-de-Arthur--main\Library\PackageCache\com.unity.collections@aea9d3bd5e19\Unity.Collections.Tests\System.Runtime.CompilerServices.Unsafe\System.Runtime.CompilerServices.Unsafe.dll"
  at System.IO.FileStream..ctor (System.String path, System.IO.FileMode mode, System.IO.FileAccess access, System.IO.FileShare share, System.Int32 bufferSize, System.Boolean anonymous, System.IO.FileOptions options) [0x0019e] in <1eb9db207454431c84a47bcd81e79c37>:0 
  at System.IO.FileStream..ctor (System.String path, System.IO.FileMode mode, System.IO.FileAccess access, System.IO.FileShare share) [0x00000] in <1eb9db207454431c84a47bcd81e79c37>:0 
  at (wrapper remoting-invoke-with-check) System.IO.FileStream..ctor(string,System.IO.FileMode,System.IO.FileAccess,System.IO.FileShare)
  at Mono.Cecil.ModuleDefinition.GetFileStream (System.String fileName, System.IO.FileMode mode, System.IO.FileAccess access, System.IO.FileShare share) [0x00006] in <4e339395f8074c75847e518298d9c5fd>:0 
  at Mono.Cecil.ModuleDefinition.ReadModule (System.String fileName, Mono.Cecil.ReaderParameters parameters) [0x00008] in <4e339395f8074c75847e518298d9c5fd>:0 
  at Mono.Cecil.AssemblyDefinition.ReadAssembly (System.String fileName, Mono.Cecil.ReaderParameters parameters) [0x00000] in <4e339395f8074c75847e518298d9c5fd>:0 
  at UnityEditor.AssemblyValidation.LoadAssemblyDefinitions (System.String[] assemblyPaths, System.String[] searchPaths) [0x00048] in <5016c3a47c2a4a0cbfa8e12eb592279b>:0 
  at UnityEditor.AssemblyValidation.ValidateAssemblies (System.String[] assemblyPaths, System.Boolean enableLogging) [0x00007] in <5016c3a47c2a4a0cbfa8e12eb592279b>:0 

- Loaded All Assemblies, in  0.704 seconds
Refreshing native plugins compatible for Editor in 2.01 ms, found 4 plugins.
Native extension for WindowsStandalone target not found
[Package Manager] Failed to launch server process. Reason: Unity was launched with the -noUpm command-line argument
[Package Manager] Unable to send message (not connected to server process).
[Package Manager] Cannot connect to Unity Package Manager local server
ScheduleIndexationOnStartup MainProcess:False IndexOnStartup:True
Mono: successfully reloaded assembly
- Finished resetting the current domain, in  0.990 seconds
Domain Reload Profiling: 1690ms
	BeginReloadAssembly (218ms)
		ExecutionOrderSort (0ms)
		DisableScriptedObjects (13ms)
		BackupInstance (0ms)
		ReleaseScriptingObjects (0ms)
		CreateAndSetChildDomain (51ms)
	RebuildCommonClasses (36ms)
	RebuildNativeTypeToScriptingClass (12ms)
	initialDomainReloadingComplete (33ms)
	LoadAllAssembliesAndSetupDomain (400ms)
		LoadAssemblies (263ms)
		RebuildTransferFunctionScriptingTraits (0ms)
		AnalyzeDomain (232ms)
			TypeCache.Refresh (7ms)
				TypeCache.ScanAssembly (0ms)
			BuildScriptInfoCaches (212ms)
			ResolveRequiredComponents (9ms)
	FinalizeReload (991ms)
		ReleaseScriptCaches (0ms)
		RebuildScriptCaches (0ms)
		SetupLoadedEditorAssemblies (826ms)
			LogAssemblyErrors (0ms)
			InitializePlatformSupportModulesInManaged (2ms)
			SetLoadedEditorAssemblies (5ms)
			BeforeProcessingInitializeOnLoad (177ms)
			ProcessInitializeOnLoadAttributes (534ms)
			ProcessInitializeOnLoadMethodAttributes (97ms)
			AfterProcessingInitializeOnLoad (10ms)
			EditorAssembliesLoaded (1ms)
		ExecutionOrderSort2 (0ms)
		AwakeInstancesAfterBackupRestoration (20ms)
Refreshing native plugins compatible for Editor in 4.63 ms, found 4 plugins.
Preloading 0 native plugins for Editor in 0.00 ms.
Unloading 16 Unused Serialized files (Serialized files now loaded: 0)
Unloading 6923 unused Assets / (4.5 MB). Loaded Objects now: 7840.
Memory consumption went from 158.8 MB to 154.3 MB.
Total: 15.437300 ms (FindLiveObjects: 1.258300 ms CreateObjectMapping: 0.919400 ms MarkObjects: 9.249300 ms  DeleteObjects: 4.008900 ms)

Prepare: number of updated asset objects reloaded= 0
========================================================================
Received Import Request.
  Time since last request: 747.748324 seconds.
  path: Assets/Scripts/MineGameLibray.cs
  artifactKey: Guid(c8bb1e156b7fa8e4a81c2ca4f0625020) Importer(815301076,1909f56bfc062723c751e8b465ee728b)
Start importing Assets/Scripts/MineGameLibray.cs using Guid(c8bb1e156b7fa8e4a81c2ca4f0625020) Importer(815301076,1909f56bfc062723c751e8b465ee728b) (PreviewImporter) -> (artifact id: '4b298cbc03b585aa8fd11809d2550f70') in 0.0039847 seconds
Number of updated asset objects reloaded before import = 0Number of asset objects unloaded after import = 0

========================================================================
Received Prepare
Refreshing native plugins compatible for Editor in 2.68 ms, found 4 plugins.
Preloading 0 native plugins for Editor in 0.00 ms.
Unloading 16 Unused Serialized files (Serialized files now loaded: 0)
Unloading 6913 unused Assets / (4.7 MB). Loaded Objects now: 7840.
Memory consumption went from 159.0 MB to 154.3 MB.
Total: 16.031400 ms (FindLiveObjects: 1.292900 ms CreateObjectMapping: 1.312900 ms MarkObjects: 9.322500 ms  DeleteObjects: 4.101800 ms)

Prepare: number of updated asset objects reloaded= 0
========================================================================
Received Prepare
Begin MonoManager ReloadAssembly
[Licensing::Client] Successfully resolved entitlement details
DirectoryNotFoundException: Could not find a part of the path "C:\Users\Elenilson\Downloads\A-Extraordinaria-Mente-de-Arthur--main\A-Extraordinaria-Mente-de-Arthur--main\Library\PackageCache\com.unity.collections@aea9d3bd5e19\Unity.Collections.Tests\System.Runtime.CompilerServices.Unsafe\System.Runtime.CompilerServices.Unsafe.dll"
  at System.IO.FileStream..ctor (System.String path, System.IO.FileMode mode, System.IO.FileAccess access, System.IO.FileShare share, System.Int32 bufferSize, System.Boolean anonymous, System.IO.FileOptions options) [0x0019e] in <1eb9db207454431c84a47bcd81e79c37>:0 
  at System.IO.FileStream..ctor (System.String path, System.IO.FileMode mode, System.IO.FileAccess access, System.IO.FileShare share) [0x00000] in <1eb9db207454431c84a47bcd81e79c37>:0 
  at (wrapper remoting-invoke-with-check) System.IO.FileStream..ctor(string,System.IO.FileMode,System.IO.FileAccess,System.IO.FileShare)
  at Mono.Cecil.ModuleDefinition.GetFileStream (System.String fileName, System.IO.FileMode mode, System.IO.FileAccess access, System.IO.FileShare share) [0x00006] in <4e339395f8074c75847e518298d9c5fd>:0 
  at Mono.Cecil.ModuleDefinition.ReadModule (System.String fileName, Mono.Cecil.ReaderParameters parameters) [0x00008] in <4e339395f8074c75847e518298d9c5fd>:0 
  at Mono.Cecil.AssemblyDefinition.ReadAssembly (System.String fileName, Mono.Cecil.ReaderParameters parameters) [0x00000] in <4e339395f8074c75847e518298d9c5fd>:0 
  at UnityEditor.AssemblyValidation.LoadAssemblyDefinitions (System.String[] assemblyPaths, System.String[] searchPaths) [0x00048] in <5016c3a47c2a4a0cbfa8e12eb592279b>:0 
  at UnityEditor.AssemblyValidation.ValidateAssemblies (System.String[] assemblyPaths, System.Boolean enableLogging) [0x00007] in <5016c3a47c2a4a0cbfa8e12eb592279b>:0 

- Loaded All Assemblies, in  0.720 seconds
Refreshing native plugins compatible for Editor in 2.93 ms, found 4 plugins.
Native extension for WindowsStandalone target not found
[Package Manager] Failed to launch server process. Reason: Unity was launched with the -noUpm command-line argument
[Package Manager] Unable to send message (not connected to server process).
[Package Manager] Cannot connect to Unity Package Manager local server
ScheduleIndexationOnStartup MainProcess:False IndexOnStartup:True
Mono: successfully reloaded assembly
- Finished resetting the current domain, in  0.974 seconds
Domain Reload Profiling: 1691ms
	BeginReloadAssembly (231ms)
		ExecutionOrderSort (0ms)
		DisableScriptedObjects (19ms)
		BackupInstance (0ms)
		ReleaseScriptingObjects (0ms)
		CreateAndSetChildDomain (52ms)
	RebuildCommonClasses (37ms)
	RebuildNativeTypeToScriptingClass (12ms)
	initialDomainReloadingComplete (35ms)
	LoadAllAssembliesAndSetupDomain (402ms)
		LoadAssemblies (264ms)
		RebuildTransferFunctionScriptingTraits (0ms)
		AnalyzeDomain (235ms)
			TypeCache.Refresh (9ms)
				TypeCache.ScanAssembly (0ms)
			BuildScriptInfoCaches (211ms)
			ResolveRequiredComponents (9ms)
	FinalizeReload (975ms)
		ReleaseScriptCaches (0ms)
		RebuildScriptCaches (0ms)
		SetupLoadedEditorAssemblies (772ms)
			LogAssemblyErrors (0ms)
			InitializePlatformSupportModulesInManaged (2ms)
			SetLoadedEditorAssemblies (7ms)
			BeforeProcessingInitializeOnLoad (225ms)
			ProcessInitializeOnLoadAttributes (457ms)
			ProcessInitializeOnLoadMethodAttributes (69ms)
			AfterProcessingInitializeOnLoad (11ms)
			EditorAssembliesLoaded (1ms)
		ExecutionOrderSort2 (0ms)
		AwakeInstancesAfterBackupRestoration (19ms)
Refreshing native plugins compatible for Editor in 2.20 ms, found 4 plugins.
Preloading 0 native plugins for Editor in 0.00 ms.
Unloading 16 Unused Serialized files (Serialized files now loaded: 0)
Unloading 6923 unused Assets / (4.6 MB). Loaded Objects now: 7843.
Memory consumption went from 158.9 MB to 154.3 MB.
Total: 10.954700 ms (FindLiveObjects: 0.752700 ms CreateObjectMapping: 0.505200 ms MarkObjects: 7.046600 ms  DeleteObjects: 2.648000 ms)

Prepare: number of updated asset objects reloaded= 0
========================================================================
Received Prepare
Begin MonoManager ReloadAssembly
DirectoryNotFoundException: Could not find a part of the path "C:\Users\Elenilson\Downloads\A-Extraordinaria-Mente-de-Arthur--main\A-Extraordinaria-Mente-de-Arthur--main\Library\PackageCache\com.unity.collections@aea9d3bd5e19\Unity.Collections.Tests\System.Runtime.CompilerServices.Unsafe\System.Runtime.CompilerServices.Unsafe.dll"
  at System.IO.FileStream..ctor (System.String path, System.IO.FileMode mode, System.IO.FileAccess access, System.IO.FileShare share, System.Int32 bufferSize, System.Boolean anonymous, System.IO.FileOptions options) [0x0019e] in <1eb9db207454431c84a47bcd81e79c37>:0 
  at System.IO.FileStream..ctor (System.String path, System.IO.FileMode mode, System.IO.FileAccess access, System.IO.FileShare share) [0x00000] in <1eb9db207454431c84a47bcd81e79c37>:0 
  at (wrapper remoting-invoke-with-check) System.IO.FileStream..ctor(string,System.IO.FileMode,System.IO.FileAccess,System.IO.FileShare)
  at Mono.Cecil.ModuleDefinition.GetFileStream (System.String fileName, System.IO.FileMode mode, System.IO.FileAccess access, System.IO.FileShare share) [0x00006] in <4e339395f8074c75847e518298d9c5fd>:0 
  at Mono.Cecil.ModuleDefinition.ReadModule (System.String fileName, Mono.Cecil.ReaderParameters parameters) [0x00008] in <4e339395f8074c75847e518298d9c5fd>:0 
  at Mono.Cecil.AssemblyDefinition.ReadAssembly (System.String fileName, Mono.Cecil.ReaderParameters parameters) [0x00000] in <4e339395f8074c75847e518298d9c5fd>:0 
  at UnityEditor.AssemblyValidation.LoadAssemblyDefinitions (System.String[] assemblyPaths, System.String[] searchPaths) [0x00048] in <5016c3a47c2a4a0cbfa8e12eb592279b>:0 
  at UnityEditor.AssemblyValidation.ValidateAssemblies (System.String[] assemblyPaths, System.Boolean enableLogging) [0x00007] in <5016c3a47c2a4a0cbfa8e12eb592279b>:0 

- Loaded All Assemblies, in  0.718 seconds
Refreshing native plugins compatible for Editor in 2.41 ms, found 4 plugins.
Native extension for WindowsStandalone target not found
[Package Manager] Failed to launch server process. Reason: Unity was launched with the -noUpm command-line argument
[Package Manager] Unable to send message (not connected to server process).
[Package Manager] Cannot connect to Unity Package Manager local server
ScheduleIndexationOnStartup MainProcess:False IndexOnStartup:True
Mono: successfully reloaded assembly
- Finished resetting the current domain, in  1.033 seconds
Domain Reload Profiling: 1748ms
	BeginReloadAssembly (233ms)
		ExecutionOrderSort (0ms)
		DisableScriptedObjects (14ms)
		BackupInstance (0ms)
		ReleaseScriptingObjects (0ms)
		CreateAndSetChildDomain (51ms)
	RebuildCommonClasses (38ms)
	RebuildNativeTypeToScriptingClass (12ms)
	initialDomainReloadingComplete (34ms)
	LoadAllAssembliesAndSetupDomain (396ms)
		LoadAssemblies (268ms)
		RebuildTransferFunctionScriptingTraits (0ms)
		AnalyzeDomain (235ms)
			TypeCache.Refresh (6ms)
				TypeCache.ScanAssembly (0ms)
			BuildScriptInfoCaches (215ms)
			ResolveRequiredComponents (8ms)
	FinalizeReload (1034ms)
		ReleaseScriptCaches (0ms)
		RebuildScriptCaches (0ms)
		SetupLoadedEditorAssemblies (865ms)
			LogAssemblyErrors (0ms)
			InitializePlatformSupportModulesInManaged (2ms)
			SetLoadedEditorAssemblies (5ms)
			BeforeProcessingInitializeOnLoad (186ms)
			ProcessInitializeOnLoadAttributes (564ms)
			ProcessInitializeOnLoadMethodAttributes (97ms)
			AfterProcessingInitializeOnLoad (10ms)
			EditorAssembliesLoaded (1ms)
		ExecutionOrderSort2 (0ms)
		AwakeInstancesAfterBackupRestoration (19ms)
Refreshing native plugins compatible for Editor in 2.51 ms, found 4 plugins.
Preloading 0 native plugins for Editor in 0.00 ms.
Unloading 16 Unused Serialized files (Serialized files now loaded: 0)
Unloading 6923 unused Assets / (4.9 MB). Loaded Objects now: 7846.
Memory consumption went from 158.9 MB to 154.0 MB.
Total: 16.938200 ms (FindLiveObjects: 1.063900 ms CreateObjectMapping: 1.490600 ms MarkObjects: 9.774800 ms  DeleteObjects: 4.607500 ms)

Prepare: number of updated asset objects reloaded= 0
========================================================================
Received Prepare
Begin MonoManager ReloadAssembly
[Licensing::Client] Successfully resolved entitlement details
DirectoryNotFoundException: Could not find a part of the path "C:\Users\Elenilson\Downloads\A-Extraordinaria-Mente-de-Arthur--main\A-Extraordinaria-Mente-de-Arthur--main\Library\PackageCache\com.unity.collections@aea9d3bd5e19\Unity.Collections.Tests\System.Runtime.CompilerServices.Unsafe\System.Runtime.CompilerServices.Unsafe.dll"
  at System.IO.FileStream..ctor (System.String path, System.IO.FileMode mode, System.IO.FileAccess access, System.IO.FileShare share, System.Int32 bufferSize, System.Boolean anonymous, System.IO.FileOptions options) [0x0019e] in <1eb9db207454431c84a47bcd81e79c37>:0 
  at System.IO.FileStream..ctor (System.String path, System.IO.FileMode mode, System.IO.FileAccess access, System.IO.FileShare share) [0x00000] in <1eb9db207454431c84a47bcd81e79c37>:0 
  at (wrapper remoting-invoke-with-check) System.IO.FileStream..ctor(string,System.IO.FileMode,System.IO.FileAccess,System.IO.FileShare)
  at Mono.Cecil.ModuleDefinition.GetFileStream (System.String fileName, System.IO.FileMode mode, System.IO.FileAccess access, System.IO.FileShare share) [0x00006] in <4e339395f8074c75847e518298d9c5fd>:0 
  at Mono.Cecil.ModuleDefinition.ReadModule (System.String fileName, Mono.Cecil.ReaderParameters parameters) [0x00008] in <4e339395f8074c75847e518298d9c5fd>:0 
  at Mono.Cecil.AssemblyDefinition.ReadAssembly (System.String fileName, Mono.Cecil.ReaderParameters parameters) [0x00000] in <4e339395f8074c75847e518298d9c5fd>:0 
  at UnityEditor.AssemblyValidation.LoadAssemblyDefinitions (System.String[] assemblyPaths, System.String[] searchPaths) [0x00048] in <5016c3a47c2a4a0cbfa8e12eb592279b>:0 
  at UnityEditor.AssemblyValidation.ValidateAssemblies (System.String[] assemblyPaths, System.Boolean enableLogging) [0x00007] in <5016c3a47c2a4a0cbfa8e12eb592279b>:0 

- Loaded All Assemblies, in  0.721 seconds
Refreshing native plugins compatible for Editor in 2.22 ms, found 4 plugins.
Native extension for WindowsStandalone target not found
[Package Manager] Failed to launch server process. Reason: Unity was launched with the -noUpm command-line argument
[Package Manager] Unable to send message (not connected to server process).
[Package Manager] Cannot connect to Unity Package Manager local server
ScheduleIndexationOnStartup MainProcess:False IndexOnStartup:True
Mono: successfully reloaded assembly
- Finished resetting the current domain, in  0.991 seconds
Domain Reload Profiling: 1711ms
	BeginReloadAssembly (225ms)
		ExecutionOrderSort (0ms)
		DisableScriptedObjects (19ms)
		BackupInstance (0ms)
		ReleaseScriptingObjects (0ms)
		CreateAndSetChildDomain (54ms)
	RebuildCommonClasses (37ms)
	RebuildNativeTypeToScriptingClass (18ms)
	initialDomainReloadingComplete (35ms)
	LoadAllAssembliesAndSetupDomain (405ms)
		LoadAssemblies (256ms)
		RebuildTransferFunctionScriptingTraits (0ms)
		AnalyzeDomain (240ms)
			TypeCache.Refresh (6ms)
				TypeCache.ScanAssembly (0ms)
			BuildScriptInfoCaches (220ms)
			ResolveRequiredComponents (9ms)
	FinalizeReload (992ms)
		ReleaseScriptCaches (0ms)
		RebuildScriptCaches (0ms)
		SetupLoadedEditorAssemblies (830ms)
			LogAssemblyErrors (0ms)
			InitializePlatformSupportModulesInManaged (2ms)
			SetLoadedEditorAssemblies (6ms)
			BeforeProcessingInitializeOnLoad (183ms)
			ProcessInitializeOnLoadAttributes (560ms)
			ProcessInitializeOnLoadMethodAttributes (72ms)
			AfterProcessingInitializeOnLoad (8ms)
			EditorAssembliesLoaded (0ms)
		ExecutionOrderSort2 (0ms)
		AwakeInstancesAfterBackupRestoration (16ms)
Refreshing native plugins compatible for Editor in 2.85 ms, found 4 plugins.
Preloading 0 native plugins for Editor in 0.00 ms.
Unloading 16 Unused Serialized files (Serialized files now loaded: 0)
Unloading 6923 unused Assets / (4.8 MB). Loaded Objects now: 7849.
Memory consumption went from 159.0 MB to 154.2 MB.
Total: 16.296000 ms (FindLiveObjects: 0.838500 ms CreateObjectMapping: 1.028900 ms MarkObjects: 9.995200 ms  DeleteObjects: 4.431800 ms)

Prepare: number of updated asset objects reloaded= 0
========================================================================
Received Prepare
Begin MonoManager ReloadAssembly
DirectoryNotFoundException: Could not find a part of the path "C:\Users\Elenilson\Downloads\A-Extraordinaria-Mente-de-Arthur--main\A-Extraordinaria-Mente-de-Arthur--main\Library\PackageCache\com.unity.collections@aea9d3bd5e19\Unity.Collections.Tests\System.Runtime.CompilerServices.Unsafe\System.Runtime.CompilerServices.Unsafe.dll"
  at System.IO.FileStream..ctor (System.String path, System.IO.FileMode mode, System.IO.FileAccess access, System.IO.FileShare share, System.Int32 bufferSize, System.Boolean anonymous, System.IO.FileOptions options) [0x0019e] in <1eb9db207454431c84a47bcd81e79c37>:0 
  at System.IO.FileStream..ctor (System.String path, System.IO.FileMode mode, System.IO.FileAccess access, System.IO.FileShare share) [0x00000] in <1eb9db207454431c84a47bcd81e79c37>:0 
  at (wrapper remoting-invoke-with-check) System.IO.FileStream..ctor(string,System.IO.FileMode,System.IO.FileAccess,System.IO.FileShare)
  at Mono.Cecil.ModuleDefinition.GetFileStream (System.String fileName, System.IO.FileMode mode, System.IO.FileAccess access, System.IO.FileShare share) [0x00006] in <4e339395f8074c75847e518298d9c5fd>:0 
  at Mono.Cecil.ModuleDefinition.ReadModule (System.String fileName, Mono.Cecil.ReaderParameters parameters) [0x00008] in <4e339395f8074c75847e518298d9c5fd>:0 
  at Mono.Cecil.AssemblyDefinition.ReadAssembly (System.String fileName, Mono.Cecil.ReaderParameters parameters) [0x00000] in <4e339395f8074c75847e518298d9c5fd>:0 
  at UnityEditor.AssemblyValidation.LoadAssemblyDefinitions (System.String[] assemblyPaths, System.String[] searchPaths) [0x00048] in <5016c3a47c2a4a0cbfa8e12eb592279b>:0 
  at UnityEditor.AssemblyValidation.ValidateAssemblies (System.String[] assemblyPaths, System.Boolean enableLogging) [0x00007] in <5016c3a47c2a4a0cbfa8e12eb592279b>:0 

- Loaded All Assemblies, in  0.720 seconds
Refreshing native plugins compatible for Editor in 2.52 ms, found 4 plugins.
Native extension for WindowsStandalone target not found
[Package Manager] Failed to launch server process. Reason: Unity was launched with the -noUpm command-line argument
[Package Manager] Unable to send message (not connected to server process).
[Package Manager] Cannot connect to Unity Package Manager local server
ScheduleIndexationOnStartup MainProcess:False IndexOnStartup:True
Mono: successfully reloaded assembly
- Finished resetting the current domain, in  1.100 seconds
Domain Reload Profiling: 1817ms
	BeginReloadAssembly (229ms)
		ExecutionOrderSort (0ms)
		DisableScriptedObjects (13ms)
		BackupInstance (0ms)
		ReleaseScriptingObjects (0ms)
		CreateAndSetChildDomain (51ms)
	RebuildCommonClasses (40ms)
	RebuildNativeTypeToScriptingClass (12ms)
	initialDomainReloadingComplete (32ms)
	LoadAllAssembliesAndSetupDomain (403ms)
		LoadAssemblies (269ms)
		RebuildTransferFunctionScriptingTraits (0ms)
		AnalyzeDomain (238ms)
			TypeCache.Refresh (6ms)
				TypeCache.ScanAssembly (0ms)
			BuildScriptInfoCaches (218ms)
			ResolveRequiredComponents (9ms)
	FinalizeReload (1101ms)
		ReleaseScriptCaches (0ms)
		RebuildScriptCaches (0ms)
		SetupLoadedEditorAssemblies (927ms)
			LogAssemblyErrors (0ms)
			InitializePlatformSupportModulesInManaged (2ms)
			SetLoadedEditorAssemblies (8ms)
			BeforeProcessingInitializeOnLoad (223ms)
			ProcessInitializeOnLoadAttributes (578ms)
			ProcessInitializeOnLoadMethodAttributes (106ms)
			AfterProcessingInitializeOnLoad (11ms)
			EditorAssembliesLoaded (1ms)
		ExecutionOrderSort2 (0ms)
		AwakeInstancesAfterBackupRestoration (20ms)
Refreshing native plugins compatible for Editor in 2.89 ms, found 4 plugins.
Preloading 0 native plugins for Editor in 0.00 ms.
Unloading 16 Unused Serialized files (Serialized files now loaded: 0)
Unloading 6923 unused Assets / (4.8 MB). Loaded Objects now: 7852.
Memory consumption went from 159.0 MB to 154.2 MB.
Total: 15.385000 ms (FindLiveObjects: 1.045600 ms CreateObjectMapping: 1.095300 ms MarkObjects: 9.127700 ms  DeleteObjects: 4.114400 ms)

Prepare: number of updated asset objects reloaded= 0
========================================================================
Received Prepare
Begin MonoManager ReloadAssembly
[Licensing::Client] Successfully resolved entitlement details
DirectoryNotFoundException: Could not find a part of the path "C:\Users\Elenilson\Downloads\A-Extraordinaria-Mente-de-Arthur--main\A-Extraordinaria-Mente-de-Arthur--main\Library\PackageCache\com.unity.collections@aea9d3bd5e19\Unity.Collections.Tests\System.Runtime.CompilerServices.Unsafe\System.Runtime.CompilerServices.Unsafe.dll"
  at System.IO.FileStream..ctor (System.String path, System.IO.FileMode mode, System.IO.FileAccess access, System.IO.FileShare share, System.Int32 bufferSize, System.Boolean anonymous, System.IO.FileOptions options) [0x0019e] in <1eb9db207454431c84a47bcd81e79c37>:0 
  at System.IO.FileStream..ctor (System.String path, System.IO.FileMode mode, System.IO.FileAccess access, System.IO.FileShare share) [0x00000] in <1eb9db207454431c84a47bcd81e79c37>:0 
  at (wrapper remoting-invoke-with-check) System.IO.FileStream..ctor(string,System.IO.FileMode,System.IO.FileAccess,System.IO.FileShare)
  at Mono.Cecil.ModuleDefinition.GetFileStream (System.String fileName, System.IO.FileMode mode, System.IO.FileAccess access, System.IO.FileShare share) [0x00006] in <4e339395f8074c75847e518298d9c5fd>:0 
  at Mono.Cecil.ModuleDefinition.ReadModule (System.String fileName, Mono.Cecil.ReaderParameters parameters) [0x00008] in <4e339395f8074c75847e518298d9c5fd>:0 
  at Mono.Cecil.AssemblyDefinition.ReadAssembly (System.String fileName, Mono.Cecil.ReaderParameters parameters) [0x00000] in <4e339395f8074c75847e518298d9c5fd>:0 
  at UnityEditor.AssemblyValidation.LoadAssemblyDefinitions (System.String[] assemblyPaths, System.String[] searchPaths) [0x00048] in <5016c3a47c2a4a0cbfa8e12eb592279b>:0 
  at UnityEditor.AssemblyValidation.ValidateAssemblies (System.String[] assemblyPaths, System.Boolean enableLogging) [0x00007] in <5016c3a47c2a4a0cbfa8e12eb592279b>:0 

- Loaded All Assemblies, in  0.795 seconds
Refreshing native plugins compatible for Editor in 2.32 ms, found 4 plugins.
Native extension for WindowsStandalone target not found
[Package Manager] Failed to launch server process. Reason: Unity was launched with the -noUpm command-line argument
[Package Manager] Unable to send message (not connected to server process).
[Package Manager] Cannot connect to Unity Package Manager local server
ScheduleIndexationOnStartup MainProcess:False IndexOnStartup:True
Mono: successfully reloaded assembly
- Finished resetting the current domain, in  1.134 seconds
Domain Reload Profiling: 1927ms
	BeginReloadAssembly (251ms)
		ExecutionOrderSort (0ms)
		DisableScriptedObjects (17ms)
		BackupInstance (0ms)
		ReleaseScriptingObjects (0ms)
		CreateAndSetChildDomain (59ms)
	RebuildCommonClasses (41ms)
	RebuildNativeTypeToScriptingClass (13ms)
	initialDomainReloadingComplete (35ms)
	LoadAllAssembliesAndSetupDomain (451ms)
		LoadAssemblies (296ms)
		RebuildTransferFunctionScriptingTraits (0ms)
		AnalyzeDomain (261ms)
			TypeCache.Refresh (7ms)
				TypeCache.ScanAssembly (0ms)
			BuildScriptInfoCaches (238ms)
			ResolveRequiredComponents (10ms)
	FinalizeReload (1135ms)
		ReleaseScriptCaches (0ms)
		RebuildScriptCaches (0ms)
		SetupLoadedEditorAssemblies (939ms)
			LogAssemblyErrors (0ms)
			InitializePlatformSupportModulesInManaged (2ms)
			SetLoadedEditorAssemblies (6ms)
			BeforeProcessingInitializeOnLoad (213ms)
			ProcessInitializeOnLoadAttributes (592ms)
			ProcessInitializeOnLoadMethodAttributes (113ms)
			AfterProcessingInitializeOnLoad (12ms)
			EditorAssembliesLoaded (1ms)
		ExecutionOrderSort2 (0ms)
		AwakeInstancesAfterBackupRestoration (21ms)
Refreshing native plugins compatible for Editor in 3.40 ms, found 4 plugins.
Preloading 0 native plugins for Editor in 0.00 ms.
Unloading 16 Unused Serialized files (Serialized files now loaded: 0)
Unloading 6923 unused Assets / (4.7 MB). Loaded Objects now: 7855.
Memory consumption went from 159.1 MB to 154.4 MB.
Total: 16.447500 ms (FindLiveObjects: 1.188600 ms CreateObjectMapping: 1.005900 ms MarkObjects: 10.198500 ms  DeleteObjects: 4.053000 ms)

Prepare: number of updated asset objects reloaded= 0
========================================================================
Received Prepare
Refreshing native plugins compatible for Editor in 3.95 ms, found 4 plugins.
Preloading 0 native plugins for Editor in 0.00 ms.
Unloading 16 Unused Serialized files (Serialized files now loaded: 0)
Unloading 6913 unused Assets / (5.7 MB). Loaded Objects now: 7855.
Memory consumption went from 159.3 MB to 153.6 MB.
Total: 23.746400 ms (FindLiveObjects: 1.872300 ms CreateObjectMapping: 2.547600 ms MarkObjects: 11.831500 ms  DeleteObjects: 7.493100 ms)

Prepare: number of updated asset objects reloaded= 0
========================================================================
Received Prepare
Begin MonoManager ReloadAssembly
[Licensing::Client] Successfully resolved entitlement details
DirectoryNotFoundException: Could not find a part of the path "C:\Users\Elenilson\Downloads\A-Extraordinaria-Mente-de-Arthur--main\A-Extraordinaria-Mente-de-Arthur--main\Library\PackageCache\com.unity.collections@aea9d3bd5e19\Unity.Collections.Tests\System.Runtime.CompilerServices.Unsafe\System.Runtime.CompilerServices.Unsafe.dll"
  at System.IO.FileStream..ctor (System.String path, System.IO.FileMode mode, System.IO.FileAccess access, System.IO.FileShare share, System.Int32 bufferSize, System.Boolean anonymous, System.IO.FileOptions options) [0x0019e] in <1eb9db207454431c84a47bcd81e79c37>:0 
  at System.IO.FileStream..ctor (System.String path, System.IO.FileMode mode, System.IO.FileAccess access, System.IO.FileShare share) [0x00000] in <1eb9db207454431c84a47bcd81e79c37>:0 
  at (wrapper remoting-invoke-with-check) System.IO.FileStream..ctor(string,System.IO.FileMode,System.IO.FileAccess,System.IO.FileShare)
  at Mono.Cecil.ModuleDefinition.GetFileStream (System.String fileName, System.IO.FileMode mode, System.IO.FileAccess access, System.IO.FileShare share) [0x00006] in <4e339395f8074c75847e518298d9c5fd>:0 
  at Mono.Cecil.ModuleDefinition.ReadModule (System.String fileName, Mono.Cecil.ReaderParameters parameters) [0x00008] in <4e339395f8074c75847e518298d9c5fd>:0 
  at Mono.Cecil.AssemblyDefinition.ReadAssembly (System.String fileName, Mono.Cecil.ReaderParameters parameters) [0x00000] in <4e339395f8074c75847e518298d9c5fd>:0 
  at UnityEditor.AssemblyValidation.LoadAssemblyDefinitions (System.String[] assemblyPaths, System.String[] searchPaths) [0x00048] in <5016c3a47c2a4a0cbfa8e12eb592279b>:0 
  at UnityEditor.AssemblyValidation.ValidateAssemblies (System.String[] assemblyPaths, System.Boolean enableLogging) [0x00007] in <5016c3a47c2a4a0cbfa8e12eb592279b>:0 

- Loaded All Assemblies, in  1.063 seconds
Refreshing native plugins compatible for Editor in 3.90 ms, found 4 plugins.
Native extension for WindowsStandalone target not found
[Package Manager] Failed to launch server process. Reason: Unity was launched with the -noUpm command-line argument
[Package Manager] Unable to send message (not connected to server process).
[Package Manager] Cannot connect to Unity Package Manager local server
ScheduleIndexationOnStartup MainProcess:False IndexOnStartup:True
Mono: successfully reloaded assembly
- Finished resetting the current domain, in  1.083 seconds
Domain Reload Profiling: 2138ms
	BeginReloadAssembly (326ms)
		ExecutionOrderSort (0ms)
		DisableScriptedObjects (25ms)
		BackupInstance (0ms)
		ReleaseScriptingObjects (0ms)
		CreateAndSetChildDomain (75ms)
	RebuildCommonClasses (61ms)
	RebuildNativeTypeToScriptingClass (16ms)
	initialDomainReloadingComplete (45ms)
	LoadAllAssembliesAndSetupDomain (607ms)
		LoadAssemblies (380ms)
		RebuildTransferFunctionScriptingTraits (0ms)
		AnalyzeDomain (364ms)
			TypeCache.Refresh (14ms)
				TypeCache.ScanAssembly (1ms)
			BuildScriptInfoCaches (328ms)
			ResolveRequiredComponents (15ms)
	FinalizeReload (1084ms)
		ReleaseScriptCaches (0ms)
		RebuildScriptCaches (0ms)
		SetupLoadedEditorAssemblies (835ms)
			LogAssemblyErrors (0ms)
			InitializePlatformSupportModulesInManaged (2ms)
			SetLoadedEditorAssemblies (7ms)
			BeforeProcessingInitializeOnLoad (217ms)
			ProcessInitializeOnLoadAttributes (512ms)
			ProcessInitializeOnLoadMethodAttributes (88ms)
			AfterProcessingInitializeOnLoad (9ms)
			EditorAssembliesLoaded (1ms)
		ExecutionOrderSort2 (0ms)
		AwakeInstancesAfterBackupRestoration (17ms)
Refreshing native plugins compatible for Editor in 2.51 ms, found 4 plugins.
Preloading 0 native plugins for Editor in 0.00 ms.
Unloading 16 Unused Serialized files (Serialized files now loaded: 0)
Unloading 6923 unused Assets / (4.5 MB). Loaded Objects now: 7858.
Memory consumption went from 159.1 MB to 154.5 MB.
Total: 13.317400 ms (FindLiveObjects: 0.835200 ms CreateObjectMapping: 0.618900 ms MarkObjects: 7.799100 ms  DeleteObjects: 4.062500 ms)

Prepare: number of updated asset objects reloaded= 0
========================================================================
Received Prepare
Begin MonoManager ReloadAssembly
DirectoryNotFoundException: Could not find a part of the path "C:\Users\Elenilson\Downloads\A-Extraordinaria-Mente-de-Arthur--main\A-Extraordinaria-Mente-de-Arthur--main\Library\PackageCache\com.unity.collections@aea9d3bd5e19\Unity.Collections.Tests\System.Runtime.CompilerServices.Unsafe\System.Runtime.CompilerServices.Unsafe.dll"
  at System.IO.FileStream..ctor (System.String path, System.IO.FileMode mode, System.IO.FileAccess access, System.IO.FileShare share, System.Int32 bufferSize, System.Boolean anonymous, System.IO.FileOptions options) [0x0019e] in <1eb9db207454431c84a47bcd81e79c37>:0 
  at System.IO.FileStream..ctor (System.String path, System.IO.FileMode mode, System.IO.FileAccess access, System.IO.FileShare share) [0x00000] in <1eb9db207454431c84a47bcd81e79c37>:0 
  at (wrapper remoting-invoke-with-check) System.IO.FileStream..ctor(string,System.IO.FileMode,System.IO.FileAccess,System.IO.FileShare)
  at Mono.Cecil.ModuleDefinition.GetFileStream (System.String fileName, System.IO.FileMode mode, System.IO.FileAccess access, System.IO.FileShare share) [0x00006] in <4e339395f8074c75847e518298d9c5fd>:0 
  at Mono.Cecil.ModuleDefinition.ReadModule (System.String fileName, Mono.Cecil.ReaderParameters parameters) [0x00008] in <4e339395f8074c75847e518298d9c5fd>:0 
  at Mono.Cecil.AssemblyDefinition.ReadAssembly (System.String fileName, Mono.Cecil.ReaderParameters parameters) [0x00000] in <4e339395f8074c75847e518298d9c5fd>:0 
  at UnityEditor.AssemblyValidation.LoadAssemblyDefinitions (System.String[] assemblyPaths, System.String[] searchPaths) [0x00048] in <5016c3a47c2a4a0cbfa8e12eb592279b>:0 
  at UnityEditor.AssemblyValidation.ValidateAssemblies (System.String[] assemblyPaths, System.Boolean enableLogging) [0x00007] in <5016c3a47c2a4a0cbfa8e12eb592279b>:0 

- Loaded All Assemblies, in  0.869 seconds
Refreshing native plugins compatible for Editor in 3.07 ms, found 4 plugins.
Native extension for WindowsStandalone target not found
[Package Manager] Failed to launch server process. Reason: Unity was launched with the -noUpm command-line argument
[Package Manager] Unable to send message (not connected to server process).
[Package Manager] Cannot connect to Unity Package Manager local server
ScheduleIndexationOnStartup MainProcess:False IndexOnStartup:True
Mono: successfully reloaded assembly
- Finished resetting the current domain, in  1.252 seconds
Domain Reload Profiling: 2117ms
	BeginReloadAssembly (275ms)
		ExecutionOrderSort (0ms)
		DisableScriptedObjects (18ms)
		BackupInstance (0ms)
		ReleaseScriptingObjects (0ms)
		CreateAndSetChildDomain (62ms)
	RebuildCommonClasses (48ms)
	RebuildNativeTypeToScriptingClass (17ms)
	initialDomainReloadingComplete (41ms)
	LoadAllAssembliesAndSetupDomain (484ms)
		LoadAssemblies (314ms)
		RebuildTransferFunctionScriptingTraits (0ms)
		AnalyzeDomain (295ms)
			TypeCache.Refresh (10ms)
				TypeCache.ScanAssembly (0ms)
			BuildScriptInfoCaches (270ms)
			ResolveRequiredComponents (10ms)
	FinalizeReload (1252ms)
		ReleaseScriptCaches (0ms)
		RebuildScriptCaches (0ms)
		SetupLoadedEditorAssemblies (1035ms)
			LogAssemblyErrors (0ms)
			InitializePlatformSupportModulesInManaged (2ms)
			SetLoadedEditorAssemblies (7ms)
			BeforeProcessingInitializeOnLoad (237ms)
			ProcessInitializeOnLoadAttributes (666ms)
			ProcessInitializeOnLoadMethodAttributes (110ms)
			AfterProcessingInitializeOnLoad (13ms)
			EditorAssembliesLoaded (1ms)
		ExecutionOrderSort2 (0ms)
		AwakeInstancesAfterBackupRestoration (24ms)
Refreshing native plugins compatible for Editor in 4.88 ms, found 4 plugins.
Preloading 0 native plugins for Editor in 0.00 ms.
Unloading 16 Unused Serialized files (Serialized files now loaded: 0)
Unloading 6923 unused Assets / (4.2 MB). Loaded Objects now: 7861.
Memory consumption went from 159.2 MB to 155.0 MB.
Total: 20.783000 ms (FindLiveObjects: 1.751900 ms CreateObjectMapping: 1.611000 ms MarkObjects: 13.228000 ms  DeleteObjects: 4.190300 ms)

Prepare: number of updated asset objects reloaded= 0
========================================================================
Received Prepare
Refreshing native plugins compatible for Editor in 4.65 ms, found 4 plugins.
Preloading 0 native plugins for Editor in 0.00 ms.
Unloading 16 Unused Serialized files (Serialized files now loaded: 0)
Unloading 6913 unused Assets / (4.6 MB). Loaded Objects now: 7861.
Memory consumption went from 159.4 MB to 154.8 MB.
Total: 20.501700 ms (FindLiveObjects: 1.876100 ms CreateObjectMapping: 2.090200 ms MarkObjects: 10.867200 ms  DeleteObjects: 5.665800 ms)

Prepare: number of updated asset objects reloaded= 0
========================================================================
Received Prepare
Begin MonoManager ReloadAssembly
DirectoryNotFoundException: Could not find a part of the path "C:\Users\Elenilson\Downloads\A-Extraordinaria-Mente-de-Arthur--main\A-Extraordinaria-Mente-de-Arthur--main\Library\PackageCache\com.unity.collections@aea9d3bd5e19\Unity.Collections.Tests\System.Runtime.CompilerServices.Unsafe\System.Runtime.CompilerServices.Unsafe.dll"
  at System.IO.FileStream..ctor (System.String path, System.IO.FileMode mode, System.IO.FileAccess access, System.IO.FileShare share, System.Int32 bufferSize, System.Boolean anonymous, System.IO.FileOptions options) [0x0019e] in <1eb9db207454431c84a47bcd81e79c37>:0 
  at System.IO.FileStream..ctor (System.String path, System.IO.FileMode mode, System.IO.FileAccess access, System.IO.FileShare share) [0x00000] in <1eb9db207454431c84a47bcd81e79c37>:0 
  at (wrapper remoting-invoke-with-check) System.IO.FileStream..ctor(string,System.IO.FileMode,System.IO.FileAccess,System.IO.FileShare)
  at Mono.Cecil.ModuleDefinition.GetFileStream (System.String fileName, System.IO.FileMode mode, System.IO.FileAccess access, System.IO.FileShare share) [0x00006] in <4e339395f8074c75847e518298d9c5fd>:0 
  at Mono.Cecil.ModuleDefinition.ReadModule (System.String fileName, Mono.Cecil.ReaderParameters parameters) [0x00008] in <4e339395f8074c75847e518298d9c5fd>:0 
  at Mono.Cecil.AssemblyDefinition.ReadAssembly (System.String fileName, Mono.Cecil.ReaderParameters parameters) [0x00000] in <4e339395f8074c75847e518298d9c5fd>:0 
  at UnityEditor.AssemblyValidation.LoadAssemblyDefinitions (System.String[] assemblyPaths, System.String[] searchPaths) [0x00048] in <5016c3a47c2a4a0cbfa8e12eb592279b>:0 
  at UnityEditor.AssemblyValidation.ValidateAssemblies (System.String[] assemblyPaths, System.Boolean enableLogging) [0x00007] in <5016c3a47c2a4a0cbfa8e12eb592279b>:0 

- Loaded All Assemblies, in  1.039 seconds
Refreshing native plugins compatible for Editor in 2.85 ms, found 4 plugins.
Native extension for WindowsStandalone target not found
[Package Manager] Failed to launch server process. Reason: Unity was launched with the -noUpm command-line argument
[Package Manager] Unable to send message (not connected to server process).
[Package Manager] Cannot connect to Unity Package Manager local server
ScheduleIndexationOnStartup MainProcess:False IndexOnStartup:True
Mono: successfully reloaded assembly
- Finished resetting the current domain, in  1.127 seconds
Domain Reload Profiling: 2160ms
	BeginReloadAssembly (319ms)
		ExecutionOrderSort (0ms)
		DisableScriptedObjects (23ms)
		BackupInstance (0ms)
		ReleaseScriptingObjects (0ms)
		CreateAndSetChildDomain (73ms)
	RebuildCommonClasses (45ms)
	RebuildNativeTypeToScriptingClass (18ms)
	initialDomainReloadingComplete (50ms)
	LoadAllAssembliesAndSetupDomain (599ms)
		LoadAssemblies (358ms)
		RebuildTransferFunctionScriptingTraits (0ms)
		AnalyzeDomain (377ms)
			TypeCache.Refresh (12ms)
				TypeCache.ScanAssembly (1ms)
			BuildScriptInfoCaches (341ms)
			ResolveRequiredComponents (17ms)
	FinalizeReload (1128ms)
		ReleaseScriptCaches (0ms)
		RebuildScriptCaches (0ms)
		SetupLoadedEditorAssemblies (895ms)
			LogAssemblyErrors (0ms)
			InitializePlatformSupportModulesInManaged (3ms)
			SetLoadedEditorAssemblies (6ms)
			BeforeProcessingInitializeOnLoad (229ms)
			ProcessInitializeOnLoadAttributes (558ms)
			ProcessInitializeOnLoadMethodAttributes (89ms)
			AfterProcessingInitializeOnLoad (9ms)
			EditorAssembliesLoaded (0ms)
		ExecutionOrderSort2 (0ms)
		AwakeInstancesAfterBackupRestoration (19ms)
Refreshing native plugins compatible for Editor in 2.46 ms, found 4 plugins.
Preloading 0 native plugins for Editor in 0.00 ms.
Unloading 16 Unused Serialized files (Serialized files now loaded: 0)
Unloading 6923 unused Assets / (4.5 MB). Loaded Objects now: 7864.
Memory consumption went from 159.2 MB to 154.8 MB.
Total: 12.409800 ms (FindLiveObjects: 1.544100 ms CreateObjectMapping: 1.377000 ms MarkObjects: 6.886200 ms  DeleteObjects: 2.600800 ms)

Prepare: number of updated asset objects reloaded= 0
========================================================================
Received Prepare
Begin MonoManager ReloadAssembly
[Licensing::Client] Successfully resolved entitlement details
DirectoryNotFoundException: Could not find a part of the path "C:\Users\Elenilson\Downloads\A-Extraordinaria-Mente-de-Arthur--main\A-Extraordinaria-Mente-de-Arthur--main\Library\PackageCache\com.unity.collections@aea9d3bd5e19\Unity.Collections.Tests\System.Runtime.CompilerServices.Unsafe\System.Runtime.CompilerServices.Unsafe.dll"
  at System.IO.FileStream..ctor (System.String path, System.IO.FileMode mode, System.IO.FileAccess access, System.IO.FileShare share, System.Int32 bufferSize, System.Boolean anonymous, System.IO.FileOptions options) [0x0019e] in <1eb9db207454431c84a47bcd81e79c37>:0 
  at System.IO.FileStream..ctor (System.String path, System.IO.FileMode mode, System.IO.FileAccess access, System.IO.FileShare share) [0x00000] in <1eb9db207454431c84a47bcd81e79c37>:0 
  at (wrapper remoting-invoke-with-check) System.IO.FileStream..ctor(string,System.IO.FileMode,System.IO.FileAccess,System.IO.FileShare)
  at Mono.Cecil.ModuleDefinition.GetFileStream (System.String fileName, System.IO.FileMode mode, System.IO.FileAccess access, System.IO.FileShare share) [0x00006] in <4e339395f8074c75847e518298d9c5fd>:0 
  at Mono.Cecil.ModuleDefinition.ReadModule (System.String fileName, Mono.Cecil.ReaderParameters parameters) [0x00008] in <4e339395f8074c75847e518298d9c5fd>:0 
  at Mono.Cecil.AssemblyDefinition.ReadAssembly (System.String fileName, Mono.Cecil.ReaderParameters parameters) [0x00000] in <4e339395f8074c75847e518298d9c5fd>:0 
  at UnityEditor.AssemblyValidation.LoadAssemblyDefinitions (System.String[] assemblyPaths, System.String[] searchPaths) [0x00048] in <5016c3a47c2a4a0cbfa8e12eb592279b>:0 
  at UnityEditor.AssemblyValidation.ValidateAssemblies (System.String[] assemblyPaths, System.Boolean enableLogging) [0x00007] in <5016c3a47c2a4a0cbfa8e12eb592279b>:0 

- Loaded All Assemblies, in  0.887 seconds
Refreshing native plugins compatible for Editor in 4.56 ms, found 4 plugins.
Native extension for WindowsStandalone target not found
[Package Manager] Failed to launch server process. Reason: Unity was launched with the -noUpm command-line argument
[Package Manager] Unable to send message (not connected to server process).
[Package Manager] Cannot connect to Unity Package Manager local server
ScheduleIndexationOnStartup MainProcess:False IndexOnStartup:True
Mono: successfully reloaded assembly
- Finished resetting the current domain, in  1.243 seconds
Domain Reload Profiling: 2127ms
	BeginReloadAssembly (259ms)
		ExecutionOrderSort (0ms)
		DisableScriptedObjects (20ms)
		BackupInstance (0ms)
		ReleaseScriptingObjects (0ms)
		CreateAndSetChildDomain (61ms)
	RebuildCommonClasses (47ms)
	RebuildNativeTypeToScriptingClass (14ms)
	initialDomainReloadingComplete (37ms)
	LoadAllAssembliesAndSetupDomain (526ms)
		LoadAssemblies (302ms)
		RebuildTransferFunctionScriptingTraits (0ms)
		AnalyzeDomain (333ms)
			TypeCache.Refresh (8ms)
				TypeCache.ScanAssembly (0ms)
			BuildScriptInfoCaches (308ms)
			ResolveRequiredComponents (11ms)
	FinalizeReload (1244ms)
		ReleaseScriptCaches (0ms)
		RebuildScriptCaches (0ms)
		SetupLoadedEditorAssemblies (1039ms)
			LogAssemblyErrors (0ms)
			InitializePlatformSupportModulesInManaged (2ms)
			SetLoadedEditorAssemblies (6ms)
			BeforeProcessingInitializeOnLoad (214ms)
			ProcessInitializeOnLoadAttributes (689ms)
			ProcessInitializeOnLoadMethodAttributes (113ms)
			AfterProcessingInitializeOnLoad (15ms)
			EditorAssembliesLoaded (0ms)
		ExecutionOrderSort2 (0ms)
		AwakeInstancesAfterBackupRestoration (23ms)
Refreshing native plugins compatible for Editor in 3.16 ms, found 4 plugins.
Preloading 0 native plugins for Editor in 0.00 ms.
Unloading 16 Unused Serialized files (Serialized files now loaded: 0)
Unloading 6923 unused Assets / (4.7 MB). Loaded Objects now: 7867.
Memory consumption went from 159.3 MB to 154.6 MB.
Total: 17.501600 ms (FindLiveObjects: 1.244800 ms CreateObjectMapping: 1.449600 ms MarkObjects: 10.675800 ms  DeleteObjects: 4.129500 ms)

Prepare: number of updated asset objects reloaded= 0
========================================================================
Received Prepare
Begin MonoManager ReloadAssembly
DirectoryNotFoundException: Could not find a part of the path "C:\Users\Elenilson\Downloads\A-Extraordinaria-Mente-de-Arthur--main\A-Extraordinaria-Mente-de-Arthur--main\Library\PackageCache\com.unity.collections@aea9d3bd5e19\Unity.Collections.Tests\System.Runtime.CompilerServices.Unsafe\System.Runtime.CompilerServices.Unsafe.dll"
  at System.IO.FileStream..ctor (System.String path, System.IO.FileMode mode, System.IO.FileAccess access, System.IO.FileShare share, System.Int32 bufferSize, System.Boolean anonymous, System.IO.FileOptions options) [0x0019e] in <1eb9db207454431c84a47bcd81e79c37>:0 
  at System.IO.FileStream..ctor (System.String path, System.IO.FileMode mode, System.IO.FileAccess access, System.IO.FileShare share) [0x00000] in <1eb9db207454431c84a47bcd81e79c37>:0 
  at (wrapper remoting-invoke-with-check) System.IO.FileStream..ctor(string,System.IO.FileMode,System.IO.FileAccess,System.IO.FileShare)
  at Mono.Cecil.ModuleDefinition.GetFileStream (System.String fileName, System.IO.FileMode mode, System.IO.FileAccess access, System.IO.FileShare share) [0x00006] in <4e339395f8074c75847e518298d9c5fd>:0 
  at Mono.Cecil.ModuleDefinition.ReadModule (System.String fileName, Mono.Cecil.ReaderParameters parameters) [0x00008] in <4e339395f8074c75847e518298d9c5fd>:0 
  at Mono.Cecil.AssemblyDefinition.ReadAssembly (System.String fileName, Mono.Cecil.ReaderParameters parameters) [0x00000] in <4e339395f8074c75847e518298d9c5fd>:0 
  at UnityEditor.AssemblyValidation.LoadAssemblyDefinitions (System.String[] assemblyPaths, System.String[] searchPaths) [0x00048] in <5016c3a47c2a4a0cbfa8e12eb592279b>:0 
  at UnityEditor.AssemblyValidation.ValidateAssemblies (System.String[] assemblyPaths, System.Boolean enableLogging) [0x00007] in <5016c3a47c2a4a0cbfa8e12eb592279b>:0 

- Loaded All Assemblies, in  0.890 seconds
Refreshing native plugins compatible for Editor in 2.58 ms, found 4 plugins.
Native extension for WindowsStandalone target not found
[Package Manager] Failed to launch server process. Reason: Unity was launched with the -noUpm command-line argument
[Package Manager] Unable to send message (not connected to server process).
[Package Manager] Cannot connect to Unity Package Manager local server
ScheduleIndexationOnStartup MainProcess:False IndexOnStartup:True
Mono: successfully reloaded assembly
- Finished resetting the current domain, in  1.237 seconds
Domain Reload Profiling: 2126ms
	BeginReloadAssembly (253ms)
		ExecutionOrderSort (0ms)
		DisableScriptedObjects (17ms)
		BackupInstance (0ms)
		ReleaseScriptingObjects (0ms)
		CreateAndSetChildDomain (65ms)
	RebuildCommonClasses (46ms)
	RebuildNativeTypeToScriptingClass (14ms)
	initialDomainReloadingComplete (35ms)
	LoadAllAssembliesAndSetupDomain (540ms)
		LoadAssemblies (303ms)
		RebuildTransferFunctionScriptingTraits (0ms)
		AnalyzeDomain (339ms)
			TypeCache.Refresh (8ms)
				TypeCache.ScanAssembly (0ms)
			BuildScriptInfoCaches (309ms)
			ResolveRequiredComponents (16ms)
	FinalizeReload (1237ms)
		ReleaseScriptCaches (0ms)
		RebuildScriptCaches (0ms)
		SetupLoadedEditorAssemblies (1031ms)
			LogAssemblyErrors (0ms)
			InitializePlatformSupportModulesInManaged (2ms)
			SetLoadedEditorAssemblies (5ms)
			BeforeProcessingInitializeOnLoad (219ms)
			ProcessInitializeOnLoadAttributes (671ms)
			ProcessInitializeOnLoadMethodAttributes (121ms)
			AfterProcessingInitializeOnLoad (12ms)
			EditorAssembliesLoaded (1ms)
		ExecutionOrderSort2 (0ms)
		AwakeInstancesAfterBackupRestoration (24ms)
Refreshing native plugins compatible for Editor in 3.59 ms, found 4 plugins.
Preloading 0 native plugins for Editor in 0.00 ms.
Unloading 16 Unused Serialized files (Serialized files now loaded: 0)
Unloading 6923 unused Assets / (4.6 MB). Loaded Objects now: 7870.
Memory consumption went from 159.4 MB to 154.8 MB.
Total: 17.740400 ms (FindLiveObjects: 1.166900 ms CreateObjectMapping: 3.174700 ms MarkObjects: 8.239200 ms  DeleteObjects: 5.158000 ms)

Prepare: number of updated asset objects reloaded= 0
========================================================================
Received Prepare
Refreshing native plugins compatible for Editor in 4.11 ms, found 4 plugins.
Preloading 0 native plugins for Editor in 0.00 ms.
Unloading 16 Unused Serialized files (Serialized files now loaded: 0)
Unloading 6913 unused Assets / (4.8 MB). Loaded Objects now: 7870.
Memory consumption went from 159.4 MB to 154.6 MB.
Total: 22.011000 ms (FindLiveObjects: 1.900500 ms CreateObjectMapping: 1.890800 ms MarkObjects: 12.037700 ms  DeleteObjects: 6.179900 ms)

Prepare: number of updated asset objects reloaded= 0
========================================================================
Received Prepare
Begin MonoManager ReloadAssembly
[Licensing::Client] Successfully resolved entitlement details
DirectoryNotFoundException: Could not find a part of the path "C:\Users\Elenilson\Downloads\A-Extraordinaria-Mente-de-Arthur--main\A-Extraordinaria-Mente-de-Arthur--main\Library\PackageCache\com.unity.collections@aea9d3bd5e19\Unity.Collections.Tests\System.Runtime.CompilerServices.Unsafe\System.Runtime.CompilerServices.Unsafe.dll"
  at System.IO.FileStream..ctor (System.String path, System.IO.FileMode mode, System.IO.FileAccess access, System.IO.FileShare share, System.Int32 bufferSize, System.Boolean anonymous, System.IO.FileOptions options) [0x0019e] in <1eb9db207454431c84a47bcd81e79c37>:0 
  at System.IO.FileStream..ctor (System.String path, System.IO.FileMode mode, System.IO.FileAccess access, System.IO.FileShare share) [0x00000] in <1eb9db207454431c84a47bcd81e79c37>:0 
  at (wrapper remoting-invoke-with-check) System.IO.FileStream..ctor(string,System.IO.FileMode,System.IO.FileAccess,System.IO.FileShare)
  at Mono.Cecil.ModuleDefinition.GetFileStream (System.String fileName, System.IO.FileMode mode, System.IO.FileAccess access, System.IO.FileShare share) [0x00006] in <4e339395f8074c75847e518298d9c5fd>:0 
  at Mono.Cecil.ModuleDefinition.ReadModule (System.String fileName, Mono.Cecil.ReaderParameters parameters) [0x00008] in <4e339395f8074c75847e518298d9c5fd>:0 
  at Mono.Cecil.AssemblyDefinition.ReadAssembly (System.String fileName, Mono.Cecil.ReaderParameters parameters) [0x00000] in <4e339395f8074c75847e518298d9c5fd>:0 
  at UnityEditor.AssemblyValidation.LoadAssemblyDefinitions (System.String[] assemblyPaths, System.String[] searchPaths) [0x00048] in <5016c3a47c2a4a0cbfa8e12eb592279b>:0 
  at UnityEditor.AssemblyValidation.ValidateAssemblies (System.String[] assemblyPaths, System.Boolean enableLogging) [0x00007] in <5016c3a47c2a4a0cbfa8e12eb592279b>:0 

- Loaded All Assemblies, in  1.077 seconds
Refreshing native plugins compatible for Editor in 3.16 ms, found 4 plugins.
Native extension for WindowsStandalone target not found
[Package Manager] Failed to launch server process. Reason: Unity was launched with the -noUpm command-line argument
[Package Manager] Unable to send message (not connected to server process).
[Package Manager] Cannot connect to Unity Package Manager local server
ScheduleIndexationOnStartup MainProcess:False IndexOnStartup:True
Mono: successfully reloaded assembly
- Finished resetting the current domain, in  1.304 seconds
Domain Reload Profiling: 2379ms
	BeginReloadAssembly (334ms)
		ExecutionOrderSort (0ms)
		DisableScriptedObjects (24ms)
		BackupInstance (0ms)
		ReleaseScriptingObjects (0ms)
		CreateAndSetChildDomain (68ms)
	RebuildCommonClasses (57ms)
	RebuildNativeTypeToScriptingClass (22ms)
	initialDomainReloadingComplete (42ms)
	LoadAllAssembliesAndSetupDomain (620ms)
		LoadAssemblies (369ms)
		RebuildTransferFunctionScriptingTraits (0ms)
		AnalyzeDomain (398ms)
			TypeCache.Refresh (14ms)
				TypeCache.ScanAssembly (1ms)
			BuildScriptInfoCaches (366ms)
			ResolveRequiredComponents (12ms)
	FinalizeReload (1305ms)
		ReleaseScriptCaches (0ms)
		RebuildScriptCaches (0ms)
		SetupLoadedEditorAssemblies (1067ms)
			LogAssemblyErrors (0ms)
			InitializePlatformSupportModulesInManaged (2ms)
			SetLoadedEditorAssemblies (11ms)
			BeforeProcessingInitializeOnLoad (292ms)
			ProcessInitializeOnLoadAttributes (624ms)
			ProcessInitializeOnLoadMethodAttributes (124ms)
			AfterProcessingInitializeOnLoad (14ms)
			EditorAssembliesLoaded (1ms)
		ExecutionOrderSort2 (0ms)
		AwakeInstancesAfterBackupRestoration (25ms)
Refreshing native plugins compatible for Editor in 3.07 ms, found 4 plugins.
Preloading 0 native plugins for Editor in 0.00 ms.
Unloading 16 Unused Serialized files (Serialized files now loaded: 0)
Unloading 6923 unused Assets / (3.8 MB). Loaded Objects now: 7873.
Memory consumption went from 159.4 MB to 155.6 MB.
Total: 13.896500 ms (FindLiveObjects: 1.657400 ms CreateObjectMapping: 1.982100 ms MarkObjects: 7.742900 ms  DeleteObjects: 2.512200 ms)

Prepare: number of updated asset objects reloaded= 0
========================================================================
Received Prepare
Refreshing native plugins compatible for Editor in 4.04 ms, found 4 plugins.
Preloading 0 native plugins for Editor in 0.00 ms.
Unloading 16 Unused Serialized files (Serialized files now loaded: 0)
Unloading 6913 unused Assets / (4.5 MB). Loaded Objects now: 7873.
Memory consumption went from 159.6 MB to 155.1 MB.
Total: 18.751600 ms (FindLiveObjects: 1.453700 ms CreateObjectMapping: 1.769800 ms MarkObjects: 10.535500 ms  DeleteObjects: 4.990400 ms)

Prepare: number of updated asset objects reloaded= 0
========================================================================
Received Prepare
Begin MonoManager ReloadAssembly
[Licensing::Client] Successfully resolved entitlement details
DirectoryNotFoundException: Could not find a part of the path "C:\Users\Elenilson\Downloads\A-Extraordinaria-Mente-de-Arthur--main\A-Extraordinaria-Mente-de-Arthur--main\Library\PackageCache\com.unity.collections@aea9d3bd5e19\Unity.Collections.Tests\System.Runtime.CompilerServices.Unsafe\System.Runtime.CompilerServices.Unsafe.dll"
  at System.IO.FileStream..ctor (System.String path, System.IO.FileMode mode, System.IO.FileAccess access, System.IO.FileShare share, System.Int32 bufferSize, System.Boolean anonymous, System.IO.FileOptions options) [0x0019e] in <1eb9db207454431c84a47bcd81e79c37>:0 
  at System.IO.FileStream..ctor (System.String path, System.IO.FileMode mode, System.IO.FileAccess access, System.IO.FileShare share) [0x00000] in <1eb9db207454431c84a47bcd81e79c37>:0 
  at (wrapper remoting-invoke-with-check) System.IO.FileStream..ctor(string,System.IO.FileMode,System.IO.FileAccess,System.IO.FileShare)
  at Mono.Cecil.ModuleDefinition.GetFileStream (System.String fileName, System.IO.FileMode mode, System.IO.FileAccess access, System.IO.FileShare share) [0x00006] in <4e339395f8074c75847e518298d9c5fd>:0 
  at Mono.Cecil.ModuleDefinition.ReadModule (System.String fileName, Mono.Cecil.ReaderParameters parameters) [0x00008] in <4e339395f8074c75847e518298d9c5fd>:0 
  at Mono.Cecil.AssemblyDefinition.ReadAssembly (System.String fileName, Mono.Cecil.ReaderParameters parameters) [0x00000] in <4e339395f8074c75847e518298d9c5fd>:0 
  at UnityEditor.AssemblyValidation.LoadAssemblyDefinitions (System.String[] assemblyPaths, System.String[] searchPaths) [0x00048] in <5016c3a47c2a4a0cbfa8e12eb592279b>:0 
  at UnityEditor.AssemblyValidation.ValidateAssemblies (System.String[] assemblyPaths, System.Boolean enableLogging) [0x00007] in <5016c3a47c2a4a0cbfa8e12eb592279b>:0 

- Loaded All Assemblies, in  1.135 seconds
Refreshing native plugins compatible for Editor in 3.24 ms, found 4 plugins.
Native extension for WindowsStandalone target not found
[Package Manager] Failed to launch server process. Reason: Unity was launched with the -noUpm command-line argument
[Package Manager] Unable to send message (not connected to server process).
[Package Manager] Cannot connect to Unity Package Manager local server
ScheduleIndexationOnStartup MainProcess:False IndexOnStartup:True
Mono: successfully reloaded assembly
- Finished resetting the current domain, in  1.128 seconds
Domain Reload Profiling: 2254ms
	BeginReloadAssembly (342ms)
		ExecutionOrderSort (0ms)
		DisableScriptedObjects (21ms)
		BackupInstance (0ms)
		ReleaseScriptingObjects (0ms)
		CreateAndSetChildDomain (85ms)
	RebuildCommonClasses (69ms)
	RebuildNativeTypeToScriptingClass (24ms)
	initialDomainReloadingComplete (52ms)
	LoadAllAssembliesAndSetupDomain (638ms)
		LoadAssemblies (408ms)
		RebuildTransferFunctionScriptingTraits (0ms)
		AnalyzeDomain (373ms)
			TypeCache.Refresh (12ms)
				TypeCache.ScanAssembly (1ms)
			BuildScriptInfoCaches (341ms)
			ResolveRequiredComponents (13ms)
	FinalizeReload (1129ms)
		ReleaseScriptCaches (0ms)
		RebuildScriptCaches (0ms)
		SetupLoadedEditorAssemblies (891ms)
			LogAssemblyErrors (0ms)
			InitializePlatformSupportModulesInManaged (4ms)
			SetLoadedEditorAssemblies (8ms)
			BeforeProcessingInitializeOnLoad (222ms)
			ProcessInitializeOnLoadAttributes (555ms)
			ProcessInitializeOnLoadMethodAttributes (90ms)
			AfterProcessingInitializeOnLoad (11ms)
			EditorAssembliesLoaded (0ms)
		ExecutionOrderSort2 (0ms)
		AwakeInstancesAfterBackupRestoration (19ms)
Refreshing native plugins compatible for Editor in 2.48 ms, found 4 plugins.
Preloading 0 native plugins for Editor in 0.00 ms.
Unloading 16 Unused Serialized files (Serialized files now loaded: 0)
Unloading 6923 unused Assets / (4.5 MB). Loaded Objects now: 7876.
Memory consumption went from 159.5 MB to 154.9 MB.
Total: 14.138700 ms (FindLiveObjects: 0.892500 ms CreateObjectMapping: 1.140300 ms MarkObjects: 9.437800 ms  DeleteObjects: 2.666400 ms)

Prepare: number of updated asset objects reloaded= 0
========================================================================
Received Prepare
Begin MonoManager ReloadAssembly
DirectoryNotFoundException: Could not find a part of the path "C:\Users\Elenilson\Downloads\A-Extraordinaria-Mente-de-Arthur--main\A-Extraordinaria-Mente-de-Arthur--main\Library\PackageCache\com.unity.collections@aea9d3bd5e19\Unity.Collections.Tests\System.Runtime.CompilerServices.Unsafe\System.Runtime.CompilerServices.Unsafe.dll"
  at System.IO.FileStream..ctor (System.String path, System.IO.FileMode mode, System.IO.FileAccess access, System.IO.FileShare share, System.Int32 bufferSize, System.Boolean anonymous, System.IO.FileOptions options) [0x0019e] in <1eb9db207454431c84a47bcd81e79c37>:0 
  at System.IO.FileStream..ctor (System.String path, System.IO.FileMode mode, System.IO.FileAccess access, System.IO.FileShare share) [0x00000] in <1eb9db207454431c84a47bcd81e79c37>:0 
  at (wrapper remoting-invoke-with-check) System.IO.FileStream..ctor(string,System.IO.FileMode,System.IO.FileAccess,System.IO.FileShare)
  at Mono.Cecil.ModuleDefinition.GetFileStream (System.String fileName, System.IO.FileMode mode, System.IO.FileAccess access, System.IO.FileShare share) [0x00006] in <4e339395f8074c75847e518298d9c5fd>:0 
  at Mono.Cecil.ModuleDefinition.ReadModule (System.String fileName, Mono.Cecil.ReaderParameters parameters) [0x00008] in <4e339395f8074c75847e518298d9c5fd>:0 
  at Mono.Cecil.AssemblyDefinition.ReadAssembly (System.String fileName, Mono.Cecil.ReaderParameters parameters) [0x00000] in <4e339395f8074c75847e518298d9c5fd>:0 
  at UnityEditor.AssemblyValidation.LoadAssemblyDefinitions (System.String[] assemblyPaths, System.String[] searchPaths) [0x00048] in <5016c3a47c2a4a0cbfa8e12eb592279b>:0 
  at UnityEditor.AssemblyValidation.ValidateAssemblies (System.String[] assemblyPaths, System.Boolean enableLogging) [0x00007] in <5016c3a47c2a4a0cbfa8e12eb592279b>:0 

- Loaded All Assemblies, in  0.817 seconds
Refreshing native plugins compatible for Editor in 2.47 ms, found 4 plugins.
Native extension for WindowsStandalone target not found
[Package Manager] Failed to launch server process. Reason: Unity was launched with the -noUpm command-line argument
[Package Manager] Unable to send message (not connected to server process).
[Package Manager] Cannot connect to Unity Package Manager local server
ScheduleIndexationOnStartup MainProcess:False IndexOnStartup:True
Mono: successfully reloaded assembly
- Finished resetting the current domain, in  1.324 seconds
Domain Reload Profiling: 2140ms
	BeginReloadAssembly (242ms)
		ExecutionOrderSort (0ms)
		DisableScriptedObjects (16ms)
		BackupInstance (0ms)
		ReleaseScriptingObjects (0ms)
		CreateAndSetChildDomain (57ms)
	RebuildCommonClasses (39ms)
	RebuildNativeTypeToScriptingClass (14ms)
	initialDomainReloadingComplete (35ms)
	LoadAllAssembliesAndSetupDomain (483ms)
		LoadAssemblies (293ms)
		RebuildTransferFunctionScriptingTraits (0ms)
		AnalyzeDomain (293ms)
			TypeCache.Refresh (10ms)
				TypeCache.ScanAssembly (0ms)
			BuildScriptInfoCaches (263ms)
			ResolveRequiredComponents (14ms)
	FinalizeReload (1325ms)
		ReleaseScriptCaches (0ms)
		RebuildScriptCaches (0ms)
		SetupLoadedEditorAssemblies (1124ms)
			LogAssemblyErrors (0ms)
			InitializePlatformSupportModulesInManaged (2ms)
			SetLoadedEditorAssemblies (6ms)
			BeforeProcessingInitializeOnLoad (213ms)
			ProcessInitializeOnLoadAttributes (759ms)
			ProcessInitializeOnLoadMethodAttributes (129ms)
			AfterProcessingInitializeOnLoad (14ms)
			EditorAssembliesLoaded (1ms)
		ExecutionOrderSort2 (0ms)
		AwakeInstancesAfterBackupRestoration (23ms)
Refreshing native plugins compatible for Editor in 3.24 ms, found 4 plugins.
Preloading 0 native plugins for Editor in 0.00 ms.
Unloading 16 Unused Serialized files (Serialized files now loaded: 0)
Unloading 6923 unused Assets / (4.8 MB). Loaded Objects now: 7879.
Memory consumption went from 159.5 MB to 154.7 MB.
Total: 17.850300 ms (FindLiveObjects: 1.317500 ms CreateObjectMapping: 1.181100 ms MarkObjects: 11.018800 ms  DeleteObjects: 4.331100 ms)

Prepare: number of updated asset objects reloaded= 0
========================================================================
Received Import Request.
  Time since last request: 1082.510129 seconds.
  path: Assets/Scripts/PlayerData.cs
  artifactKey: Guid(156a10af04931a24a8e56c3541efc2a7) Importer(815301076,1909f56bfc062723c751e8b465ee728b)
Start importing Assets/Scripts/PlayerData.cs using Guid(156a10af04931a24a8e56c3541efc2a7) Importer(815301076,1909f56bfc062723c751e8b465ee728b) (PreviewImporter) -> (artifact id: '298b761d9f4a0e1230f32053d6a129f1') in 0.0295409 seconds
Number of updated asset objects reloaded before import = 0Number of asset objects unloaded after import = 0

========================================================================
Received Import Request.
  Time since last request: 15.869221 seconds.
  path: Assets/Scenes/Biblioteca.unity
  artifactKey: Guid(3cf6200e6459086408e9af1b641d9b19) Importer(815301076,1909f56bfc062723c751e8b465ee728b)
Start importing Assets/Scenes/Biblioteca.unity using Guid(3cf6200e6459086408e9af1b641d9b19) Importer(815301076,1909f56bfc062723c751e8b465ee728b) (PreviewImporter) -> (artifact id: 'bfe4af7d59912e98876e2c1c43f14630') in 0.0021479 seconds
Number of updated asset objects reloaded before import = 0Number of asset objects unloaded after import = 0

========================================================================
Received Prepare
Refreshing native plugins compatible for Editor in 4.38 ms, found 4 plugins.
Preloading 0 native plugins for Editor in 0.00 ms.
Unloading 16 Unused Serialized files (Serialized files now loaded: 0)
Unloading 6913 unused Assets / (4.7 MB). Loaded Objects now: 7879.
Memory consumption went from 159.7 MB to 155.0 MB.
Total: 42.598300 ms (FindLiveObjects: 1.353300 ms CreateObjectMapping: 1.683300 ms MarkObjects: 33.286400 ms  DeleteObjects: 6.273300 ms)

Prepare: number of updated asset objects reloaded= 0
========================================================================
Received Prepare
Begin MonoManager ReloadAssembly
[Licensing::Client] Successfully resolved entitlement details
DirectoryNotFoundException: Could not find a part of the path "C:\Users\Elenilson\Downloads\A-Extraordinaria-Mente-de-Arthur--main\A-Extraordinaria-Mente-de-Arthur--main\Library\PackageCache\com.unity.collections@aea9d3bd5e19\Unity.Collections.Tests\System.Runtime.CompilerServices.Unsafe\System.Runtime.CompilerServices.Unsafe.dll"
  at System.IO.FileStream..ctor (System.String path, System.IO.FileMode mode, System.IO.FileAccess access, System.IO.FileShare share, System.Int32 bufferSize, System.Boolean anonymous, System.IO.FileOptions options) [0x0019e] in <1eb9db207454431c84a47bcd81e79c37>:0 
  at System.IO.FileStream..ctor (System.String path, System.IO.FileMode mode, System.IO.FileAccess access, System.IO.FileShare share) [0x00000] in <1eb9db207454431c84a47bcd81e79c37>:0 
  at (wrapper remoting-invoke-with-check) System.IO.FileStream..ctor(string,System.IO.FileMode,System.IO.FileAccess,System.IO.FileShare)
  at Mono.Cecil.ModuleDefinition.GetFileStream (System.String fileName, System.IO.FileMode mode, System.IO.FileAccess access, System.IO.FileShare share) [0x00006] in <4e339395f8074c75847e518298d9c5fd>:0 
  at Mono.Cecil.ModuleDefinition.ReadModule (System.String fileName, Mono.Cecil.ReaderParameters parameters) [0x00008] in <4e339395f8074c75847e518298d9c5fd>:0 
  at Mono.Cecil.AssemblyDefinition.ReadAssembly (System.String fileName, Mono.Cecil.ReaderParameters parameters) [0x00000] in <4e339395f8074c75847e518298d9c5fd>:0 
  at UnityEditor.AssemblyValidation.LoadAssemblyDefinitions (System.String[] assemblyPaths, System.String[] searchPaths) [0x00048] in <5016c3a47c2a4a0cbfa8e12eb592279b>:0 
  at UnityEditor.AssemblyValidation.ValidateAssemblies (System.String[] assemblyPaths, System.Boolean enableLogging) [0x00007] in <5016c3a47c2a4a0cbfa8e12eb592279b>:0 

- Loaded All Assemblies, in  0.807 seconds
Refreshing native plugins compatible for Editor in 2.52 ms, found 4 plugins.
Native extension for WindowsStandalone target not found
[Package Manager] Failed to launch server process. Reason: Unity was launched with the -noUpm command-line argument
[Package Manager] Unable to send message (not connected to server process).
[Package Manager] Cannot connect to Unity Package Manager local server
ScheduleIndexationOnStartup MainProcess:False IndexOnStartup:True
Mono: successfully reloaded assembly
- Finished resetting the current domain, in  0.873 seconds
Domain Reload Profiling: 1675ms
	BeginReloadAssembly (278ms)
		ExecutionOrderSort (0ms)
		DisableScriptedObjects (21ms)
		BackupInstance (0ms)
		ReleaseScriptingObjects (0ms)
		CreateAndSetChildDomain (76ms)
	RebuildCommonClasses (39ms)
	RebuildNativeTypeToScriptingClass (14ms)
	initialDomainReloadingComplete (37ms)
	LoadAllAssembliesAndSetupDomain (435ms)
		LoadAssemblies (294ms)
		RebuildTransferFunctionScriptingTraits (0ms)
		AnalyzeDomain (251ms)
			TypeCache.Refresh (11ms)
				TypeCache.ScanAssembly (1ms)
			BuildScriptInfoCaches (224ms)
			ResolveRequiredComponents (10ms)
	FinalizeReload (873ms)
		ReleaseScriptCaches (0ms)
		RebuildScriptCaches (0ms)
		SetupLoadedEditorAssemblies (717ms)
			LogAssemblyErrors (0ms)
			InitializePlatformSupportModulesInManaged (2ms)
			SetLoadedEditorAssemblies (6ms)
			BeforeProcessingInitializeOnLoad (180ms)
			ProcessInitializeOnLoadAttributes (446ms)
			ProcessInitializeOnLoadMethodAttributes (75ms)
			AfterProcessingInitializeOnLoad (8ms)
			EditorAssembliesLoaded (0ms)
		ExecutionOrderSort2 (0ms)
		AwakeInstancesAfterBackupRestoration (14ms)
Refreshing native plugins compatible for Editor in 2.00 ms, found 4 plugins.
Preloading 0 native plugins for Editor in 0.00 ms.
Unloading 16 Unused Serialized files (Serialized files now loaded: 0)
Unloading 6923 unused Assets / (4.7 MB). Loaded Objects now: 7882.
Memory consumption went from 159.6 MB to 154.9 MB.
Total: 13.060500 ms (FindLiveObjects: 0.845100 ms CreateObjectMapping: 0.605500 ms MarkObjects: 8.818800 ms  DeleteObjects: 2.789600 ms)

Prepare: number of updated asset objects reloaded= 0
========================================================================
Received Prepare
Begin MonoManager ReloadAssembly
[Licensing::Client] Successfully resolved entitlement details
DirectoryNotFoundException: Could not find a part of the path "C:\Users\Elenilson\Downloads\A-Extraordinaria-Mente-de-Arthur--main\A-Extraordinaria-Mente-de-Arthur--main\Library\PackageCache\com.unity.collections@aea9d3bd5e19\Unity.Collections.Tests\System.Runtime.CompilerServices.Unsafe\System.Runtime.CompilerServices.Unsafe.dll"
  at System.IO.FileStream..ctor (System.String path, System.IO.FileMode mode, System.IO.FileAccess access, System.IO.FileShare share, System.Int32 bufferSize, System.Boolean anonymous, System.IO.FileOptions options) [0x0019e] in <1eb9db207454431c84a47bcd81e79c37>:0 
  at System.IO.FileStream..ctor (System.String path, System.IO.FileMode mode, System.IO.FileAccess access, System.IO.FileShare share) [0x00000] in <1eb9db207454431c84a47bcd81e79c37>:0 
  at (wrapper remoting-invoke-with-check) System.IO.FileStream..ctor(string,System.IO.FileMode,System.IO.FileAccess,System.IO.FileShare)
  at Mono.Cecil.ModuleDefinition.GetFileStream (System.String fileName, System.IO.FileMode mode, System.IO.FileAccess access, System.IO.FileShare share) [0x00006] in <4e339395f8074c75847e518298d9c5fd>:0 
  at Mono.Cecil.ModuleDefinition.ReadModule (System.String fileName, Mono.Cecil.ReaderParameters parameters) [0x00008] in <4e339395f8074c75847e518298d9c5fd>:0 
  at Mono.Cecil.AssemblyDefinition.ReadAssembly (System.String fileName, Mono.Cecil.ReaderParameters parameters) [0x00000] in <4e339395f8074c75847e518298d9c5fd>:0 
  at UnityEditor.AssemblyValidation.LoadAssemblyDefinitions (System.String[] assemblyPaths, System.String[] searchPaths) [0x00048] in <5016c3a47c2a4a0cbfa8e12eb592279b>:0 
  at UnityEditor.AssemblyValidation.ValidateAssemblies (System.String[] assemblyPaths, System.Boolean enableLogging) [0x00007] in <5016c3a47c2a4a0cbfa8e12eb592279b>:0 

- Loaded All Assemblies, in  0.744 seconds
Refreshing native plugins compatible for Editor in 2.14 ms, found 4 plugins.
Native extension for WindowsStandalone target not found
[Package Manager] Failed to launch server process. Reason: Unity was launched with the -noUpm command-line argument
[Package Manager] Unable to send message (not connected to server process).
[Package Manager] Cannot connect to Unity Package Manager local server
ScheduleIndexationOnStartup MainProcess:False IndexOnStartup:True
Mono: successfully reloaded assembly
- Finished resetting the current domain, in  0.983 seconds
Domain Reload Profiling: 1726ms
	BeginReloadAssembly (239ms)
		ExecutionOrderSort (0ms)
		DisableScriptedObjects (15ms)
		BackupInstance (0ms)
		ReleaseScriptingObjects (0ms)
		CreateAndSetChildDomain (60ms)
	RebuildCommonClasses (36ms)
	RebuildNativeTypeToScriptingClass (12ms)
	initialDomainReloadingComplete (38ms)
	LoadAllAssembliesAndSetupDomain (417ms)
		LoadAssemblies (268ms)
		RebuildTransferFunctionScriptingTraits (0ms)
		AnalyzeDomain (248ms)
			TypeCache.Refresh (7ms)
				TypeCache.ScanAssembly (0ms)
			BuildScriptInfoCaches (227ms)
			ResolveRequiredComponents (10ms)
	FinalizeReload (984ms)
		ReleaseScriptCaches (0ms)
		RebuildScriptCaches (0ms)
		SetupLoadedEditorAssemblies (819ms)
			LogAssemblyErrors (0ms)
			InitializePlatformSupportModulesInManaged (2ms)
			SetLoadedEditorAssemblies (5ms)
			BeforeProcessingInitializeOnLoad (180ms)
			ProcessInitializeOnLoadAttributes (539ms)
			ProcessInitializeOnLoadMethodAttributes (82ms)
			AfterProcessingInitializeOnLoad (10ms)
			EditorAssembliesLoaded (0ms)
		ExecutionOrderSort2 (0ms)
		AwakeInstancesAfterBackupRestoration (16ms)
Refreshing native plugins compatible for Editor in 2.66 ms, found 4 plugins.
Preloading 0 native plugins for Editor in 0.00 ms.
Unloading 16 Unused Serialized files (Serialized files now loaded: 0)
Unloading 6923 unused Assets / (5.4 MB). Loaded Objects now: 7885.
Memory consumption went from 159.7 MB to 154.3 MB.
Total: 17.420800 ms (FindLiveObjects: 1.083000 ms CreateObjectMapping: 1.771900 ms MarkObjects: 9.016300 ms  DeleteObjects: 5.547900 ms)

Prepare: number of updated asset objects reloaded= 0
========================================================================
Received Import Request.
  Time since last request: 332.821184 seconds.
  path: Assets/Scripts/MineGameMemory.cs
  artifactKey: Guid(6a8a30b205ca73c4eb11977105ef85ff) Importer(2089858483,b0f066a214c2f5e87bad3c948f4d605d)
Start importing Assets/Scripts/MineGameMemory.cs using Guid(6a8a30b205ca73c4eb11977105ef85ff) Importer(2089858483,b0f066a214c2f5e87bad3c948f4d605d) (ScriptedImporter) -> (artifact id: '3c51c0b06a191a9f440d32c0f39d2304') in 0.1037065 seconds
Number of updated asset objects reloaded before import = 0Number of asset objects unloaded after import = 0

========================================================================
Received Import Request.
  Time since last request: 0.000022 seconds.
  path: Assets/Scenes/Sala de aula.unity
  artifactKey: Guid(ec69105b60a4a3f419b5054fbbf0df4b) Importer(2089858483,b0f066a214c2f5e87bad3c948f4d605d)
Start importing Assets/Scenes/Sala de aula.unity using Guid(ec69105b60a4a3f419b5054fbbf0df4b) Importer(2089858483,b0f066a214c2f5e87bad3c948f4d605d) (ScriptedImporter) -> (artifact id: '91c99c7dc3167f7ccd72ba00e4a53800') in 0.0250585 seconds
Number of updated asset objects reloaded before import = 0Number of asset objects unloaded after import = 1

========================================================================
Received Import Request.
  Time since last request: 0.402813 seconds.
  path: Assets/Scenes/New Scene.unity
  artifactKey: Guid(e85019c14ab038e4da70c3bfd7d3e6f6) Importer(815301076,1909f56bfc062723c751e8b465ee728b)
Start importing Assets/Scenes/New Scene.unity using Guid(e85019c14ab038e4da70c3bfd7d3e6f6) Importer(815301076,1909f56bfc062723c751e8b465ee728b) (PreviewImporter) -> (artifact id: '2202468b52edd031b4a5b582f4faed02') in 0.0009499 seconds
Number of updated asset objects reloaded before import = 0Number of asset objects unloaded after import = 0

========================================================================
Received Import Request.
  Time since last request: 3.116231 seconds.
  path: Assets/Scenes/New Scene.unity
  artifactKey: Guid(e85019c14ab038e4da70c3bfd7d3e6f6) Importer(2089858483,b0f066a214c2f5e87bad3c948f4d605d)
Start importing Assets/Scenes/New Scene.unity using Guid(e85019c14ab038e4da70c3bfd7d3e6f6) Importer(2089858483,b0f066a214c2f5e87bad3c948f4d605d) (ScriptedImporter) -> (artifact id: '44505879548b18a9f31bf15cbeead6b7') in 0.0160367 seconds
Number of updated asset objects reloaded before import = 0Number of asset objects unloaded after import = 1

========================================================================
Received Prepare
Begin MonoManager ReloadAssembly
[Licensing::Client] Successfully resolved entitlement details
DirectoryNotFoundException: Could not find a part of the path "C:\Users\Elenilson\Downloads\A-Extraordinaria-Mente-de-Arthur--main\A-Extraordinaria-Mente-de-Arthur--main\Library\PackageCache\com.unity.collections@aea9d3bd5e19\Unity.Collections.Tests\System.Runtime.CompilerServices.Unsafe\System.Runtime.CompilerServices.Unsafe.dll"
  at System.IO.FileStream..ctor (System.String path, System.IO.FileMode mode, System.IO.FileAccess access, System.IO.FileShare share, System.Int32 bufferSize, System.Boolean anonymous, System.IO.FileOptions options) [0x0019e] in <1eb9db207454431c84a47bcd81e79c37>:0 
  at System.IO.FileStream..ctor (System.String path, System.IO.FileMode mode, System.IO.FileAccess access, System.IO.FileShare share) [0x00000] in <1eb9db207454431c84a47bcd81e79c37>:0 
  at (wrapper remoting-invoke-with-check) System.IO.FileStream..ctor(string,System.IO.FileMode,System.IO.FileAccess,System.IO.FileShare)
  at Mono.Cecil.ModuleDefinition.GetFileStream (System.String fileName, System.IO.FileMode mode, System.IO.FileAccess access, System.IO.FileShare share) [0x00006] in <4e339395f8074c75847e518298d9c5fd>:0 
  at Mono.Cecil.ModuleDefinition.ReadModule (System.String fileName, Mono.Cecil.ReaderParameters parameters) [0x00008] in <4e339395f8074c75847e518298d9c5fd>:0 
  at Mono.Cecil.AssemblyDefinition.ReadAssembly (System.String fileName, Mono.Cecil.ReaderParameters parameters) [0x00000] in <4e339395f8074c75847e518298d9c5fd>:0 
  at UnityEditor.AssemblyValidation.LoadAssemblyDefinitions (System.String[] assemblyPaths, System.String[] searchPaths) [0x00048] in <5016c3a47c2a4a0cbfa8e12eb592279b>:0 
  at UnityEditor.AssemblyValidation.ValidateAssemblies (System.String[] assemblyPaths, System.Boolean enableLogging) [0x00007] in <5016c3a47c2a4a0cbfa8e12eb592279b>:0 

- Loaded All Assemblies, in  0.776 seconds
Refreshing native plugins compatible for Editor in 2.35 ms, found 4 plugins.
Native extension for WindowsStandalone target not found
[Package Manager] Failed to launch server process. Reason: Unity was launched with the -noUpm command-line argument
[Package Manager] Unable to send message (not connected to server process).
[Package Manager] Cannot connect to Unity Package Manager local server
ScheduleIndexationOnStartup MainProcess:False IndexOnStartup:True
Mono: successfully reloaded assembly
- Finished resetting the current domain, in  1.118 seconds
Domain Reload Profiling: 1889ms
	BeginReloadAssembly (239ms)
		ExecutionOrderSort (0ms)
		DisableScriptedObjects (16ms)
		BackupInstance (0ms)
		ReleaseScriptingObjects (0ms)
		CreateAndSetChildDomain (59ms)
	RebuildCommonClasses (39ms)
	RebuildNativeTypeToScriptingClass (14ms)
	initialDomainReloadingComplete (41ms)
	LoadAllAssembliesAndSetupDomain (438ms)
		LoadAssemblies (275ms)
		RebuildTransferFunctionScriptingTraits (0ms)
		AnalyzeDomain (261ms)
			TypeCache.Refresh (8ms)
				TypeCache.ScanAssembly (0ms)
			BuildScriptInfoCaches (240ms)
			ResolveRequiredComponents (9ms)
	FinalizeReload (1118ms)
		ReleaseScriptCaches (0ms)
		RebuildScriptCaches (0ms)
		SetupLoadedEditorAssemblies (934ms)
			LogAssemblyErrors (0ms)
			InitializePlatformSupportModulesInManaged (2ms)
			SetLoadedEditorAssemblies (5ms)
			BeforeProcessingInitializeOnLoad (222ms)
			ProcessInitializeOnLoadAttributes (584ms)
			ProcessInitializeOnLoadMethodAttributes (109ms)
			AfterProcessingInitializeOnLoad (11ms)
			EditorAssembliesLoaded (0ms)
		ExecutionOrderSort2 (0ms)
		AwakeInstancesAfterBackupRestoration (18ms)
Refreshing native plugins compatible for Editor in 2.98 ms, found 4 plugins.
Preloading 0 native plugins for Editor in 0.00 ms.
Unloading 16 Unused Serialized files (Serialized files now loaded: 0)
Unloading 6923 unused Assets / (5.2 MB). Loaded Objects now: 7888.
Memory consumption went from 159.7 MB to 154.5 MB.
Total: 15.452800 ms (FindLiveObjects: 1.092800 ms CreateObjectMapping: 1.191400 ms MarkObjects: 8.265400 ms  DeleteObjects: 4.901800 ms)

Prepare: number of updated asset objects reloaded= 0
========================================================================
Received Prepare
Begin MonoManager ReloadAssembly
[Licensing::Client] Successfully resolved entitlement details
DirectoryNotFoundException: Could not find a part of the path "C:\Users\Elenilson\Downloads\A-Extraordinaria-Mente-de-Arthur--main\A-Extraordinaria-Mente-de-Arthur--main\Library\PackageCache\com.unity.collections@aea9d3bd5e19\Unity.Collections.Tests\System.Runtime.CompilerServices.Unsafe\System.Runtime.CompilerServices.Unsafe.dll"
  at System.IO.FileStream..ctor (System.String path, System.IO.FileMode mode, System.IO.FileAccess access, System.IO.FileShare share, System.Int32 bufferSize, System.Boolean anonymous, System.IO.FileOptions options) [0x0019e] in <1eb9db207454431c84a47bcd81e79c37>:0 
  at System.IO.FileStream..ctor (System.String path, System.IO.FileMode mode, System.IO.FileAccess access, System.IO.FileShare share) [0x00000] in <1eb9db207454431c84a47bcd81e79c37>:0 
  at (wrapper remoting-invoke-with-check) System.IO.FileStream..ctor(string,System.IO.FileMode,System.IO.FileAccess,System.IO.FileShare)
  at Mono.Cecil.ModuleDefinition.GetFileStream (System.String fileName, System.IO.FileMode mode, System.IO.FileAccess access, System.IO.FileShare share) [0x00006] in <4e339395f8074c75847e518298d9c5fd>:0 
  at Mono.Cecil.ModuleDefinition.ReadModule (System.String fileName, Mono.Cecil.ReaderParameters parameters) [0x00008] in <4e339395f8074c75847e518298d9c5fd>:0 
  at Mono.Cecil.AssemblyDefinition.ReadAssembly (System.String fileName, Mono.Cecil.ReaderParameters parameters) [0x00000] in <4e339395f8074c75847e518298d9c5fd>:0 
  at UnityEditor.AssemblyValidation.LoadAssemblyDefinitions (System.String[] assemblyPaths, System.String[] searchPaths) [0x00048] in <5016c3a47c2a4a0cbfa8e12eb592279b>:0 
  at UnityEditor.AssemblyValidation.ValidateAssemblies (System.String[] assemblyPaths, System.Boolean enableLogging) [0x00007] in <5016c3a47c2a4a0cbfa8e12eb592279b>:0 

- Loaded All Assemblies, in  3.122 seconds
Refreshing native plugins compatible for Editor in 4.28 ms, found 4 plugins.
Native extension for WindowsStandalone target not found
[Package Manager] Failed to launch server process. Reason: Unity was launched with the -noUpm command-line argument
[Package Manager] Unable to send message (not connected to server process).
[Package Manager] Cannot connect to Unity Package Manager local server
ScheduleIndexationOnStartup MainProcess:False IndexOnStartup:True
Mono: successfully reloaded assembly
- Finished resetting the current domain, in  1.384 seconds
Domain Reload Profiling: 4516ms
	BeginReloadAssembly (1712ms)
		ExecutionOrderSort (0ms)
		DisableScriptedObjects (293ms)
		BackupInstance (0ms)
		ReleaseScriptingObjects (2ms)
		CreateAndSetChildDomain (572ms)
	RebuildCommonClasses (270ms)
	RebuildNativeTypeToScriptingClass (17ms)
	initialDomainReloadingComplete (60ms)
	LoadAllAssembliesAndSetupDomain (1073ms)
		LoadAssemblies (877ms)
		RebuildTransferFunctionScriptingTraits (0ms)
		AnalyzeDomain (653ms)
			TypeCache.Refresh (30ms)
				TypeCache.ScanAssembly (0ms)
			BuildScriptInfoCaches (587ms)
			ResolveRequiredComponents (16ms)
	FinalizeReload (1384ms)
		ReleaseScriptCaches (0ms)
		RebuildScriptCaches (0ms)
		SetupLoadedEditorAssemblies (1123ms)
			LogAssemblyErrors (0ms)
			InitializePlatformSupportModulesInManaged (3ms)
			SetLoadedEditorAssemblies (9ms)
			BeforeProcessingInitializeOnLoad (260ms)
			ProcessInitializeOnLoadAttributes (710ms)
			ProcessInitializeOnLoadMethodAttributes (129ms)
			AfterProcessingInitializeOnLoad (10ms)
			EditorAssembliesLoaded (1ms)
		ExecutionOrderSort2 (0ms)
		AwakeInstancesAfterBackupRestoration (27ms)
Refreshing native plugins compatible for Editor in 2.68 ms, found 4 plugins.
Preloading 0 native plugins for Editor in 0.00 ms.
Unloading 16 Unused Serialized files (Serialized files now loaded: 0)
Unloading 6923 unused Assets / (5.0 MB). Loaded Objects now: 7891.
Memory consumption went from 159.8 MB to 154.8 MB.
Total: 12.587400 ms (FindLiveObjects: 0.949400 ms CreateObjectMapping: 0.651700 ms MarkObjects: 7.471300 ms  DeleteObjects: 3.513400 ms)

Prepare: number of updated asset objects reloaded= 0
========================================================================
Received Prepare
Begin MonoManager ReloadAssembly
[Licensing::Client] Successfully resolved entitlement details
DirectoryNotFoundException: Could not find a part of the path "C:\Users\Elenilson\Downloads\A-Extraordinaria-Mente-de-Arthur--main\A-Extraordinaria-Mente-de-Arthur--main\Library\PackageCache\com.unity.collections@aea9d3bd5e19\Unity.Collections.Tests\System.Runtime.CompilerServices.Unsafe\System.Runtime.CompilerServices.Unsafe.dll"
  at System.IO.FileStream..ctor (System.String path, System.IO.FileMode mode, System.IO.FileAccess access, System.IO.FileShare share, System.Int32 bufferSize, System.Boolean anonymous, System.IO.FileOptions options) [0x0019e] in <1eb9db207454431c84a47bcd81e79c37>:0 
  at System.IO.FileStream..ctor (System.String path, System.IO.FileMode mode, System.IO.FileAccess access, System.IO.FileShare share) [0x00000] in <1eb9db207454431c84a47bcd81e79c37>:0 
  at (wrapper remoting-invoke-with-check) System.IO.FileStream..ctor(string,System.IO.FileMode,System.IO.FileAccess,System.IO.FileShare)
  at Mono.Cecil.ModuleDefinition.GetFileStream (System.String fileName, System.IO.FileMode mode, System.IO.FileAccess access, System.IO.FileShare share) [0x00006] in <4e339395f8074c75847e518298d9c5fd>:0 
  at Mono.Cecil.ModuleDefinition.ReadModule (System.String fileName, Mono.Cecil.ReaderParameters parameters) [0x00008] in <4e339395f8074c75847e518298d9c5fd>:0 
  at Mono.Cecil.AssemblyDefinition.ReadAssembly (System.String fileName, Mono.Cecil.ReaderParameters parameters) [0x00000] in <4e339395f8074c75847e518298d9c5fd>:0 
  at UnityEditor.AssemblyValidation.LoadAssemblyDefinitions (System.String[] assemblyPaths, System.String[] searchPaths) [0x00048] in <5016c3a47c2a4a0cbfa8e12eb592279b>:0 
  at UnityEditor.AssemblyValidation.ValidateAssemblies (System.String[] assemblyPaths, System.Boolean enableLogging) [0x00007] in <5016c3a47c2a4a0cbfa8e12eb592279b>:0 

- Loaded All Assemblies, in  0.718 seconds
Refreshing native plugins compatible for Editor in 2.21 ms, found 4 plugins.
Native extension for WindowsStandalone target not found
[Package Manager] Failed to launch server process. Reason: Unity was launched with the -noUpm command-line argument
[Package Manager] Unable to send message (not connected to server process).
[Package Manager] Cannot connect to Unity Package Manager local server
ScheduleIndexationOnStartup MainProcess:False IndexOnStartup:True
Mono: successfully reloaded assembly
- Finished resetting the current domain, in  0.963 seconds
Domain Reload Profiling: 1678ms
	BeginReloadAssembly (238ms)
		ExecutionOrderSort (0ms)
		DisableScriptedObjects (16ms)
		BackupInstance (0ms)
		ReleaseScriptingObjects (0ms)
		CreateAndSetChildDomain (56ms)
	RebuildCommonClasses (36ms)
	RebuildNativeTypeToScriptingClass (12ms)
	initialDomainReloadingComplete (34ms)
	LoadAllAssembliesAndSetupDomain (395ms)
		LoadAssemblies (261ms)
		RebuildTransferFunctionScriptingTraits (0ms)
		AnalyzeDomain (235ms)
			TypeCache.Refresh (7ms)
				TypeCache.ScanAssembly (0ms)
			BuildScriptInfoCaches (212ms)
			ResolveRequiredComponents (11ms)
	FinalizeReload (964ms)
		ReleaseScriptCaches (0ms)
		RebuildScriptCaches (0ms)
		SetupLoadedEditorAssemblies (794ms)
			LogAssemblyErrors (0ms)
			InitializePlatformSupportModulesInManaged (2ms)
			SetLoadedEditorAssemblies (5ms)
			BeforeProcessingInitializeOnLoad (184ms)
			ProcessInitializeOnLoadAttributes (490ms)
			ProcessInitializeOnLoadMethodAttributes (103ms)
			AfterProcessingInitializeOnLoad (11ms)
			EditorAssembliesLoaded (0ms)
		ExecutionOrderSort2 (0ms)
		AwakeInstancesAfterBackupRestoration (17ms)
Refreshing native plugins compatible for Editor in 3.01 ms, found 4 plugins.
Preloading 0 native plugins for Editor in 0.00 ms.
Unloading 16 Unused Serialized files (Serialized files now loaded: 0)
Unloading 6923 unused Assets / (5.6 MB). Loaded Objects now: 7894.
Memory consumption went from 159.8 MB to 154.2 MB.
Total: 17.792700 ms (FindLiveObjects: 1.081800 ms CreateObjectMapping: 1.458100 ms MarkObjects: 9.524600 ms  DeleteObjects: 5.725200 ms)

Prepare: number of updated asset objects reloaded= 0
========================================================================
Received Prepare
Begin MonoManager ReloadAssembly
[Licensing::Client] Successfully resolved entitlement details
DirectoryNotFoundException: Could not find a part of the path "C:\Users\Elenilson\Downloads\A-Extraordinaria-Mente-de-Arthur--main\A-Extraordinaria-Mente-de-Arthur--main\Library\PackageCache\com.unity.collections@aea9d3bd5e19\Unity.Collections.Tests\System.Runtime.CompilerServices.Unsafe\System.Runtime.CompilerServices.Unsafe.dll"
  at System.IO.FileStream..ctor (System.String path, System.IO.FileMode mode, System.IO.FileAccess access, System.IO.FileShare share, System.Int32 bufferSize, System.Boolean anonymous, System.IO.FileOptions options) [0x0019e] in <1eb9db207454431c84a47bcd81e79c37>:0 
  at System.IO.FileStream..ctor (System.String path, System.IO.FileMode mode, System.IO.FileAccess access, System.IO.FileShare share) [0x00000] in <1eb9db207454431c84a47bcd81e79c37>:0 
  at (wrapper remoting-invoke-with-check) System.IO.FileStream..ctor(string,System.IO.FileMode,System.IO.FileAccess,System.IO.FileShare)
  at Mono.Cecil.ModuleDefinition.GetFileStream (System.String fileName, System.IO.FileMode mode, System.IO.FileAccess access, System.IO.FileShare share) [0x00006] in <4e339395f8074c75847e518298d9c5fd>:0 
  at Mono.Cecil.ModuleDefinition.ReadModule (System.String fileName, Mono.Cecil.ReaderParameters parameters) [0x00008] in <4e339395f8074c75847e518298d9c5fd>:0 
  at Mono.Cecil.AssemblyDefinition.ReadAssembly (System.String fileName, Mono.Cecil.ReaderParameters parameters) [0x00000] in <4e339395f8074c75847e518298d9c5fd>:0 
  at UnityEditor.AssemblyValidation.LoadAssemblyDefinitions (System.String[] assemblyPaths, System.String[] searchPaths) [0x00048] in <5016c3a47c2a4a0cbfa8e12eb592279b>:0 
  at UnityEditor.AssemblyValidation.ValidateAssemblies (System.String[] assemblyPaths, System.Boolean enableLogging) [0x00007] in <5016c3a47c2a4a0cbfa8e12eb592279b>:0 

- Loaded All Assemblies, in  0.746 seconds
Refreshing native plugins compatible for Editor in 2.09 ms, found 4 plugins.
Native extension for WindowsStandalone target not found
[Package Manager] Failed to launch server process. Reason: Unity was launched with the -noUpm command-line argument
[Package Manager] Unable to send message (not connected to server process).
[Package Manager] Cannot connect to Unity Package Manager local server
ScheduleIndexationOnStartup MainProcess:False IndexOnStartup:True
Mono: successfully reloaded assembly
- Finished resetting the current domain, in  0.995 seconds
Domain Reload Profiling: 1738ms
	BeginReloadAssembly (240ms)
		ExecutionOrderSort (0ms)
		DisableScriptedObjects (15ms)
		BackupInstance (0ms)
		ReleaseScriptingObjects (0ms)
		CreateAndSetChildDomain (61ms)
	RebuildCommonClasses (37ms)
	RebuildNativeTypeToScriptingClass (12ms)
	initialDomainReloadingComplete (40ms)
	LoadAllAssembliesAndSetupDomain (413ms)
		LoadAssemblies (276ms)
		RebuildTransferFunctionScriptingTraits (0ms)
		AnalyzeDomain (238ms)
			TypeCache.Refresh (6ms)
				TypeCache.ScanAssembly (0ms)
			BuildScriptInfoCaches (218ms)
			ResolveRequiredComponents (9ms)
	FinalizeReload (996ms)
		ReleaseScriptCaches (0ms)
		RebuildScriptCaches (0ms)
		SetupLoadedEditorAssemblies (829ms)
			LogAssemblyErrors (0ms)
			InitializePlatformSupportModulesInManaged (2ms)
			SetLoadedEditorAssemblies (5ms)
			BeforeProcessingInitializeOnLoad (183ms)
			ProcessInitializeOnLoadAttributes (517ms)
			ProcessInitializeOnLoadMethodAttributes (113ms)
			AfterProcessingInitializeOnLoad (8ms)
			EditorAssembliesLoaded (0ms)
		ExecutionOrderSort2 (0ms)
		AwakeInstancesAfterBackupRestoration (15ms)
Refreshing native plugins compatible for Editor in 2.59 ms, found 4 plugins.
Preloading 0 native plugins for Editor in 0.00 ms.
Unloading 16 Unused Serialized files (Serialized files now loaded: 0)
Unloading 6923 unused Assets / (4.7 MB). Loaded Objects now: 7897.
Memory consumption went from 159.9 MB to 155.2 MB.
Total: 16.259700 ms (FindLiveObjects: 0.817200 ms CreateObjectMapping: 1.560000 ms MarkObjects: 9.492200 ms  DeleteObjects: 4.388800 ms)

Prepare: number of updated asset objects reloaded= 0
========================================================================
Received Prepare
Begin MonoManager ReloadAssembly
[Licensing::Client] Successfully resolved entitlement details
DirectoryNotFoundException: Could not find a part of the path "C:\Users\Elenilson\Downloads\A-Extraordinaria-Mente-de-Arthur--main\A-Extraordinaria-Mente-de-Arthur--main\Library\PackageCache\com.unity.collections@aea9d3bd5e19\Unity.Collections.Tests\System.Runtime.CompilerServices.Unsafe\System.Runtime.CompilerServices.Unsafe.dll"
  at System.IO.FileStream..ctor (System.String path, System.IO.FileMode mode, System.IO.FileAccess access, System.IO.FileShare share, System.Int32 bufferSize, System.Boolean anonymous, System.IO.FileOptions options) [0x0019e] in <1eb9db207454431c84a47bcd81e79c37>:0 
  at System.IO.FileStream..ctor (System.String path, System.IO.FileMode mode, System.IO.FileAccess access, System.IO.FileShare share) [0x00000] in <1eb9db207454431c84a47bcd81e79c37>:0 
  at (wrapper remoting-invoke-with-check) System.IO.FileStream..ctor(string,System.IO.FileMode,System.IO.FileAccess,System.IO.FileShare)
  at Mono.Cecil.ModuleDefinition.GetFileStream (System.String fileName, System.IO.FileMode mode, System.IO.FileAccess access, System.IO.FileShare share) [0x00006] in <4e339395f8074c75847e518298d9c5fd>:0 
  at Mono.Cecil.ModuleDefinition.ReadModule (System.String fileName, Mono.Cecil.ReaderParameters parameters) [0x00008] in <4e339395f8074c75847e518298d9c5fd>:0 
  at Mono.Cecil.AssemblyDefinition.ReadAssembly (System.String fileName, Mono.Cecil.ReaderParameters parameters) [0x00000] in <4e339395f8074c75847e518298d9c5fd>:0 
  at UnityEditor.AssemblyValidation.LoadAssemblyDefinitions (System.String[] assemblyPaths, System.String[] searchPaths) [0x00048] in <5016c3a47c2a4a0cbfa8e12eb592279b>:0 
  at UnityEditor.AssemblyValidation.ValidateAssemblies (System.String[] assemblyPaths, System.Boolean enableLogging) [0x00007] in <5016c3a47c2a4a0cbfa8e12eb592279b>:0 

- Loaded All Assemblies, in  0.709 seconds
Refreshing native plugins compatible for Editor in 2.50 ms, found 4 plugins.
Native extension for WindowsStandalone target not found
[Package Manager] Failed to launch server process. Reason: Unity was launched with the -noUpm command-line argument
[Package Manager] Unable to send message (not connected to server process).
[Package Manager] Cannot connect to Unity Package Manager local server
ScheduleIndexationOnStartup MainProcess:False IndexOnStartup:True
Mono: successfully reloaded assembly
- Finished resetting the current domain, in  0.985 seconds
Domain Reload Profiling: 1691ms
	BeginReloadAssembly (227ms)
		ExecutionOrderSort (0ms)
		DisableScriptedObjects (16ms)
		BackupInstance (0ms)
		ReleaseScriptingObjects (0ms)
		CreateAndSetChildDomain (51ms)
	RebuildCommonClasses (37ms)
	RebuildNativeTypeToScriptingClass (13ms)
	initialDomainReloadingComplete (38ms)
	LoadAllAssembliesAndSetupDomain (391ms)
		LoadAssemblies (260ms)
		RebuildTransferFunctionScriptingTraits (0ms)
		AnalyzeDomain (231ms)
			TypeCache.Refresh (6ms)
				TypeCache.ScanAssembly (0ms)
			BuildScriptInfoCaches (209ms)
			ResolveRequiredComponents (10ms)
	FinalizeReload (985ms)
		ReleaseScriptCaches (0ms)
		RebuildScriptCaches (0ms)
		SetupLoadedEditorAssemblies (831ms)
			LogAssemblyErrors (0ms)
			InitializePlatformSupportModulesInManaged (2ms)
			SetLoadedEditorAssemblies (5ms)
			BeforeProcessingInitializeOnLoad (184ms)
			ProcessInitializeOnLoadAttributes (547ms)
			ProcessInitializeOnLoadMethodAttributes (86ms)
			AfterProcessingInitializeOnLoad (8ms)
			EditorAssembliesLoaded (0ms)
		ExecutionOrderSort2 (0ms)
		AwakeInstancesAfterBackupRestoration (14ms)
Refreshing native plugins compatible for Editor in 2.63 ms, found 4 plugins.
Preloading 0 native plugins for Editor in 0.00 ms.
Unloading 16 Unused Serialized files (Serialized files now loaded: 0)
Unloading 6923 unused Assets / (5.1 MB). Loaded Objects now: 7900.
Memory consumption went from 159.9 MB to 154.8 MB.
Total: 15.283600 ms (FindLiveObjects: 1.026500 ms CreateObjectMapping: 1.428100 ms MarkObjects: 8.493200 ms  DeleteObjects: 4.333000 ms)

Prepare: number of updated asset objects reloaded= 0
========================================================================
Received Import Request.
  Time since last request: 58832.362019 seconds.
  path: Assets/Prefab/Portas.prefab
  artifactKey: Guid(a4e746a4329a2984f90c0228be5c96b5) Importer(815301076,1909f56bfc062723c751e8b465ee728b)
Start importing Assets/Prefab/Portas.prefab using Guid(a4e746a4329a2984f90c0228be5c96b5) Importer(815301076,1909f56bfc062723c751e8b465ee728b) (PreviewImporter) -> (artifact id: 'e5543eb73fa7b8c6e6afd74f8d501b5d') in 0.4648604 seconds
Number of updated asset objects reloaded before import = 0Number of asset objects unloaded after import = 9

========================================================================
Received Prepare
Refreshing native plugins compatible for Editor in 2.71 ms, found 4 plugins.
Preloading 0 native plugins for Editor in 0.00 ms.
Unloading 16 Unused Serialized files (Serialized files now loaded: 0)
Unloading 6913 unused Assets / (4.8 MB). Loaded Objects now: 8000.
Memory consumption went from 161.8 MB to 157.0 MB.
Total: 18.013100 ms (FindLiveObjects: 0.923400 ms CreateObjectMapping: 1.000800 ms MarkObjects: 10.964000 ms  DeleteObjects: 5.123100 ms)

Prepare: number of updated asset objects reloaded= 0
========================================================================
Received Prepare
Begin MonoManager ReloadAssembly
[Licensing::Client] Successfully resolved entitlement details
DirectoryNotFoundException: Could not find a part of the path "C:\Users\Elenilson\Downloads\A-Extraordinaria-Mente-de-Arthur--main\A-Extraordinaria-Mente-de-Arthur--main\Library\PackageCache\com.unity.collections@aea9d3bd5e19\Unity.Collections.Tests\System.Runtime.CompilerServices.Unsafe\System.Runtime.CompilerServices.Unsafe.dll"
  at System.IO.FileStream..ctor (System.String path, System.IO.FileMode mode, System.IO.FileAccess access, System.IO.FileShare share, System.Int32 bufferSize, System.Boolean anonymous, System.IO.FileOptions options) [0x0019e] in <1eb9db207454431c84a47bcd81e79c37>:0 
  at System.IO.FileStream..ctor (System.String path, System.IO.FileMode mode, System.IO.FileAccess access, System.IO.FileShare share) [0x00000] in <1eb9db207454431c84a47bcd81e79c37>:0 
  at (wrapper remoting-invoke-with-check) System.IO.FileStream..ctor(string,System.IO.FileMode,System.IO.FileAccess,System.IO.FileShare)
  at Mono.Cecil.ModuleDefinition.GetFileStream (System.String fileName, System.IO.FileMode mode, System.IO.FileAccess access, System.IO.FileShare share) [0x00006] in <4e339395f8074c75847e518298d9c5fd>:0 
  at Mono.Cecil.ModuleDefinition.ReadModule (System.String fileName, Mono.Cecil.ReaderParameters parameters) [0x00008] in <4e339395f8074c75847e518298d9c5fd>:0 
  at Mono.Cecil.AssemblyDefinition.ReadAssembly (System.String fileName, Mono.Cecil.ReaderParameters parameters) [0x00000] in <4e339395f8074c75847e518298d9c5fd>:0 
  at UnityEditor.AssemblyValidation.LoadAssemblyDefinitions (System.String[] assemblyPaths, System.String[] searchPaths) [0x00048] in <5016c3a47c2a4a0cbfa8e12eb592279b>:0 
  at UnityEditor.AssemblyValidation.ValidateAssemblies (System.String[] assemblyPaths, System.Boolean enableLogging) [0x00007] in <5016c3a47c2a4a0cbfa8e12eb592279b>:0 

- Loaded All Assemblies, in  1.006 seconds
Refreshing native plugins compatible for Editor in 1.97 ms, found 4 plugins.
Native extension for WindowsStandalone target not found
[Package Manager] Failed to launch server process. Reason: Unity was launched with the -noUpm command-line argument
[Package Manager] Unable to send message (not connected to server process).
[Package Manager] Cannot connect to Unity Package Manager local server
ScheduleIndexationOnStartup MainProcess:False IndexOnStartup:True
Mono: successfully reloaded assembly
- Finished resetting the current domain, in  1.074 seconds
Domain Reload Profiling: 2074ms
	BeginReloadAssembly (350ms)
		ExecutionOrderSort (0ms)
		DisableScriptedObjects (43ms)
		BackupInstance (0ms)
		ReleaseScriptingObjects (0ms)
		CreateAndSetChildDomain (83ms)
	RebuildCommonClasses (55ms)
	RebuildNativeTypeToScriptingClass (14ms)
	initialDomainReloadingComplete (45ms)
	LoadAllAssembliesAndSetupDomain (535ms)
		LoadAssemblies (332ms)
		RebuildTransferFunctionScriptingTraits (0ms)
		AnalyzeDomain (326ms)
			TypeCache.Refresh (16ms)
				TypeCache.ScanAssembly (1ms)
			BuildScriptInfoCaches (292ms)
			ResolveRequiredComponents (12ms)
	FinalizeReload (1075ms)
		ReleaseScriptCaches (0ms)
		RebuildScriptCaches (0ms)
		SetupLoadedEditorAssemblies (901ms)
			LogAssemblyErrors (0ms)
			InitializePlatformSupportModulesInManaged (3ms)
			SetLoadedEditorAssemblies (9ms)
			BeforeProcessingInitializeOnLoad (252ms)
			ProcessInitializeOnLoadAttributes (554ms)
			ProcessInitializeOnLoadMethodAttributes (75ms)
			AfterProcessingInitializeOnLoad (8ms)
			EditorAssembliesLoaded (0ms)
		ExecutionOrderSort2 (0ms)
		AwakeInstancesAfterBackupRestoration (14ms)
Refreshing native plugins compatible for Editor in 2.31 ms, found 4 plugins.
Preloading 0 native plugins for Editor in 0.00 ms.
Unloading 16 Unused Serialized files (Serialized files now loaded: 0)
Unloading 6923 unused Assets / (4.4 MB). Loaded Objects now: 7930.
Memory consumption went from 161.1 MB to 156.7 MB.
Total: 13.237000 ms (FindLiveObjects: 0.780500 ms CreateObjectMapping: 0.931800 ms MarkObjects: 7.110500 ms  DeleteObjects: 4.413300 ms)

Prepare: number of updated asset objects reloaded= 0
========================================================================
Received Prepare
Refreshing native plugins compatible for Editor in 5.60 ms, found 4 plugins.
Preloading 0 native plugins for Editor in 0.00 ms.
Unloading 16 Unused Serialized files (Serialized files now loaded: 0)
Unloading 6913 unused Assets / (4.7 MB). Loaded Objects now: 7930.
Memory consumption went from 161.1 MB to 156.4 MB.
Total: 21.591000 ms (FindLiveObjects: 1.569400 ms CreateObjectMapping: 1.770000 ms MarkObjects: 12.199200 ms  DeleteObjects: 6.050900 ms)

Prepare: number of updated asset objects reloaded= 0
========================================================================
Received Prepare
Refreshing native plugins compatible for Editor in 5.66 ms, found 4 plugins.
Preloading 0 native plugins for Editor in 0.00 ms.
Unloading 16 Unused Serialized files (Serialized files now loaded: 0)
Unloading 6913 unused Assets / (5.3 MB). Loaded Objects now: 7930.
Memory consumption went from 161.1 MB to 155.8 MB.
Total: 19.551000 ms (FindLiveObjects: 1.488600 ms CreateObjectMapping: 1.189300 ms MarkObjects: 11.981500 ms  DeleteObjects: 4.890000 ms)

Prepare: number of updated asset objects reloaded= 0
========================================================================
Received Prepare
Begin MonoManager ReloadAssembly
[Licensing::Client] Successfully resolved entitlement details
DirectoryNotFoundException: Could not find a part of the path "C:\Users\Elenilson\Downloads\A-Extraordinaria-Mente-de-Arthur--main\A-Extraordinaria-Mente-de-Arthur--main\Library\PackageCache\com.unity.collections@aea9d3bd5e19\Unity.Collections.Tests\System.Runtime.CompilerServices.Unsafe\System.Runtime.CompilerServices.Unsafe.dll"
  at System.IO.FileStream..ctor (System.String path, System.IO.FileMode mode, System.IO.FileAccess access, System.IO.FileShare share, System.Int32 bufferSize, System.Boolean anonymous, System.IO.FileOptions options) [0x0019e] in <1eb9db207454431c84a47bcd81e79c37>:0 
  at System.IO.FileStream..ctor (System.String path, System.IO.FileMode mode, System.IO.FileAccess access, System.IO.FileShare share) [0x00000] in <1eb9db207454431c84a47bcd81e79c37>:0 
  at (wrapper remoting-invoke-with-check) System.IO.FileStream..ctor(string,System.IO.FileMode,System.IO.FileAccess,System.IO.FileShare)
  at Mono.Cecil.ModuleDefinition.GetFileStream (System.String fileName, System.IO.FileMode mode, System.IO.FileAccess access, System.IO.FileShare share) [0x00006] in <4e339395f8074c75847e518298d9c5fd>:0 
  at Mono.Cecil.ModuleDefinition.ReadModule (System.String fileName, Mono.Cecil.ReaderParameters parameters) [0x00008] in <4e339395f8074c75847e518298d9c5fd>:0 
  at Mono.Cecil.AssemblyDefinition.ReadAssembly (System.String fileName, Mono.Cecil.ReaderParameters parameters) [0x00000] in <4e339395f8074c75847e518298d9c5fd>:0 
  at UnityEditor.AssemblyValidation.LoadAssemblyDefinitions (System.String[] assemblyPaths, System.String[] searchPaths) [0x00048] in <5016c3a47c2a4a0cbfa8e12eb592279b>:0 
  at UnityEditor.AssemblyValidation.ValidateAssemblies (System.String[] assemblyPaths, System.Boolean enableLogging) [0x00007] in <5016c3a47c2a4a0cbfa8e12eb592279b>:0 

- Loaded All Assemblies, in  0.860 seconds
Refreshing native plugins compatible for Editor in 2.17 ms, found 4 plugins.
Native extension for WindowsStandalone target not found
[Package Manager] Failed to launch server process. Reason: Unity was launched with the -noUpm command-line argument
[Package Manager] Unable to send message (not connected to server process).
[Package Manager] Cannot connect to Unity Package Manager local server
ScheduleIndexationOnStartup MainProcess:False IndexOnStartup:True
Mono: successfully reloaded assembly
- Finished resetting the current domain, in  0.946 seconds
Domain Reload Profiling: 1799ms
	BeginReloadAssembly (265ms)
		ExecutionOrderSort (0ms)
		DisableScriptedObjects (22ms)
		BackupInstance (0ms)
		ReleaseScriptingObjects (0ms)
		CreateAndSetChildDomain (57ms)
	RebuildCommonClasses (45ms)
	RebuildNativeTypeToScriptingClass (16ms)
	initialDomainReloadingComplete (35ms)
	LoadAllAssembliesAndSetupDomain (492ms)
		LoadAssemblies (292ms)
		RebuildTransferFunctionScriptingTraits (0ms)
		AnalyzeDomain (310ms)
			TypeCache.Refresh (112ms)
				TypeCache.ScanAssembly (92ms)
			BuildScriptInfoCaches (182ms)
			ResolveRequiredComponents (11ms)
	FinalizeReload (946ms)
		ReleaseScriptCaches (0ms)
		RebuildScriptCaches (0ms)
		SetupLoadedEditorAssemblies (764ms)
			LogAssemblyErrors (0ms)
			InitializePlatformSupportModulesInManaged (2ms)
			SetLoadedEditorAssemblies (5ms)
			BeforeProcessingInitializeOnLoad (181ms)
			ProcessInitializeOnLoadAttributes (489ms)
			ProcessInitializeOnLoadMethodAttributes (76ms)
			AfterProcessingInitializeOnLoad (10ms)
			EditorAssembliesLoaded (0ms)
		ExecutionOrderSort2 (0ms)
		AwakeInstancesAfterBackupRestoration (15ms)
Refreshing native plugins compatible for Editor in 2.05 ms, found 4 plugins.
Preloading 0 native plugins for Editor in 0.00 ms.
Unloading 16 Unused Serialized files (Serialized files now loaded: 0)
Unloading 6923 unused Assets / (5.1 MB). Loaded Objects now: 7933.
Memory consumption went from 161.0 MB to 155.9 MB.
Total: 11.140400 ms (FindLiveObjects: 0.880400 ms CreateObjectMapping: 0.728600 ms MarkObjects: 5.946500 ms  DeleteObjects: 3.583500 ms)

Prepare: number of updated asset objects reloaded= 0
========================================================================
Received Prepare
Refreshing native plugins compatible for Editor in 3.43 ms, found 4 plugins.
Preloading 0 native plugins for Editor in 0.00 ms.
Unloading 16 Unused Serialized files (Serialized files now loaded: 0)
Unloading 6913 unused Assets / (8.0 MB). Loaded Objects now: 7933.
Memory consumption went from 161.2 MB to 153.2 MB.
Total: 18.605900 ms (FindLiveObjects: 0.960100 ms CreateObjectMapping: 1.159600 ms MarkObjects: 9.641300 ms  DeleteObjects: 6.843700 ms)

Prepare: number of updated asset objects reloaded= 0
========================================================================
Received Prepare
Begin MonoManager ReloadAssembly
DirectoryNotFoundException: Could not find a part of the path "C:\Users\Elenilson\Downloads\A-Extraordinaria-Mente-de-Arthur--main\A-Extraordinaria-Mente-de-Arthur--main\Library\PackageCache\com.unity.collections@aea9d3bd5e19\Unity.Collections.Tests\System.Runtime.CompilerServices.Unsafe\System.Runtime.CompilerServices.Unsafe.dll"
  at System.IO.FileStream..ctor (System.String path, System.IO.FileMode mode, System.IO.FileAccess access, System.IO.FileShare share, System.Int32 bufferSize, System.Boolean anonymous, System.IO.FileOptions options) [0x0019e] in <1eb9db207454431c84a47bcd81e79c37>:0 
  at System.IO.FileStream..ctor (System.String path, System.IO.FileMode mode, System.IO.FileAccess access, System.IO.FileShare share) [0x00000] in <1eb9db207454431c84a47bcd81e79c37>:0 
  at (wrapper remoting-invoke-with-check) System.IO.FileStream..ctor(string,System.IO.FileMode,System.IO.FileAccess,System.IO.FileShare)
  at Mono.Cecil.ModuleDefinition.GetFileStream (System.String fileName, System.IO.FileMode mode, System.IO.FileAccess access, System.IO.FileShare share) [0x00006] in <4e339395f8074c75847e518298d9c5fd>:0 
  at Mono.Cecil.ModuleDefinition.ReadModule (System.String fileName, Mono.Cecil.ReaderParameters parameters) [0x00008] in <4e339395f8074c75847e518298d9c5fd>:0 
  at Mono.Cecil.AssemblyDefinition.ReadAssembly (System.String fileName, Mono.Cecil.ReaderParameters parameters) [0x00000] in <4e339395f8074c75847e518298d9c5fd>:0 
  at UnityEditor.AssemblyValidation.LoadAssemblyDefinitions (System.String[] assemblyPaths, System.String[] searchPaths) [0x00048] in <5016c3a47c2a4a0cbfa8e12eb592279b>:0 
  at UnityEditor.AssemblyValidation.ValidateAssemblies (System.String[] assemblyPaths, System.Boolean enableLogging) [0x00007] in <5016c3a47c2a4a0cbfa8e12eb592279b>:0 

- Loaded All Assemblies, in  0.830 seconds
Refreshing native plugins compatible for Editor in 2.36 ms, found 4 plugins.
Native extension for WindowsStandalone target not found
[Package Manager] Failed to launch server process. Reason: Unity was launched with the -noUpm command-line argument
[Package Manager] Unable to send message (not connected to server process).
[Package Manager] Cannot connect to Unity Package Manager local server
ScheduleIndexationOnStartup MainProcess:False IndexOnStartup:True
Mono: successfully reloaded assembly
- Finished resetting the current domain, in  0.910 seconds
Domain Reload Profiling: 1738ms
	BeginReloadAssembly (247ms)
		ExecutionOrderSort (0ms)
		DisableScriptedObjects (15ms)
		BackupInstance (0ms)
		ReleaseScriptingObjects (0ms)
		CreateAndSetChildDomain (62ms)
	RebuildCommonClasses (39ms)
	RebuildNativeTypeToScriptingClass (15ms)
	initialDomainReloadingComplete (40ms)
	LoadAllAssembliesAndSetupDomain (487ms)
		LoadAssemblies (268ms)
		RebuildTransferFunctionScriptingTraits (0ms)
		AnalyzeDomain (323ms)
			TypeCache.Refresh (108ms)
				TypeCache.ScanAssembly (94ms)
			BuildScriptInfoCaches (199ms)
			ResolveRequiredComponents (12ms)
	FinalizeReload (910ms)
		ReleaseScriptCaches (0ms)
		RebuildScriptCaches (0ms)
		SetupLoadedEditorAssemblies (739ms)
			LogAssemblyErrors (0ms)
			InitializePlatformSupportModulesInManaged (3ms)
			SetLoadedEditorAssemblies (5ms)
			BeforeProcessingInitializeOnLoad (181ms)
			ProcessInitializeOnLoadAttributes (467ms)
			ProcessInitializeOnLoadMethodAttributes (74ms)
			AfterProcessingInitializeOnLoad (10ms)
			EditorAssembliesLoaded (0ms)
		ExecutionOrderSort2 (0ms)
		AwakeInstancesAfterBackupRestoration (20ms)
Refreshing native plugins compatible for Editor in 2.32 ms, found 4 plugins.
Preloading 0 native plugins for Editor in 0.00 ms.
Unloading 16 Unused Serialized files (Serialized files now loaded: 0)
Unloading 6923 unused Assets / (5.6 MB). Loaded Objects now: 7936.
Memory consumption went from 161.0 MB to 155.4 MB.
Total: 12.708800 ms (FindLiveObjects: 0.922300 ms CreateObjectMapping: 1.174000 ms MarkObjects: 6.398200 ms  DeleteObjects: 4.213100 ms)

Prepare: number of updated asset objects reloaded= 0
========================================================================
Received Prepare
Refreshing native plugins compatible for Editor in 4.17 ms, found 4 plugins.
Preloading 0 native plugins for Editor in 0.00 ms.
Unloading 16 Unused Serialized files (Serialized files now loaded: 0)
Unloading 6913 unused Assets / (4.6 MB). Loaded Objects now: 7936.
Memory consumption went from 161.2 MB to 156.6 MB.
Total: 18.086600 ms (FindLiveObjects: 1.325800 ms CreateObjectMapping: 1.691100 ms MarkObjects: 10.229000 ms  DeleteObjects: 4.838700 ms)

Prepare: number of updated asset objects reloaded= 0
========================================================================
Received Prepare
Refreshing native plugins compatible for Editor in 3.08 ms, found 4 plugins.
Preloading 0 native plugins for Editor in 0.00 ms.
Unloading 16 Unused Serialized files (Serialized files now loaded: 0)
Unloading 6913 unused Assets / (4.8 MB). Loaded Objects now: 7936.
Memory consumption went from 161.2 MB to 156.4 MB.
Total: 19.613400 ms (FindLiveObjects: 1.306800 ms CreateObjectMapping: 1.695300 ms MarkObjects: 12.142700 ms  DeleteObjects: 4.467100 ms)

Prepare: number of updated asset objects reloaded= 0
========================================================================
Received Prepare
Begin MonoManager ReloadAssembly
[Licensing::Client] Successfully resolved entitlement details
DirectoryNotFoundException: Could not find a part of the path "C:\Users\Elenilson\Downloads\A-Extraordinaria-Mente-de-Arthur--main\A-Extraordinaria-Mente-de-Arthur--main\Library\PackageCache\com.unity.collections@aea9d3bd5e19\Unity.Collections.Tests\System.Runtime.CompilerServices.Unsafe\System.Runtime.CompilerServices.Unsafe.dll"
  at System.IO.FileStream..ctor (System.String path, System.IO.FileMode mode, System.IO.FileAccess access, System.IO.FileShare share, System.Int32 bufferSize, System.Boolean anonymous, System.IO.FileOptions options) [0x0019e] in <1eb9db207454431c84a47bcd81e79c37>:0 
  at System.IO.FileStream..ctor (System.String path, System.IO.FileMode mode, System.IO.FileAccess access, System.IO.FileShare share) [0x00000] in <1eb9db207454431c84a47bcd81e79c37>:0 
  at (wrapper remoting-invoke-with-check) System.IO.FileStream..ctor(string,System.IO.FileMode,System.IO.FileAccess,System.IO.FileShare)
  at Mono.Cecil.ModuleDefinition.GetFileStream (System.String fileName, System.IO.FileMode mode, System.IO.FileAccess access, System.IO.FileShare share) [0x00006] in <4e339395f8074c75847e518298d9c5fd>:0 
  at Mono.Cecil.ModuleDefinition.ReadModule (System.String fileName, Mono.Cecil.ReaderParameters parameters) [0x00008] in <4e339395f8074c75847e518298d9c5fd>:0 
  at Mono.Cecil.AssemblyDefinition.ReadAssembly (System.String fileName, Mono.Cecil.ReaderParameters parameters) [0x00000] in <4e339395f8074c75847e518298d9c5fd>:0 
  at UnityEditor.AssemblyValidation.LoadAssemblyDefinitions (System.String[] assemblyPaths, System.String[] searchPaths) [0x00048] in <5016c3a47c2a4a0cbfa8e12eb592279b>:0 
  at UnityEditor.AssemblyValidation.ValidateAssemblies (System.String[] assemblyPaths, System.Boolean enableLogging) [0x00007] in <5016c3a47c2a4a0cbfa8e12eb592279b>:0 

- Loaded All Assemblies, in  0.972 seconds
Refreshing native plugins compatible for Editor in 2.52 ms, found 4 plugins.
Native extension for WindowsStandalone target not found
[Package Manager] Failed to launch server process. Reason: Unity was launched with the -noUpm command-line argument
[Package Manager] Unable to send message (not connected to server process).
[Package Manager] Cannot connect to Unity Package Manager local server
ScheduleIndexationOnStartup MainProcess:False IndexOnStartup:True
Mono: successfully reloaded assembly
- Finished resetting the current domain, in  0.929 seconds
Domain Reload Profiling: 1895ms
	BeginReloadAssembly (312ms)
		ExecutionOrderSort (0ms)
		DisableScriptedObjects (18ms)
		BackupInstance (0ms)
		ReleaseScriptingObjects (0ms)
		CreateAndSetChildDomain (80ms)
	RebuildCommonClasses (40ms)
	RebuildNativeTypeToScriptingClass (13ms)
	initialDomainReloadingComplete (43ms)
	LoadAllAssembliesAndSetupDomain (558ms)
		LoadAssemblies (340ms)
		RebuildTransferFunctionScriptingTraits (0ms)
		AnalyzeDomain (357ms)
			TypeCache.Refresh (121ms)
				TypeCache.ScanAssembly (106ms)
			BuildScriptInfoCaches (222ms)
			ResolveRequiredComponents (9ms)
	FinalizeReload (929ms)
		ReleaseScriptCaches (0ms)
		RebuildScriptCaches (0ms)
		SetupLoadedEditorAssemblies (745ms)
			LogAssemblyErrors (0ms)
			InitializePlatformSupportModulesInManaged (3ms)
			SetLoadedEditorAssemblies (6ms)
			BeforeProcessingInitializeOnLoad (179ms)
			ProcessInitializeOnLoadAttributes (471ms)
			ProcessInitializeOnLoadMethodAttributes (76ms)
			AfterProcessingInitializeOnLoad (9ms)
			EditorAssembliesLoaded (0ms)
		ExecutionOrderSort2 (0ms)
		AwakeInstancesAfterBackupRestoration (16ms)
Refreshing native plugins compatible for Editor in 2.41 ms, found 4 plugins.
Preloading 0 native plugins for Editor in 0.00 ms.
Unloading 16 Unused Serialized files (Serialized files now loaded: 0)
Unloading 6923 unused Assets / (5.1 MB). Loaded Objects now: 7939.
Memory consumption went from 161.1 MB to 156.1 MB.
Total: 13.095300 ms (FindLiveObjects: 0.907600 ms CreateObjectMapping: 1.094500 ms MarkObjects: 7.473100 ms  DeleteObjects: 3.618300 ms)

Prepare: number of updated asset objects reloaded= 0
========================================================================
Received Prepare
Refreshing native plugins compatible for Editor in 4.53 ms, found 4 plugins.
Preloading 0 native plugins for Editor in 0.00 ms.
Unloading 16 Unused Serialized files (Serialized files now loaded: 0)
Unloading 6913 unused Assets / (4.6 MB). Loaded Objects now: 7939.
Memory consumption went from 161.3 MB to 156.7 MB.
Total: 18.960100 ms (FindLiveObjects: 1.055700 ms CreateObjectMapping: 1.448700 ms MarkObjects: 11.919600 ms  DeleteObjects: 4.533600 ms)

Prepare: number of updated asset objects reloaded= 0
========================================================================
Received Prepare
Begin MonoManager ReloadAssembly
[Licensing::Client] Successfully resolved entitlement details
DirectoryNotFoundException: Could not find a part of the path "C:\Users\Elenilson\Downloads\A-Extraordinaria-Mente-de-Arthur--main\A-Extraordinaria-Mente-de-Arthur--main\Library\PackageCache\com.unity.collections@aea9d3bd5e19\Unity.Collections.Tests\System.Runtime.CompilerServices.Unsafe\System.Runtime.CompilerServices.Unsafe.dll"
  at System.IO.FileStream..ctor (System.String path, System.IO.FileMode mode, System.IO.FileAccess access, System.IO.FileShare share, System.Int32 bufferSize, System.Boolean anonymous, System.IO.FileOptions options) [0x0019e] in <1eb9db207454431c84a47bcd81e79c37>:0 
  at System.IO.FileStream..ctor (System.String path, System.IO.FileMode mode, System.IO.FileAccess access, System.IO.FileShare share) [0x00000] in <1eb9db207454431c84a47bcd81e79c37>:0 
  at (wrapper remoting-invoke-with-check) System.IO.FileStream..ctor(string,System.IO.FileMode,System.IO.FileAccess,System.IO.FileShare)
  at Mono.Cecil.ModuleDefinition.GetFileStream (System.String fileName, System.IO.FileMode mode, System.IO.FileAccess access, System.IO.FileShare share) [0x00006] in <4e339395f8074c75847e518298d9c5fd>:0 
  at Mono.Cecil.ModuleDefinition.ReadModule (System.String fileName, Mono.Cecil.ReaderParameters parameters) [0x00008] in <4e339395f8074c75847e518298d9c5fd>:0 
  at Mono.Cecil.AssemblyDefinition.ReadAssembly (System.String fileName, Mono.Cecil.ReaderParameters parameters) [0x00000] in <4e339395f8074c75847e518298d9c5fd>:0 
  at UnityEditor.AssemblyValidation.LoadAssemblyDefinitions (System.String[] assemblyPaths, System.String[] searchPaths) [0x00048] in <5016c3a47c2a4a0cbfa8e12eb592279b>:0 
  at UnityEditor.AssemblyValidation.ValidateAssemblies (System.String[] assemblyPaths, System.Boolean enableLogging) [0x00007] in <5016c3a47c2a4a0cbfa8e12eb592279b>:0 

- Loaded All Assemblies, in  1.147 seconds
Refreshing native plugins compatible for Editor in 3.09 ms, found 4 plugins.
Native extension for WindowsStandalone target not found
[Package Manager] Failed to launch server process. Reason: Unity was launched with the -noUpm command-line argument
[Package Manager] Unable to send message (not connected to server process).
[Package Manager] Cannot connect to Unity Package Manager local server
ScheduleIndexationOnStartup MainProcess:False IndexOnStartup:True
Mono: successfully reloaded assembly
- Finished resetting the current domain, in  1.266 seconds
Domain Reload Profiling: 2402ms
	BeginReloadAssembly (362ms)
		ExecutionOrderSort (0ms)
		DisableScriptedObjects (26ms)
		BackupInstance (0ms)
		ReleaseScriptingObjects (0ms)
		CreateAndSetChildDomain (76ms)
	RebuildCommonClasses (68ms)
	RebuildNativeTypeToScriptingClass (28ms)
	initialDomainReloadingComplete (62ms)
	LoadAllAssembliesAndSetupDomain (616ms)
		LoadAssemblies (405ms)
		RebuildTransferFunctionScriptingTraits (0ms)
		AnalyzeDomain (376ms)
			TypeCache.Refresh (16ms)
				TypeCache.ScanAssembly (1ms)
			BuildScriptInfoCaches (343ms)
			ResolveRequiredComponents (12ms)
	FinalizeReload (1266ms)
		ReleaseScriptCaches (0ms)
		RebuildScriptCaches (0ms)
		SetupLoadedEditorAssemblies (1023ms)
			LogAssemblyErrors (0ms)
			InitializePlatformSupportModulesInManaged (2ms)
			SetLoadedEditorAssemblies (8ms)
			BeforeProcessingInitializeOnLoad (327ms)
			ProcessInitializeOnLoadAttributes (574ms)
			ProcessInitializeOnLoadMethodAttributes (100ms)
			AfterProcessingInitializeOnLoad (11ms)
			EditorAssembliesLoaded (0ms)
		ExecutionOrderSort2 (0ms)
		AwakeInstancesAfterBackupRestoration (22ms)
Refreshing native plugins compatible for Editor in 2.01 ms, found 4 plugins.
Preloading 0 native plugins for Editor in 0.00 ms.
Unloading 16 Unused Serialized files (Serialized files now loaded: 0)
Unloading 6923 unused Assets / (4.8 MB). Loaded Objects now: 7942.
Memory consumption went from 161.2 MB to 156.3 MB.
Total: 11.981000 ms (FindLiveObjects: 0.876600 ms CreateObjectMapping: 1.039500 ms MarkObjects: 5.956700 ms  DeleteObjects: 4.106800 ms)

Prepare: number of updated asset objects reloaded= 0
========================================================================
Received Prepare
Begin MonoManager ReloadAssembly
[Licensing::Client] Successfully resolved entitlement details
DirectoryNotFoundException: Could not find a part of the path "C:\Users\Elenilson\Downloads\A-Extraordinaria-Mente-de-Arthur--main\A-Extraordinaria-Mente-de-Arthur--main\Library\PackageCache\com.unity.collections@aea9d3bd5e19\Unity.Collections.Tests\System.Runtime.CompilerServices.Unsafe\System.Runtime.CompilerServices.Unsafe.dll"
  at System.IO.FileStream..ctor (System.String path, System.IO.FileMode mode, System.IO.FileAccess access, System.IO.FileShare share, System.Int32 bufferSize, System.Boolean anonymous, System.IO.FileOptions options) [0x0019e] in <1eb9db207454431c84a47bcd81e79c37>:0 
  at System.IO.FileStream..ctor (System.String path, System.IO.FileMode mode, System.IO.FileAccess access, System.IO.FileShare share) [0x00000] in <1eb9db207454431c84a47bcd81e79c37>:0 
  at (wrapper remoting-invoke-with-check) System.IO.FileStream..ctor(string,System.IO.FileMode,System.IO.FileAccess,System.IO.FileShare)
  at Mono.Cecil.ModuleDefinition.GetFileStream (System.String fileName, System.IO.FileMode mode, System.IO.FileAccess access, System.IO.FileShare share) [0x00006] in <4e339395f8074c75847e518298d9c5fd>:0 
  at Mono.Cecil.ModuleDefinition.ReadModule (System.String fileName, Mono.Cecil.ReaderParameters parameters) [0x00008] in <4e339395f8074c75847e518298d9c5fd>:0 
  at Mono.Cecil.AssemblyDefinition.ReadAssembly (System.String fileName, Mono.Cecil.ReaderParameters parameters) [0x00000] in <4e339395f8074c75847e518298d9c5fd>:0 
  at UnityEditor.AssemblyValidation.LoadAssemblyDefinitions (System.String[] assemblyPaths, System.String[] searchPaths) [0x00048] in <5016c3a47c2a4a0cbfa8e12eb592279b>:0 
  at UnityEditor.AssemblyValidation.ValidateAssemblies (System.String[] assemblyPaths, System.Boolean enableLogging) [0x00007] in <5016c3a47c2a4a0cbfa8e12eb592279b>:0 

- Loaded All Assemblies, in  0.750 seconds
Refreshing native plugins compatible for Editor in 2.15 ms, found 4 plugins.
Native extension for WindowsStandalone target not found
[Package Manager] Failed to launch server process. Reason: Unity was launched with the -noUpm command-line argument
[Package Manager] Unable to send message (not connected to server process).
[Package Manager] Cannot connect to Unity Package Manager local server
ScheduleIndexationOnStartup MainProcess:False IndexOnStartup:True
Mono: successfully reloaded assembly
- Finished resetting the current domain, in  0.981 seconds
Domain Reload Profiling: 1729ms
	BeginReloadAssembly (240ms)
		ExecutionOrderSort (0ms)
		DisableScriptedObjects (15ms)
		BackupInstance (0ms)
		ReleaseScriptingObjects (0ms)
		CreateAndSetChildDomain (60ms)
	RebuildCommonClasses (37ms)
	RebuildNativeTypeToScriptingClass (13ms)
	initialDomainReloadingComplete (33ms)
	LoadAllAssembliesAndSetupDomain (424ms)
		LoadAssemblies (282ms)
		RebuildTransferFunctionScriptingTraits (0ms)
		AnalyzeDomain (244ms)
			TypeCache.Refresh (6ms)
				TypeCache.ScanAssembly (0ms)
			BuildScriptInfoCaches (224ms)
			ResolveRequiredComponents (9ms)
	FinalizeReload (982ms)
		ReleaseScriptCaches (0ms)
		RebuildScriptCaches (0ms)
		SetupLoadedEditorAssemblies (811ms)
			LogAssemblyErrors (0ms)
			InitializePlatformSupportModulesInManaged (2ms)
			SetLoadedEditorAssemblies (5ms)
			BeforeProcessingInitializeOnLoad (181ms)
			ProcessInitializeOnLoadAttributes (531ms)
			ProcessInitializeOnLoadMethodAttributes (84ms)
			AfterProcessingInitializeOnLoad (8ms)
			EditorAssembliesLoaded (1ms)
		ExecutionOrderSort2 (0ms)
		AwakeInstancesAfterBackupRestoration (19ms)
Refreshing native plugins compatible for Editor in 2.62 ms, found 4 plugins.
Preloading 0 native plugins for Editor in 0.00 ms.
Unloading 16 Unused Serialized files (Serialized files now loaded: 0)
Unloading 6923 unused Assets / (5.0 MB). Loaded Objects now: 7945.
Memory consumption went from 161.2 MB to 156.2 MB.
Total: 18.497100 ms (FindLiveObjects: 0.960400 ms CreateObjectMapping: 1.676600 ms MarkObjects: 10.331200 ms  DeleteObjects: 5.527600 ms)

Prepare: number of updated asset objects reloaded= 0
========================================================================
Received Prepare
Refreshing native plugins compatible for Editor in 4.10 ms, found 4 plugins.
Preloading 0 native plugins for Editor in 0.00 ms.
Unloading 16 Unused Serialized files (Serialized files now loaded: 0)
Unloading 6913 unused Assets / (5.3 MB). Loaded Objects now: 7945.
Memory consumption went from 161.4 MB to 156.1 MB.
Total: 16.966700 ms (FindLiveObjects: 1.405300 ms CreateObjectMapping: 1.408300 ms MarkObjects: 9.343500 ms  DeleteObjects: 4.807500 ms)

Prepare: number of updated asset objects reloaded= 0
========================================================================
Received Prepare
Begin MonoManager ReloadAssembly
[Licensing::Client] Successfully resolved entitlement details
DirectoryNotFoundException: Could not find a part of the path "C:\Users\Elenilson\Downloads\A-Extraordinaria-Mente-de-Arthur--main\A-Extraordinaria-Mente-de-Arthur--main\Library\PackageCache\com.unity.collections@aea9d3bd5e19\Unity.Collections.Tests\System.Runtime.CompilerServices.Unsafe\System.Runtime.CompilerServices.Unsafe.dll"
  at System.IO.FileStream..ctor (System.String path, System.IO.FileMode mode, System.IO.FileAccess access, System.IO.FileShare share, System.Int32 bufferSize, System.Boolean anonymous, System.IO.FileOptions options) [0x0019e] in <1eb9db207454431c84a47bcd81e79c37>:0 
  at System.IO.FileStream..ctor (System.String path, System.IO.FileMode mode, System.IO.FileAccess access, System.IO.FileShare share) [0x00000] in <1eb9db207454431c84a47bcd81e79c37>:0 
  at (wrapper remoting-invoke-with-check) System.IO.FileStream..ctor(string,System.IO.FileMode,System.IO.FileAccess,System.IO.FileShare)
  at Mono.Cecil.ModuleDefinition.GetFileStream (System.String fileName, System.IO.FileMode mode, System.IO.FileAccess access, System.IO.FileShare share) [0x00006] in <4e339395f8074c75847e518298d9c5fd>:0 
  at Mono.Cecil.ModuleDefinition.ReadModule (System.String fileName, Mono.Cecil.ReaderParameters parameters) [0x00008] in <4e339395f8074c75847e518298d9c5fd>:0 
  at Mono.Cecil.AssemblyDefinition.ReadAssembly (System.String fileName, Mono.Cecil.ReaderParameters parameters) [0x00000] in <4e339395f8074c75847e518298d9c5fd>:0 
  at UnityEditor.AssemblyValidation.LoadAssemblyDefinitions (System.String[] assemblyPaths, System.String[] searchPaths) [0x00048] in <5016c3a47c2a4a0cbfa8e12eb592279b>:0 
  at UnityEditor.AssemblyValidation.ValidateAssemblies (System.String[] assemblyPaths, System.Boolean enableLogging) [0x00007] in <5016c3a47c2a4a0cbfa8e12eb592279b>:0 

- Loaded All Assemblies, in  0.874 seconds
Refreshing native plugins compatible for Editor in 2.47 ms, found 4 plugins.
Native extension for WindowsStandalone target not found
[Package Manager] Failed to launch server process. Reason: Unity was launched with the -noUpm command-line argument
[Package Manager] Unable to send message (not connected to server process).
[Package Manager] Cannot connect to Unity Package Manager local server
ScheduleIndexationOnStartup MainProcess:False IndexOnStartup:True
Mono: successfully reloaded assembly
- Finished resetting the current domain, in  0.980 seconds
Domain Reload Profiling: 1848ms
	BeginReloadAssembly (262ms)
		ExecutionOrderSort (0ms)
		DisableScriptedObjects (20ms)
		BackupInstance (0ms)
		ReleaseScriptingObjects (0ms)
		CreateAndSetChildDomain (71ms)
	RebuildCommonClasses (58ms)
	RebuildNativeTypeToScriptingClass (19ms)
	initialDomainReloadingComplete (43ms)
	LoadAllAssembliesAndSetupDomain (484ms)
		LoadAssemblies (319ms)
		RebuildTransferFunctionScriptingTraits (0ms)
		AnalyzeDomain (271ms)
			TypeCache.Refresh (11ms)
				TypeCache.ScanAssembly (1ms)
			BuildScriptInfoCaches (245ms)
			ResolveRequiredComponents (10ms)
	FinalizeReload (981ms)
		ReleaseScriptCaches (0ms)
		RebuildScriptCaches (0ms)
		SetupLoadedEditorAssemblies (775ms)
			LogAssemblyErrors (0ms)
			InitializePlatformSupportModulesInManaged (3ms)
			SetLoadedEditorAssemblies (7ms)
			BeforeProcessingInitializeOnLoad (188ms)
			ProcessInitializeOnLoadAttributes (490ms)
			ProcessInitializeOnLoadMethodAttributes (78ms)
			AfterProcessingInitializeOnLoad (8ms)
			EditorAssembliesLoaded (0ms)
		ExecutionOrderSort2 (0ms)
		AwakeInstancesAfterBackupRestoration (15ms)
Refreshing native plugins compatible for Editor in 2.14 ms, found 4 plugins.
Preloading 0 native plugins for Editor in 0.00 ms.
Unloading 16 Unused Serialized files (Serialized files now loaded: 0)
Unloading 6923 unused Assets / (5.4 MB). Loaded Objects now: 7948.
Memory consumption went from 161.3 MB to 155.9 MB.
Total: 11.883300 ms (FindLiveObjects: 0.811200 ms CreateObjectMapping: 0.653200 ms MarkObjects: 7.099200 ms  DeleteObjects: 3.317500 ms)

Prepare: number of updated asset objects reloaded= 0
========================================================================
Received Prepare
Begin MonoManager ReloadAssembly
DirectoryNotFoundException: Could not find a part of the path "C:\Users\Elenilson\Downloads\A-Extraordinaria-Mente-de-Arthur--main\A-Extraordinaria-Mente-de-Arthur--main\Library\PackageCache\com.unity.collections@aea9d3bd5e19\Unity.Collections.Tests\System.Runtime.CompilerServices.Unsafe\System.Runtime.CompilerServices.Unsafe.dll"
  at System.IO.FileStream..ctor (System.String path, System.IO.FileMode mode, System.IO.FileAccess access, System.IO.FileShare share, System.Int32 bufferSize, System.Boolean anonymous, System.IO.FileOptions options) [0x0019e] in <1eb9db207454431c84a47bcd81e79c37>:0 
  at System.IO.FileStream..ctor (System.String path, System.IO.FileMode mode, System.IO.FileAccess access, System.IO.FileShare share) [0x00000] in <1eb9db207454431c84a47bcd81e79c37>:0 
  at (wrapper remoting-invoke-with-check) System.IO.FileStream..ctor(string,System.IO.FileMode,System.IO.FileAccess,System.IO.FileShare)
  at Mono.Cecil.ModuleDefinition.GetFileStream (System.String fileName, System.IO.FileMode mode, System.IO.FileAccess access, System.IO.FileShare share) [0x00006] in <4e339395f8074c75847e518298d9c5fd>:0 
  at Mono.Cecil.ModuleDefinition.ReadModule (System.String fileName, Mono.Cecil.ReaderParameters parameters) [0x00008] in <4e339395f8074c75847e518298d9c5fd>:0 
  at Mono.Cecil.AssemblyDefinition.ReadAssembly (System.String fileName, Mono.Cecil.ReaderParameters parameters) [0x00000] in <4e339395f8074c75847e518298d9c5fd>:0 
  at UnityEditor.AssemblyValidation.LoadAssemblyDefinitions (System.String[] assemblyPaths, System.String[] searchPaths) [0x00048] in <5016c3a47c2a4a0cbfa8e12eb592279b>:0 
  at UnityEditor.AssemblyValidation.ValidateAssemblies (System.String[] assemblyPaths, System.Boolean enableLogging) [0x00007] in <5016c3a47c2a4a0cbfa8e12eb592279b>:0 

- Loaded All Assemblies, in  0.729 seconds
Refreshing native plugins compatible for Editor in 2.04 ms, found 4 plugins.
Native extension for WindowsStandalone target not found
[Package Manager] Failed to launch server process. Reason: Unity was launched with the -noUpm command-line argument
[Package Manager] Unable to send message (not connected to server process).
[Package Manager] Cannot connect to Unity Package Manager local server
ScheduleIndexationOnStartup MainProcess:False IndexOnStartup:True
Mono: successfully reloaded assembly
- Finished resetting the current domain, in  0.994 seconds
Domain Reload Profiling: 1721ms
	BeginReloadAssembly (230ms)
		ExecutionOrderSort (0ms)
		DisableScriptedObjects (14ms)
		BackupInstance (0ms)
		ReleaseScriptingObjects (0ms)
		CreateAndSetChildDomain (59ms)
	RebuildCommonClasses (37ms)
	RebuildNativeTypeToScriptingClass (12ms)
	initialDomainReloadingComplete (34ms)
	LoadAllAssembliesAndSetupDomain (413ms)
		LoadAssemblies (262ms)
		RebuildTransferFunctionScriptingTraits (0ms)
		AnalyzeDomain (248ms)
			TypeCache.Refresh (6ms)
				TypeCache.ScanAssembly (0ms)
			BuildScriptInfoCaches (228ms)
			ResolveRequiredComponents (9ms)
	FinalizeReload (995ms)
		ReleaseScriptCaches (0ms)
		RebuildScriptCaches (0ms)
		SetupLoadedEditorAssemblies (821ms)
			LogAssemblyErrors (0ms)
			InitializePlatformSupportModulesInManaged (2ms)
			SetLoadedEditorAssemblies (5ms)
			BeforeProcessingInitializeOnLoad (178ms)
			ProcessInitializeOnLoadAttributes (514ms)
			ProcessInitializeOnLoadMethodAttributes (111ms)
			AfterProcessingInitializeOnLoad (10ms)
			EditorAssembliesLoaded (0ms)
		ExecutionOrderSort2 (0ms)
		AwakeInstancesAfterBackupRestoration (21ms)
Refreshing native plugins compatible for Editor in 2.67 ms, found 4 plugins.
Preloading 0 native plugins for Editor in 0.00 ms.
Unloading 16 Unused Serialized files (Serialized files now loaded: 0)
Unloading 6923 unused Assets / (5.0 MB). Loaded Objects now: 7951.
Memory consumption went from 161.3 MB to 156.3 MB.
Total: 15.350900 ms (FindLiveObjects: 0.888600 ms CreateObjectMapping: 1.077800 ms MarkObjects: 8.967900 ms  DeleteObjects: 4.414800 ms)

Prepare: number of updated asset objects reloaded= 0
========================================================================
Received Prepare
Refreshing native plugins compatible for Editor in 4.46 ms, found 4 plugins.
Preloading 0 native plugins for Editor in 0.00 ms.
Unloading 16 Unused Serialized files (Serialized files now loaded: 0)
Unloading 6913 unused Assets / (5.4 MB). Loaded Objects now: 7951.
Memory consumption went from 161.5 MB to 156.1 MB.
Total: 16.798100 ms (FindLiveObjects: 0.913900 ms CreateObjectMapping: 1.190100 ms MarkObjects: 10.606600 ms  DeleteObjects: 4.085800 ms)

Prepare: number of updated asset objects reloaded= 0
========================================================================
Received Prepare
Begin MonoManager ReloadAssembly
[Licensing::Client] Successfully resolved entitlement details
DirectoryNotFoundException: Could not find a part of the path "C:\Users\Elenilson\Downloads\A-Extraordinaria-Mente-de-Arthur--main\A-Extraordinaria-Mente-de-Arthur--main\Library\PackageCache\com.unity.collections@aea9d3bd5e19\Unity.Collections.Tests\System.Runtime.CompilerServices.Unsafe\System.Runtime.CompilerServices.Unsafe.dll"
  at System.IO.FileStream..ctor (System.String path, System.IO.FileMode mode, System.IO.FileAccess access, System.IO.FileShare share, System.Int32 bufferSize, System.Boolean anonymous, System.IO.FileOptions options) [0x0019e] in <1eb9db207454431c84a47bcd81e79c37>:0 
  at System.IO.FileStream..ctor (System.String path, System.IO.FileMode mode, System.IO.FileAccess access, System.IO.FileShare share) [0x00000] in <1eb9db207454431c84a47bcd81e79c37>:0 
  at (wrapper remoting-invoke-with-check) System.IO.FileStream..ctor(string,System.IO.FileMode,System.IO.FileAccess,System.IO.FileShare)
  at Mono.Cecil.ModuleDefinition.GetFileStream (System.String fileName, System.IO.FileMode mode, System.IO.FileAccess access, System.IO.FileShare share) [0x00006] in <4e339395f8074c75847e518298d9c5fd>:0 
  at Mono.Cecil.ModuleDefinition.ReadModule (System.String fileName, Mono.Cecil.ReaderParameters parameters) [0x00008] in <4e339395f8074c75847e518298d9c5fd>:0 
  at Mono.Cecil.AssemblyDefinition.ReadAssembly (System.String fileName, Mono.Cecil.ReaderParameters parameters) [0x00000] in <4e339395f8074c75847e518298d9c5fd>:0 
  at UnityEditor.AssemblyValidation.LoadAssemblyDefinitions (System.String[] assemblyPaths, System.String[] searchPaths) [0x00048] in <5016c3a47c2a4a0cbfa8e12eb592279b>:0 
  at UnityEditor.AssemblyValidation.ValidateAssemblies (System.String[] assemblyPaths, System.Boolean enableLogging) [0x00007] in <5016c3a47c2a4a0cbfa8e12eb592279b>:0 

- Loaded All Assemblies, in  0.870 seconds
Refreshing native plugins compatible for Editor in 2.54 ms, found 4 plugins.
Native extension for WindowsStandalone target not found
[Package Manager] Failed to launch server process. Reason: Unity was launched with the -noUpm command-line argument
[Package Manager] Unable to send message (not connected to server process).
[Package Manager] Cannot connect to Unity Package Manager local server
ScheduleIndexationOnStartup MainProcess:False IndexOnStartup:True
Mono: successfully reloaded assembly
- Finished resetting the current domain, in  0.941 seconds
Domain Reload Profiling: 1804ms
	BeginReloadAssembly (288ms)
		ExecutionOrderSort (0ms)
		DisableScriptedObjects (21ms)
		BackupInstance (0ms)
		ReleaseScriptingObjects (0ms)
		CreateAndSetChildDomain (65ms)
	RebuildCommonClasses (38ms)
	RebuildNativeTypeToScriptingClass (13ms)
	initialDomainReloadingComplete (35ms)
	LoadAllAssembliesAndSetupDomain (489ms)
		LoadAssemblies (313ms)
		RebuildTransferFunctionScriptingTraits (0ms)
		AnalyzeDomain (306ms)
			TypeCache.Refresh (14ms)
				TypeCache.ScanAssembly (1ms)
			BuildScriptInfoCaches (278ms)
			ResolveRequiredComponents (9ms)
	FinalizeReload (941ms)
		ReleaseScriptCaches (0ms)
		RebuildScriptCaches (0ms)
		SetupLoadedEditorAssemblies (766ms)
			LogAssemblyErrors (0ms)
			InitializePlatformSupportModulesInManaged (2ms)
			SetLoadedEditorAssemblies (5ms)
			BeforeProcessingInitializeOnLoad (196ms)
			ProcessInitializeOnLoadAttributes (481ms)
			ProcessInitializeOnLoadMethodAttributes (73ms)
			AfterProcessingInitializeOnLoad (9ms)
			EditorAssembliesLoaded (0ms)
		ExecutionOrderSort2 (0ms)
		AwakeInstancesAfterBackupRestoration (14ms)
Refreshing native plugins compatible for Editor in 2.54 ms, found 4 plugins.
Preloading 0 native plugins for Editor in 0.00 ms.
Unloading 16 Unused Serialized files (Serialized files now loaded: 0)
Unloading 6923 unused Assets / (6.2 MB). Loaded Objects now: 7954.
Memory consumption went from 161.4 MB to 155.2 MB.
Total: 12.386500 ms (FindLiveObjects: 0.886900 ms CreateObjectMapping: 1.026700 ms MarkObjects: 6.133400 ms  DeleteObjects: 4.338300 ms)

Prepare: number of updated asset objects reloaded= 0
========================================================================
Received Prepare
Refreshing native plugins compatible for Editor in 3.45 ms, found 4 plugins.
Preloading 0 native plugins for Editor in 0.00 ms.
Unloading 16 Unused Serialized files (Serialized files now loaded: 0)
Unloading 6913 unused Assets / (4.5 MB). Loaded Objects now: 7954.
Memory consumption went from 161.5 MB to 157.0 MB.
Total: 16.847700 ms (FindLiveObjects: 1.282600 ms CreateObjectMapping: 1.216800 ms MarkObjects: 9.505100 ms  DeleteObjects: 4.841200 ms)

Prepare: number of updated asset objects reloaded= 0
========================================================================
Received Prepare
Begin MonoManager ReloadAssembly
[Licensing::Client] Successfully resolved entitlement details
DirectoryNotFoundException: Could not find a part of the path "C:\Users\Elenilson\Downloads\A-Extraordinaria-Mente-de-Arthur--main\A-Extraordinaria-Mente-de-Arthur--main\Library\PackageCache\com.unity.collections@aea9d3bd5e19\Unity.Collections.Tests\System.Runtime.CompilerServices.Unsafe\System.Runtime.CompilerServices.Unsafe.dll"
  at System.IO.FileStream..ctor (System.String path, System.IO.FileMode mode, System.IO.FileAccess access, System.IO.FileShare share, System.Int32 bufferSize, System.Boolean anonymous, System.IO.FileOptions options) [0x0019e] in <1eb9db207454431c84a47bcd81e79c37>:0 
  at System.IO.FileStream..ctor (System.String path, System.IO.FileMode mode, System.IO.FileAccess access, System.IO.FileShare share) [0x00000] in <1eb9db207454431c84a47bcd81e79c37>:0 
  at (wrapper remoting-invoke-with-check) System.IO.FileStream..ctor(string,System.IO.FileMode,System.IO.FileAccess,System.IO.FileShare)
  at Mono.Cecil.ModuleDefinition.GetFileStream (System.String fileName, System.IO.FileMode mode, System.IO.FileAccess access, System.IO.FileShare share) [0x00006] in <4e339395f8074c75847e518298d9c5fd>:0 
  at Mono.Cecil.ModuleDefinition.ReadModule (System.String fileName, Mono.Cecil.ReaderParameters parameters) [0x00008] in <4e339395f8074c75847e518298d9c5fd>:0 
  at Mono.Cecil.AssemblyDefinition.ReadAssembly (System.String fileName, Mono.Cecil.ReaderParameters parameters) [0x00000] in <4e339395f8074c75847e518298d9c5fd>:0 
  at UnityEditor.AssemblyValidation.LoadAssemblyDefinitions (System.String[] assemblyPaths, System.String[] searchPaths) [0x00048] in <5016c3a47c2a4a0cbfa8e12eb592279b>:0 
  at UnityEditor.AssemblyValidation.ValidateAssemblies (System.String[] assemblyPaths, System.Boolean enableLogging) [0x00007] in <5016c3a47c2a4a0cbfa8e12eb592279b>:0 

- Loaded All Assemblies, in  0.860 seconds
Refreshing native plugins compatible for Editor in 2.44 ms, found 4 plugins.
Native extension for WindowsStandalone target not found
[Package Manager] Failed to launch server process. Reason: Unity was launched with the -noUpm command-line argument
[Package Manager] Unable to send message (not connected to server process).
[Package Manager] Cannot connect to Unity Package Manager local server
ScheduleIndexationOnStartup MainProcess:False IndexOnStartup:True
Mono: successfully reloaded assembly
- Finished resetting the current domain, in  0.880 seconds
Domain Reload Profiling: 1736ms
	BeginReloadAssembly (260ms)
		ExecutionOrderSort (0ms)
		DisableScriptedObjects (22ms)
		BackupInstance (0ms)
		ReleaseScriptingObjects (0ms)
		CreateAndSetChildDomain (63ms)
	RebuildCommonClasses (45ms)
	RebuildNativeTypeToScriptingClass (13ms)
	initialDomainReloadingComplete (41ms)
	LoadAllAssembliesAndSetupDomain (496ms)
		LoadAssemblies (307ms)
		RebuildTransferFunctionScriptingTraits (0ms)
		AnalyzeDomain (291ms)
			TypeCache.Refresh (9ms)
				TypeCache.ScanAssembly (0ms)
			BuildScriptInfoCaches (265ms)
			ResolveRequiredComponents (11ms)
	FinalizeReload (881ms)
		ReleaseScriptCaches (0ms)
		RebuildScriptCaches (0ms)
		SetupLoadedEditorAssemblies (712ms)
			LogAssemblyErrors (0ms)
			InitializePlatformSupportModulesInManaged (2ms)
			SetLoadedEditorAssemblies (6ms)
			BeforeProcessingInitializeOnLoad (175ms)
			ProcessInitializeOnLoadAttributes (442ms)
			ProcessInitializeOnLoadMethodAttributes (78ms)
			AfterProcessingInitializeOnLoad (10ms)
			EditorAssembliesLoaded (0ms)
		ExecutionOrderSort2 (0ms)
		AwakeInstancesAfterBackupRestoration (15ms)
Refreshing native plugins compatible for Editor in 2.12 ms, found 4 plugins.
Preloading 0 native plugins for Editor in 0.00 ms.
Unloading 16 Unused Serialized files (Serialized files now loaded: 0)
Unloading 6923 unused Assets / (4.7 MB). Loaded Objects now: 7957.
Memory consumption went from 161.4 MB to 156.8 MB.
Total: 10.833000 ms (FindLiveObjects: 0.769000 ms CreateObjectMapping: 0.554000 ms MarkObjects: 6.232500 ms  DeleteObjects: 3.276300 ms)

Prepare: number of updated asset objects reloaded= 0
========================================================================
Received Prepare
Begin MonoManager ReloadAssembly
DirectoryNotFoundException: Could not find a part of the path "C:\Users\Elenilson\Downloads\A-Extraordinaria-Mente-de-Arthur--main\A-Extraordinaria-Mente-de-Arthur--main\Library\PackageCache\com.unity.collections@aea9d3bd5e19\Unity.Collections.Tests\System.Runtime.CompilerServices.Unsafe\System.Runtime.CompilerServices.Unsafe.dll"
  at System.IO.FileStream..ctor (System.String path, System.IO.FileMode mode, System.IO.FileAccess access, System.IO.FileShare share, System.Int32 bufferSize, System.Boolean anonymous, System.IO.FileOptions options) [0x0019e] in <1eb9db207454431c84a47bcd81e79c37>:0 
  at System.IO.FileStream..ctor (System.String path, System.IO.FileMode mode, System.IO.FileAccess access, System.IO.FileShare share) [0x00000] in <1eb9db207454431c84a47bcd81e79c37>:0 
  at (wrapper remoting-invoke-with-check) System.IO.FileStream..ctor(string,System.IO.FileMode,System.IO.FileAccess,System.IO.FileShare)
  at Mono.Cecil.ModuleDefinition.GetFileStream (System.String fileName, System.IO.FileMode mode, System.IO.FileAccess access, System.IO.FileShare share) [0x00006] in <4e339395f8074c75847e518298d9c5fd>:0 
  at Mono.Cecil.ModuleDefinition.ReadModule (System.String fileName, Mono.Cecil.ReaderParameters parameters) [0x00008] in <4e339395f8074c75847e518298d9c5fd>:0 
  at Mono.Cecil.AssemblyDefinition.ReadAssembly (System.String fileName, Mono.Cecil.ReaderParameters parameters) [0x00000] in <4e339395f8074c75847e518298d9c5fd>:0 
  at UnityEditor.AssemblyValidation.LoadAssemblyDefinitions (System.String[] assemblyPaths, System.String[] searchPaths) [0x00048] in <5016c3a47c2a4a0cbfa8e12eb592279b>:0 
  at UnityEditor.AssemblyValidation.ValidateAssemblies (System.String[] assemblyPaths, System.Boolean enableLogging) [0x00007] in <5016c3a47c2a4a0cbfa8e12eb592279b>:0 

- Loaded All Assemblies, in  0.757 seconds
Refreshing native plugins compatible for Editor in 2.36 ms, found 4 plugins.
Native extension for WindowsStandalone target not found
[Package Manager] Failed to launch server process. Reason: Unity was launched with the -noUpm command-line argument
[Package Manager] Unable to send message (not connected to server process).
[Package Manager] Cannot connect to Unity Package Manager local server
ScheduleIndexationOnStartup MainProcess:False IndexOnStartup:True
Mono: successfully reloaded assembly
- Finished resetting the current domain, in  1.031 seconds
Domain Reload Profiling: 1787ms
	BeginReloadAssembly (250ms)
		ExecutionOrderSort (0ms)
		DisableScriptedObjects (14ms)
		BackupInstance (0ms)
		ReleaseScriptingObjects (0ms)
		CreateAndSetChildDomain (62ms)
	RebuildCommonClasses (41ms)
	RebuildNativeTypeToScriptingClass (13ms)
	initialDomainReloadingComplete (34ms)
	LoadAllAssembliesAndSetupDomain (416ms)
		LoadAssemblies (268ms)
		RebuildTransferFunctionScriptingTraits (0ms)
		AnalyzeDomain (255ms)
			TypeCache.Refresh (7ms)
				TypeCache.ScanAssembly (0ms)
			BuildScriptInfoCaches (235ms)
			ResolveRequiredComponents (9ms)
	FinalizeReload (1032ms)
		ReleaseScriptCaches (0ms)
		RebuildScriptCaches (0ms)
		SetupLoadedEditorAssemblies (844ms)
			LogAssemblyErrors (0ms)
			InitializePlatformSupportModulesInManaged (2ms)
			SetLoadedEditorAssemblies (6ms)
			BeforeProcessingInitializeOnLoad (179ms)
			ProcessInitializeOnLoadAttributes (544ms)
			ProcessInitializeOnLoadMethodAttributes (102ms)
			AfterProcessingInitializeOnLoad (10ms)
			EditorAssembliesLoaded (1ms)
		ExecutionOrderSort2 (0ms)
		AwakeInstancesAfterBackupRestoration (22ms)
Refreshing native plugins compatible for Editor in 2.59 ms, found 4 plugins.
Preloading 0 native plugins for Editor in 0.00 ms.
Unloading 16 Unused Serialized files (Serialized files now loaded: 0)
Unloading 6923 unused Assets / (7.5 MB). Loaded Objects now: 7960.
Memory consumption went from 161.5 MB to 154.0 MB.
Total: 19.065800 ms (FindLiveObjects: 1.338100 ms CreateObjectMapping: 1.579400 ms MarkObjects: 9.319500 ms  DeleteObjects: 6.826800 ms)

Prepare: number of updated asset objects reloaded= 0
========================================================================
Received Prepare
Refreshing native plugins compatible for Editor in 7.15 ms, found 4 plugins.
Preloading 0 native plugins for Editor in 0.00 ms.
Unloading 16 Unused Serialized files (Serialized files now loaded: 0)
Unloading 6913 unused Assets / (4.4 MB). Loaded Objects now: 7960.
Memory consumption went from 161.7 MB to 157.2 MB.
Total: 27.293900 ms (FindLiveObjects: 1.538200 ms CreateObjectMapping: 2.152400 ms MarkObjects: 19.007700 ms  DeleteObjects: 4.593700 ms)

Prepare: number of updated asset objects reloaded= 0
========================================================================
Received Prepare
Begin MonoManager ReloadAssembly
[Licensing::Client] Successfully resolved entitlement details
DirectoryNotFoundException: Could not find a part of the path "C:\Users\Elenilson\Downloads\A-Extraordinaria-Mente-de-Arthur--main\A-Extraordinaria-Mente-de-Arthur--main\Library\PackageCache\com.unity.collections@aea9d3bd5e19\Unity.Collections.Tests\System.Runtime.CompilerServices.Unsafe\System.Runtime.CompilerServices.Unsafe.dll"
  at System.IO.FileStream..ctor (System.String path, System.IO.FileMode mode, System.IO.FileAccess access, System.IO.FileShare share, System.Int32 bufferSize, System.Boolean anonymous, System.IO.FileOptions options) [0x0019e] in <1eb9db207454431c84a47bcd81e79c37>:0 
  at System.IO.FileStream..ctor (System.String path, System.IO.FileMode mode, System.IO.FileAccess access, System.IO.FileShare share) [0x00000] in <1eb9db207454431c84a47bcd81e79c37>:0 
  at (wrapper remoting-invoke-with-check) System.IO.FileStream..ctor(string,System.IO.FileMode,System.IO.FileAccess,System.IO.FileShare)
  at Mono.Cecil.ModuleDefinition.GetFileStream (System.String fileName, System.IO.FileMode mode, System.IO.FileAccess access, System.IO.FileShare share) [0x00006] in <4e339395f8074c75847e518298d9c5fd>:0 
  at Mono.Cecil.ModuleDefinition.ReadModule (System.String fileName, Mono.Cecil.ReaderParameters parameters) [0x00008] in <4e339395f8074c75847e518298d9c5fd>:0 
  at Mono.Cecil.AssemblyDefinition.ReadAssembly (System.String fileName, Mono.Cecil.ReaderParameters parameters) [0x00000] in <4e339395f8074c75847e518298d9c5fd>:0 
  at UnityEditor.AssemblyValidation.LoadAssemblyDefinitions (System.String[] assemblyPaths, System.String[] searchPaths) [0x00048] in <5016c3a47c2a4a0cbfa8e12eb592279b>:0 
  at UnityEditor.AssemblyValidation.ValidateAssemblies (System.String[] assemblyPaths, System.Boolean enableLogging) [0x00007] in <5016c3a47c2a4a0cbfa8e12eb592279b>:0 

- Loaded All Assemblies, in  0.901 seconds
Refreshing native plugins compatible for Editor in 2.32 ms, found 4 plugins.
Native extension for WindowsStandalone target not found
[Package Manager] Failed to launch server process. Reason: Unity was launched with the -noUpm command-line argument
[Package Manager] Unable to send message (not connected to server process).
[Package Manager] Cannot connect to Unity Package Manager local server
ScheduleIndexationOnStartup MainProcess:False IndexOnStartup:True
Mono: successfully reloaded assembly
- Finished resetting the current domain, in  0.961 seconds
Domain Reload Profiling: 1860ms
	BeginReloadAssembly (273ms)
		ExecutionOrderSort (0ms)
		DisableScriptedObjects (19ms)
		BackupInstance (0ms)
		ReleaseScriptingObjects (0ms)
		CreateAndSetChildDomain (69ms)
	RebuildCommonClasses (57ms)
	RebuildNativeTypeToScriptingClass (20ms)
	initialDomainReloadingComplete (44ms)
	LoadAllAssembliesAndSetupDomain (505ms)
		LoadAssemblies (316ms)
		RebuildTransferFunctionScriptingTraits (0ms)
		AnalyzeDomain (298ms)
			TypeCache.Refresh (11ms)
				TypeCache.ScanAssembly (1ms)
			BuildScriptInfoCaches (273ms)
			ResolveRequiredComponents (9ms)
	FinalizeReload (961ms)
		ReleaseScriptCaches (0ms)
		RebuildScriptCaches (0ms)
		SetupLoadedEditorAssemblies (758ms)
			LogAssemblyErrors (0ms)
			InitializePlatformSupportModulesInManaged (2ms)
			SetLoadedEditorAssemblies (6ms)
			BeforeProcessingInitializeOnLoad (189ms)
			ProcessInitializeOnLoadAttributes (468ms)
			ProcessInitializeOnLoadMethodAttributes (81ms)
			AfterProcessingInitializeOnLoad (11ms)
			EditorAssembliesLoaded (0ms)
		ExecutionOrderSort2 (0ms)
		AwakeInstancesAfterBackupRestoration (18ms)
Refreshing native plugins compatible for Editor in 2.21 ms, found 4 plugins.
Preloading 0 native plugins for Editor in 0.00 ms.
Unloading 16 Unused Serialized files (Serialized files now loaded: 0)
Unloading 6923 unused Assets / (6.7 MB). Loaded Objects now: 7963.
Memory consumption went from 161.6 MB to 154.8 MB.
Total: 12.532800 ms (FindLiveObjects: 0.864200 ms CreateObjectMapping: 0.571700 ms MarkObjects: 6.608900 ms  DeleteObjects: 4.486500 ms)

Prepare: number of updated asset objects reloaded= 0
========================================================================
Received Prepare
Begin MonoManager ReloadAssembly
[Licensing::Client] Successfully resolved entitlement details
DirectoryNotFoundException: Could not find a part of the path "C:\Users\Elenilson\Downloads\A-Extraordinaria-Mente-de-Arthur--main\A-Extraordinaria-Mente-de-Arthur--main\Library\PackageCache\com.unity.collections@aea9d3bd5e19\Unity.Collections.Tests\System.Runtime.CompilerServices.Unsafe\System.Runtime.CompilerServices.Unsafe.dll"
  at System.IO.FileStream..ctor (System.String path, System.IO.FileMode mode, System.IO.FileAccess access, System.IO.FileShare share, System.Int32 bufferSize, System.Boolean anonymous, System.IO.FileOptions options) [0x0019e] in <1eb9db207454431c84a47bcd81e79c37>:0 
  at System.IO.FileStream..ctor (System.String path, System.IO.FileMode mode, System.IO.FileAccess access, System.IO.FileShare share) [0x00000] in <1eb9db207454431c84a47bcd81e79c37>:0 
  at (wrapper remoting-invoke-with-check) System.IO.FileStream..ctor(string,System.IO.FileMode,System.IO.FileAccess,System.IO.FileShare)
  at Mono.Cecil.ModuleDefinition.GetFileStream (System.String fileName, System.IO.FileMode mode, System.IO.FileAccess access, System.IO.FileShare share) [0x00006] in <4e339395f8074c75847e518298d9c5fd>:0 
  at Mono.Cecil.ModuleDefinition.ReadModule (System.String fileName, Mono.Cecil.ReaderParameters parameters) [0x00008] in <4e339395f8074c75847e518298d9c5fd>:0 
  at Mono.Cecil.AssemblyDefinition.ReadAssembly (System.String fileName, Mono.Cecil.ReaderParameters parameters) [0x00000] in <4e339395f8074c75847e518298d9c5fd>:0 
  at UnityEditor.AssemblyValidation.LoadAssemblyDefinitions (System.String[] assemblyPaths, System.String[] searchPaths) [0x00048] in <5016c3a47c2a4a0cbfa8e12eb592279b>:0 
  at UnityEditor.AssemblyValidation.ValidateAssemblies (System.String[] assemblyPaths, System.Boolean enableLogging) [0x00007] in <5016c3a47c2a4a0cbfa8e12eb592279b>:0 

- Loaded All Assemblies, in  0.725 seconds
Refreshing native plugins compatible for Editor in 1.99 ms, found 4 plugins.
Native extension for WindowsStandalone target not found
[Package Manager] Failed to launch server process. Reason: Unity was launched with the -noUpm command-line argument
[Package Manager] Unable to send message (not connected to server process).
[Package Manager] Cannot connect to Unity Package Manager local server
ScheduleIndexationOnStartup MainProcess:False IndexOnStartup:True
Mono: successfully reloaded assembly
- Finished resetting the current domain, in  1.038 seconds
Domain Reload Profiling: 1759ms
	BeginReloadAssembly (231ms)
		ExecutionOrderSort (0ms)
		DisableScriptedObjects (16ms)
		BackupInstance (0ms)
		ReleaseScriptingObjects (0ms)
		CreateAndSetChildDomain (59ms)
	RebuildCommonClasses (36ms)
	RebuildNativeTypeToScriptingClass (12ms)
	initialDomainReloadingComplete (35ms)
	LoadAllAssembliesAndSetupDomain (406ms)
		LoadAssemblies (262ms)
		RebuildTransferFunctionScriptingTraits (0ms)
		AnalyzeDomain (238ms)
			TypeCache.Refresh (8ms)
				TypeCache.ScanAssembly (0ms)
			BuildScriptInfoCaches (215ms)
			ResolveRequiredComponents (11ms)
	FinalizeReload (1039ms)
		ReleaseScriptCaches (0ms)
		RebuildScriptCaches (0ms)
		SetupLoadedEditorAssemblies (858ms)
			LogAssemblyErrors (0ms)
			InitializePlatformSupportModulesInManaged (2ms)
			SetLoadedEditorAssemblies (5ms)
			BeforeProcessingInitializeOnLoad (186ms)
			ProcessInitializeOnLoadAttributes (558ms)
			ProcessInitializeOnLoadMethodAttributes (96ms)
			AfterProcessingInitializeOnLoad (11ms)
			EditorAssembliesLoaded (0ms)
		ExecutionOrderSort2 (0ms)
		AwakeInstancesAfterBackupRestoration (22ms)
Refreshing native plugins compatible for Editor in 3.52 ms, found 4 plugins.
Preloading 0 native plugins for Editor in 0.00 ms.
Unloading 16 Unused Serialized files (Serialized files now loaded: 0)
Unloading 6923 unused Assets / (4.9 MB). Loaded Objects now: 7966.
Memory consumption went from 161.6 MB to 156.6 MB.
Total: 16.843200 ms (FindLiveObjects: 1.380300 ms CreateObjectMapping: 0.988400 ms MarkObjects: 9.634200 ms  DeleteObjects: 4.838400 ms)

Prepare: number of updated asset objects reloaded= 0
========================================================================
Received Prepare
Begin MonoManager ReloadAssembly
DirectoryNotFoundException: Could not find a part of the path "C:\Users\Elenilson\Downloads\A-Extraordinaria-Mente-de-Arthur--main\A-Extraordinaria-Mente-de-Arthur--main\Library\PackageCache\com.unity.collections@aea9d3bd5e19\Unity.Collections.Tests\System.Runtime.CompilerServices.Unsafe\System.Runtime.CompilerServices.Unsafe.dll"
  at System.IO.FileStream..ctor (System.String path, System.IO.FileMode mode, System.IO.FileAccess access, System.IO.FileShare share, System.Int32 bufferSize, System.Boolean anonymous, System.IO.FileOptions options) [0x0019e] in <1eb9db207454431c84a47bcd81e79c37>:0 
  at System.IO.FileStream..ctor (System.String path, System.IO.FileMode mode, System.IO.FileAccess access, System.IO.FileShare share) [0x00000] in <1eb9db207454431c84a47bcd81e79c37>:0 
  at (wrapper remoting-invoke-with-check) System.IO.FileStream..ctor(string,System.IO.FileMode,System.IO.FileAccess,System.IO.FileShare)
  at Mono.Cecil.ModuleDefinition.GetFileStream (System.String fileName, System.IO.FileMode mode, System.IO.FileAccess access, System.IO.FileShare share) [0x00006] in <4e339395f8074c75847e518298d9c5fd>:0 
  at Mono.Cecil.ModuleDefinition.ReadModule (System.String fileName, Mono.Cecil.ReaderParameters parameters) [0x00008] in <4e339395f8074c75847e518298d9c5fd>:0 
  at Mono.Cecil.AssemblyDefinition.ReadAssembly (System.String fileName, Mono.Cecil.ReaderParameters parameters) [0x00000] in <4e339395f8074c75847e518298d9c5fd>:0 
  at UnityEditor.AssemblyValidation.LoadAssemblyDefinitions (System.String[] assemblyPaths, System.String[] searchPaths) [0x00048] in <5016c3a47c2a4a0cbfa8e12eb592279b>:0 
  at UnityEditor.AssemblyValidation.ValidateAssemblies (System.String[] assemblyPaths, System.Boolean enableLogging) [0x00007] in <5016c3a47c2a4a0cbfa8e12eb592279b>:0 

- Loaded All Assemblies, in  0.711 seconds
Refreshing native plugins compatible for Editor in 2.10 ms, found 4 plugins.
Native extension for WindowsStandalone target not found
[Package Manager] Failed to launch server process. Reason: Unity was launched with the -noUpm command-line argument
[Package Manager] Unable to send message (not connected to server process).
[Package Manager] Cannot connect to Unity Package Manager local server
ScheduleIndexationOnStartup MainProcess:False IndexOnStartup:True
Mono: successfully reloaded assembly
- Finished resetting the current domain, in  0.968 seconds
Domain Reload Profiling: 1676ms
	BeginReloadAssembly (217ms)
		ExecutionOrderSort (0ms)
		DisableScriptedObjects (15ms)
		BackupInstance (0ms)
		ReleaseScriptingObjects (0ms)
		CreateAndSetChildDomain (54ms)
	RebuildCommonClasses (34ms)
	RebuildNativeTypeToScriptingClass (12ms)
	initialDomainReloadingComplete (34ms)
	LoadAllAssembliesAndSetupDomain (410ms)
		LoadAssemblies (258ms)
		RebuildTransferFunctionScriptingTraits (0ms)
		AnalyzeDomain (244ms)
			TypeCache.Refresh (7ms)
				TypeCache.ScanAssembly (0ms)
			BuildScriptInfoCaches (222ms)
			ResolveRequiredComponents (10ms)
	FinalizeReload (969ms)
		ReleaseScriptCaches (0ms)
		RebuildScriptCaches (0ms)
		SetupLoadedEditorAssemblies (805ms)
			LogAssemblyErrors (0ms)
			InitializePlatformSupportModulesInManaged (2ms)
			SetLoadedEditorAssemblies (6ms)
			BeforeProcessingInitializeOnLoad (186ms)
			ProcessInitializeOnLoadAttributes (509ms)
			ProcessInitializeOnLoadMethodAttributes (93ms)
			AfterProcessingInitializeOnLoad (10ms)
			EditorAssembliesLoaded (1ms)
		ExecutionOrderSort2 (0ms)
		AwakeInstancesAfterBackupRestoration (18ms)
Refreshing native plugins compatible for Editor in 2.72 ms, found 4 plugins.
Preloading 0 native plugins for Editor in 0.00 ms.
Unloading 16 Unused Serialized files (Serialized files now loaded: 0)
Unloading 6923 unused Assets / (7.3 MB). Loaded Objects now: 7969.
Memory consumption went from 161.6 MB to 154.4 MB.
Total: 19.919700 ms (FindLiveObjects: 1.014700 ms CreateObjectMapping: 1.743500 ms MarkObjects: 9.936800 ms  DeleteObjects: 7.223000 ms)

Prepare: number of updated asset objects reloaded= 0
========================================================================
Received Prepare
Refreshing native plugins compatible for Editor in 5.80 ms, found 4 plugins.
Preloading 0 native plugins for Editor in 0.00 ms.
Unloading 16 Unused Serialized files (Serialized files now loaded: 0)
Unloading 6913 unused Assets / (4.9 MB). Loaded Objects now: 7969.
Memory consumption went from 161.8 MB to 156.9 MB.
Total: 22.842600 ms (FindLiveObjects: 1.576800 ms CreateObjectMapping: 1.996300 ms MarkObjects: 13.314500 ms  DeleteObjects: 5.952300 ms)

Prepare: number of updated asset objects reloaded= 0
========================================================================
Received Prepare
Begin MonoManager ReloadAssembly
[Licensing::Client] Successfully resolved entitlement details
DirectoryNotFoundException: Could not find a part of the path "C:\Users\Elenilson\Downloads\A-Extraordinaria-Mente-de-Arthur--main\A-Extraordinaria-Mente-de-Arthur--main\Library\PackageCache\com.unity.collections@aea9d3bd5e19\Unity.Collections.Tests\System.Runtime.CompilerServices.Unsafe\System.Runtime.CompilerServices.Unsafe.dll"
  at System.IO.FileStream..ctor (System.String path, System.IO.FileMode mode, System.IO.FileAccess access, System.IO.FileShare share, System.Int32 bufferSize, System.Boolean anonymous, System.IO.FileOptions options) [0x0019e] in <1eb9db207454431c84a47bcd81e79c37>:0 
  at System.IO.FileStream..ctor (System.String path, System.IO.FileMode mode, System.IO.FileAccess access, System.IO.FileShare share) [0x00000] in <1eb9db207454431c84a47bcd81e79c37>:0 
  at (wrapper remoting-invoke-with-check) System.IO.FileStream..ctor(string,System.IO.FileMode,System.IO.FileAccess,System.IO.FileShare)
  at Mono.Cecil.ModuleDefinition.GetFileStream (System.String fileName, System.IO.FileMode mode, System.IO.FileAccess access, System.IO.FileShare share) [0x00006] in <4e339395f8074c75847e518298d9c5fd>:0 
  at Mono.Cecil.ModuleDefinition.ReadModule (System.String fileName, Mono.Cecil.ReaderParameters parameters) [0x00008] in <4e339395f8074c75847e518298d9c5fd>:0 
  at Mono.Cecil.AssemblyDefinition.ReadAssembly (System.String fileName, Mono.Cecil.ReaderParameters parameters) [0x00000] in <4e339395f8074c75847e518298d9c5fd>:0 
  at UnityEditor.AssemblyValidation.LoadAssemblyDefinitions (System.String[] assemblyPaths, System.String[] searchPaths) [0x00048] in <5016c3a47c2a4a0cbfa8e12eb592279b>:0 
  at UnityEditor.AssemblyValidation.ValidateAssemblies (System.String[] assemblyPaths, System.Boolean enableLogging) [0x00007] in <5016c3a47c2a4a0cbfa8e12eb592279b>:0 

- Loaded All Assemblies, in  0.904 seconds
Refreshing native plugins compatible for Editor in 3.44 ms, found 4 plugins.
Native extension for WindowsStandalone target not found
[Package Manager] Failed to launch server process. Reason: Unity was launched with the -noUpm command-line argument
[Package Manager] Unable to send message (not connected to server process).
[Package Manager] Cannot connect to Unity Package Manager local server
ScheduleIndexationOnStartup MainProcess:False IndexOnStartup:True
Mono: successfully reloaded assembly
- Finished resetting the current domain, in  1.390 seconds
Domain Reload Profiling: 2288ms
	BeginReloadAssembly (286ms)
		ExecutionOrderSort (0ms)
		DisableScriptedObjects (23ms)
		BackupInstance (0ms)
		ReleaseScriptingObjects (0ms)
		CreateAndSetChildDomain (69ms)
	RebuildCommonClasses (54ms)
	RebuildNativeTypeToScriptingClass (12ms)
	initialDomainReloadingComplete (46ms)
	LoadAllAssembliesAndSetupDomain (499ms)
		LoadAssemblies (315ms)
		RebuildTransferFunctionScriptingTraits (0ms)
		AnalyzeDomain (301ms)
			TypeCache.Refresh (16ms)
				TypeCache.ScanAssembly (3ms)
			BuildScriptInfoCaches (271ms)
			ResolveRequiredComponents (10ms)
	FinalizeReload (1391ms)
		ReleaseScriptCaches (0ms)
		RebuildScriptCaches (0ms)
		SetupLoadedEditorAssemblies (1124ms)
			LogAssemblyErrors (0ms)
			InitializePlatformSupportModulesInManaged (2ms)
			SetLoadedEditorAssemblies (8ms)
			BeforeProcessingInitializeOnLoad (276ms)
			ProcessInitializeOnLoadAttributes (711ms)
			ProcessInitializeOnLoadMethodAttributes (116ms)
			AfterProcessingInitializeOnLoad (11ms)
			EditorAssembliesLoaded (0ms)
		ExecutionOrderSort2 (0ms)
		AwakeInstancesAfterBackupRestoration (21ms)
Refreshing native plugins compatible for Editor in 3.17 ms, found 4 plugins.
Preloading 0 native plugins for Editor in 0.00 ms.
Unloading 16 Unused Serialized files (Serialized files now loaded: 0)
Unloading 6923 unused Assets / (5.4 MB). Loaded Objects now: 7972.
Memory consumption went from 161.7 MB to 156.3 MB.
Total: 14.979400 ms (FindLiveObjects: 1.288600 ms CreateObjectMapping: 0.770800 ms MarkObjects: 9.021900 ms  DeleteObjects: 3.896800 ms)

Prepare: number of updated asset objects reloaded= 0
========================================================================
Received Prepare
Refreshing native plugins compatible for Editor in 3.75 ms, found 4 plugins.
Preloading 0 native plugins for Editor in 0.00 ms.
Unloading 16 Unused Serialized files (Serialized files now loaded: 0)
Unloading 6913 unused Assets / (5.8 MB). Loaded Objects now: 7972.
Memory consumption went from 161.8 MB to 156.0 MB.
Total: 21.532400 ms (FindLiveObjects: 1.287600 ms CreateObjectMapping: 2.009300 ms MarkObjects: 12.634700 ms  DeleteObjects: 5.598200 ms)

Prepare: number of updated asset objects reloaded= 0
========================================================================
Received Import Request.
  Time since last request: 2329.482780 seconds.
  path: Assets/Prefab/1 real.prefab
  artifactKey: Guid(84f8608bbdccc4d40944fac5053ac81e) Importer(815301076,1909f56bfc062723c751e8b465ee728b)
Start importing Assets/Prefab/1 real.prefab using Guid(84f8608bbdccc4d40944fac5053ac81e) Importer(815301076,1909f56bfc062723c751e8b465ee728b) (PreviewImporter) -> (artifact id: 'e2c9b79a9cf300c47b226392105caebd') in 0.0860035 seconds
Number of updated asset objects reloaded before import = 0Number of asset objects unloaded after import = 8

========================================================================
Received Prepare
Begin MonoManager ReloadAssembly
DirectoryNotFoundException: Could not find a part of the path "C:\Users\Elenilson\Downloads\A-Extraordinaria-Mente-de-Arthur--main\A-Extraordinaria-Mente-de-Arthur--main\Library\PackageCache\com.unity.collections@aea9d3bd5e19\Unity.Collections.Tests\System.Runtime.CompilerServices.Unsafe\System.Runtime.CompilerServices.Unsafe.dll"
  at System.IO.FileStream..ctor (System.String path, System.IO.FileMode mode, System.IO.FileAccess access, System.IO.FileShare share, System.Int32 bufferSize, System.Boolean anonymous, System.IO.FileOptions options) [0x0019e] in <1eb9db207454431c84a47bcd81e79c37>:0 
  at System.IO.FileStream..ctor (System.String path, System.IO.FileMode mode, System.IO.FileAccess access, System.IO.FileShare share) [0x00000] in <1eb9db207454431c84a47bcd81e79c37>:0 
  at (wrapper remoting-invoke-with-check) System.IO.FileStream..ctor(string,System.IO.FileMode,System.IO.FileAccess,System.IO.FileShare)
  at Mono.Cecil.ModuleDefinition.GetFileStream (System.String fileName, System.IO.FileMode mode, System.IO.FileAccess access, System.IO.FileShare share) [0x00006] in <4e339395f8074c75847e518298d9c5fd>:0 
  at Mono.Cecil.ModuleDefinition.ReadModule (System.String fileName, Mono.Cecil.ReaderParameters parameters) [0x00008] in <4e339395f8074c75847e518298d9c5fd>:0 
  at Mono.Cecil.AssemblyDefinition.ReadAssembly (System.String fileName, Mono.Cecil.ReaderParameters parameters) [0x00000] in <4e339395f8074c75847e518298d9c5fd>:0 
  at UnityEditor.AssemblyValidation.LoadAssemblyDefinitions (System.String[] assemblyPaths, System.String[] searchPaths) [0x00048] in <5016c3a47c2a4a0cbfa8e12eb592279b>:0 
  at UnityEditor.AssemblyValidation.ValidateAssemblies (System.String[] assemblyPaths, System.Boolean enableLogging) [0x00007] in <5016c3a47c2a4a0cbfa8e12eb592279b>:0 

- Loaded All Assemblies, in  0.851 seconds
Refreshing native plugins compatible for Editor in 2.40 ms, found 4 plugins.
Native extension for WindowsStandalone target not found
[Package Manager] Failed to launch server process. Reason: Unity was launched with the -noUpm command-line argument
[Package Manager] Unable to send message (not connected to server process).
[Package Manager] Cannot connect to Unity Package Manager local server
ScheduleIndexationOnStartup MainProcess:False IndexOnStartup:True
Mono: successfully reloaded assembly
- Finished resetting the current domain, in  0.947 seconds
Domain Reload Profiling: 1793ms
	BeginReloadAssembly (259ms)
		ExecutionOrderSort (0ms)
		DisableScriptedObjects (18ms)
		BackupInstance (0ms)
		ReleaseScriptingObjects (0ms)
		CreateAndSetChildDomain (64ms)
	RebuildCommonClasses (44ms)
	RebuildNativeTypeToScriptingClass (12ms)
	initialDomainReloadingComplete (40ms)
	LoadAllAssembliesAndSetupDomain (491ms)
		LoadAssemblies (306ms)
		RebuildTransferFunctionScriptingTraits (0ms)
		AnalyzeDomain (297ms)
			TypeCache.Refresh (13ms)
				TypeCache.ScanAssembly (1ms)
			BuildScriptInfoCaches (265ms)
			ResolveRequiredComponents (13ms)
	FinalizeReload (948ms)
		ReleaseScriptCaches (0ms)
		RebuildScriptCaches (0ms)
		SetupLoadedEditorAssemblies (762ms)
			LogAssemblyErrors (0ms)
			InitializePlatformSupportModulesInManaged (2ms)
			SetLoadedEditorAssemblies (5ms)
			BeforeProcessingInitializeOnLoad (178ms)
			ProcessInitializeOnLoadAttributes (473ms)
			ProcessInitializeOnLoadMethodAttributes (94ms)
			AfterProcessingInitializeOnLoad (10ms)
			EditorAssembliesLoaded (1ms)
		ExecutionOrderSort2 (0ms)
		AwakeInstancesAfterBackupRestoration (17ms)
Refreshing native plugins compatible for Editor in 2.26 ms, found 4 plugins.
Preloading 0 native plugins for Editor in 0.00 ms.
Unloading 16 Unused Serialized files (Serialized files now loaded: 0)
Unloading 6923 unused Assets / (3.0 MB). Loaded Objects now: 7975.
Memory consumption went from 161.7 MB to 158.7 MB.
Total: 12.193400 ms (FindLiveObjects: 1.109600 ms CreateObjectMapping: 1.687800 ms MarkObjects: 6.724000 ms  DeleteObjects: 2.670900 ms)

Prepare: number of updated asset objects reloaded= 0
========================================================================
Received Prepare
Begin MonoManager ReloadAssembly
DirectoryNotFoundException: Could not find a part of the path "C:\Users\Elenilson\Downloads\A-Extraordinaria-Mente-de-Arthur--main\A-Extraordinaria-Mente-de-Arthur--main\Library\PackageCache\com.unity.collections@aea9d3bd5e19\Unity.Collections.Tests\System.Runtime.CompilerServices.Unsafe\System.Runtime.CompilerServices.Unsafe.dll"
  at System.IO.FileStream..ctor (System.String path, System.IO.FileMode mode, System.IO.FileAccess access, System.IO.FileShare share, System.Int32 bufferSize, System.Boolean anonymous, System.IO.FileOptions options) [0x0019e] in <1eb9db207454431c84a47bcd81e79c37>:0 
  at System.IO.FileStream..ctor (System.String path, System.IO.FileMode mode, System.IO.FileAccess access, System.IO.FileShare share) [0x00000] in <1eb9db207454431c84a47bcd81e79c37>:0 
  at (wrapper remoting-invoke-with-check) System.IO.FileStream..ctor(string,System.IO.FileMode,System.IO.FileAccess,System.IO.FileShare)
  at Mono.Cecil.ModuleDefinition.GetFileStream (System.String fileName, System.IO.FileMode mode, System.IO.FileAccess access, System.IO.FileShare share) [0x00006] in <4e339395f8074c75847e518298d9c5fd>:0 
  at Mono.Cecil.ModuleDefinition.ReadModule (System.String fileName, Mono.Cecil.ReaderParameters parameters) [0x00008] in <4e339395f8074c75847e518298d9c5fd>:0 
  at Mono.Cecil.AssemblyDefinition.ReadAssembly (System.String fileName, Mono.Cecil.ReaderParameters parameters) [0x00000] in <4e339395f8074c75847e518298d9c5fd>:0 
  at UnityEditor.AssemblyValidation.LoadAssemblyDefinitions (System.String[] assemblyPaths, System.String[] searchPaths) [0x00048] in <5016c3a47c2a4a0cbfa8e12eb592279b>:0 
  at UnityEditor.AssemblyValidation.ValidateAssemblies (System.String[] assemblyPaths, System.Boolean enableLogging) [0x00007] in <5016c3a47c2a4a0cbfa8e12eb592279b>:0 

- Loaded All Assemblies, in  0.709 seconds
Refreshing native plugins compatible for Editor in 2.14 ms, found 4 plugins.
Native extension for WindowsStandalone target not found
[Package Manager] Failed to launch server process. Reason: Unity was launched with the -noUpm command-line argument
[Package Manager] Unable to send message (not connected to server process).
[Package Manager] Cannot connect to Unity Package Manager local server
ScheduleIndexationOnStartup MainProcess:False IndexOnStartup:True
Mono: successfully reloaded assembly
- Finished resetting the current domain, in  0.986 seconds
Domain Reload Profiling: 1691ms
	BeginReloadAssembly (222ms)
		ExecutionOrderSort (0ms)
		DisableScriptedObjects (15ms)
		BackupInstance (0ms)
		ReleaseScriptingObjects (0ms)
		CreateAndSetChildDomain (50ms)
	RebuildCommonClasses (39ms)
	RebuildNativeTypeToScriptingClass (12ms)
	initialDomainReloadingComplete (36ms)
	LoadAllAssembliesAndSetupDomain (396ms)
		LoadAssemblies (262ms)
		RebuildTransferFunctionScriptingTraits (0ms)
		AnalyzeDomain (229ms)
			TypeCache.Refresh (6ms)
				TypeCache.ScanAssembly (0ms)
			BuildScriptInfoCaches (209ms)
			ResolveRequiredComponents (9ms)
	FinalizeReload (986ms)
		ReleaseScriptCaches (0ms)
		RebuildScriptCaches (0ms)
		SetupLoadedEditorAssemblies (828ms)
			LogAssemblyErrors (0ms)
			InitializePlatformSupportModulesInManaged (2ms)
			SetLoadedEditorAssemblies (5ms)
			BeforeProcessingInitializeOnLoad (181ms)
			ProcessInitializeOnLoadAttributes (525ms)
			ProcessInitializeOnLoadMethodAttributes (105ms)
			AfterProcessingInitializeOnLoad (11ms)
			EditorAssembliesLoaded (0ms)
		ExecutionOrderSort2 (0ms)
		AwakeInstancesAfterBackupRestoration (20ms)
Refreshing native plugins compatible for Editor in 2.90 ms, found 4 plugins.
Preloading 0 native plugins for Editor in 0.00 ms.
Unloading 16 Unused Serialized files (Serialized files now loaded: 0)
Unloading 6923 unused Assets / (4.8 MB). Loaded Objects now: 7978.
Memory consumption went from 161.7 MB to 156.9 MB.
Total: 15.844900 ms (FindLiveObjects: 1.116500 ms CreateObjectMapping: 1.612400 ms MarkObjects: 9.159200 ms  DeleteObjects: 3.955200 ms)

Prepare: number of updated asset objects reloaded= 0
